Date,Open,High,Low,Close,AdjClose
2000-01-03,148.2500,148.2500,143.8750,145.4375,91.1328
2000-01-04,143.5312,144.0625,139.6406,139.7500,87.5689
2000-01-05,139.9375,141.5312,137.2500,140.0000,87.7255
2000-01-06,139.6250,141.5000,137.7500,137.7500,86.3157
2000-01-07,140.3125,145.7500,140.0625,145.7500,91.3286
2000-01-10,146.2500,146.9062,145.0312,146.2500,91.6419
2000-01-11,145.8125,146.0938,143.5000,144.5000,90.5453
2000-01-12,144.5938,144.5938,142.8750,143.0625,89.6446
2000-01-13,144.4688,145.7500,143.2812,145.0000,90.8586
2000-01-14,146.5312,147.4688,145.9688,146.9688,92.0922
2000-01-18,145.3438,146.6250,145.1875,145.8125,91.3678
2000-01-19,145.3125,147.0000,145.0000,147.0000,92.1118
2000-01-20,146.9688,146.9688,143.8125,144.7500,90.7019
2000-01-21,145.5000,145.5000,144.0625,144.4375,90.5061
2000-01-24,145.6562,145.8438,139.4062,140.3438,87.9409
2000-01-25,140.5156,141.9375,139.0000,141.9375,88.9396
2000-01-26,141.0000,141.5469,140.0938,140.8125,88.2347
2000-01-27,141.8438,142.2188,138.1250,140.2500,87.8822
2000-01-28,139.4375,140.0625,135.5312,135.8750,85.1408
2000-01-31,135.8125,139.6719,135.0000,139.5625,87.4514
2000-02-01,139.7500,141.6875,138.5312,140.9375,88.3130
2000-02-02,141.2812,142.2500,140.3750,141.0625,88.3914
2000-02-03,140.8750,143.2500,140.0000,143.1875,89.7229
2000-02-04,143.1875,144.0000,142.1250,142.5938,89.3508
2000-02-07,142.5625,142.7812,141.4375,142.3750,89.2138
2000-02-08,143.9688,144.5625,143.6250,144.3125,90.4278
2000-02-09,144.4688,144.4688,141.2656,141.2812,88.5284
2000-02-10,141.6250,142.5625,140.8750,141.5625,88.7047
2000-02-11,141.8438,141.9375,138.0312,138.6875,86.9031
2000-02-14,139.7812,139.7812,138.3125,139.5000,87.4122
2000-02-15,139.2500,141.2188,137.7969,141.0781,88.4011
2000-02-16,140.3750,140.9375,138.7969,139.0000,87.0989
2000-02-17,140.4375,140.4375,138.2188,138.2812,86.6485
2000-02-18,138.8750,138.8750,134.6250,135.3125,84.7883
2000-02-22,135.1875,136.3438,133.5312,134.9688,84.5729
2000-02-23,135.6250,137.4688,134.5000,136.5625,85.5716
2000-02-24,136.6875,137.0312,133.0938,133.8125,83.8484
2000-02-25,135.1875,136.7188,133.1250,133.3281,83.5449
2000-02-28,133.3750,136.6875,132.7188,136.1250,85.2975
2000-02-29,136.0625,137.4375,135.7500,137.4375,86.1199
2000-03-01,137.6250,139.0000,137.2188,138.4375,86.7465
2000-03-02,138.6875,139.1250,137.3438,138.5312,86.8053
2000-03-03,140.4375,141.7188,139.7188,141.1250,88.4305
2000-03-06,140.8125,141.3438,138.7500,139.7500,87.5689
2000-03-07,140.0000,140.1562,135.2188,137.0469,85.8751
2000-03-08,136.4688,137.8438,135.0312,136.8750,85.7674
2000-03-09,137.2500,140.8750,136.1250,140.8750,88.2739
2000-03-10,140.1875,142.0000,139.5312,140.1250,87.8039
2000-03-13,136.6875,140.4688,135.6875,138.5938,86.8444
2000-03-14,139.2812,140.0938,136.1562,136.6250,85.6107
2000-03-15,136.8750,140.4375,136.0625,139.8125,87.6081
2000-03-16,141.6250,146.8438,140.8750,146.3438,91.7006
2000-03-17,145.8125,148.0000,145.4375,146.9375,92.3067
2000-03-20,146.8750,147.3438,144.7812,146.1875,91.8355
2000-03-21,145.5312,149.7500,144.5000,149.1875,93.7202
2000-03-22,149.5625,150.8438,148.6875,150.0938,94.2894
2000-03-23,149.1562,153.4688,149.1562,152.6562,95.8992
2000-03-24,152.8750,155.7500,151.7188,153.5625,96.4685
2000-03-27,153.3750,153.7812,151.8125,151.9375,95.4477
2000-03-28,151.2500,152.9844,150.5938,151.0625,94.8980
2000-03-29,151.5625,152.4844,149.6562,151.2188,94.9962
2000-03-30,150.1562,151.9219,147.1250,148.6875,93.4061
2000-03-31,149.6250,152.3125,148.4375,150.3750,94.4661
2000-04-03,150.1250,151.2500,148.6875,151.2500,95.0158
2000-04-04,151.7500,153.0000,141.3906,150.1250,94.3091
2000-04-05,147.8750,150.8125,147.6250,149.1875,93.7202
2000-04-06,150.2500,151.6875,149.0000,150.4844,94.5348
2000-04-07,151.5625,152.1250,150.5000,151.4375,95.1336
2000-04-10,151.7500,153.1094,150.3125,150.8438,94.7606
2000-04-11,150.0000,151.6250,148.3750,150.4062,94.4858
2000-04-12,150.3750,151.1562,146.1562,146.2812,91.8944
2000-04-13,147.4688,148.1562,143.7812,144.2500,90.6184
2000-04-14,142.6250,142.8125,133.5000,136.0000,85.4357
2000-04-17,135.1875,140.7500,134.6875,140.7500,88.4197
2000-04-18,140.5625,144.4688,139.7812,144.4688,90.7558
2000-04-19,144.5000,145.1250,142.5312,143.1250,89.9117
2000-04-20,143.5625,143.9375,142.3750,143.8125,90.3435
2000-04-24,141.5000,143.3125,140.5000,142.2500,89.3620
2000-04-25,144.6250,148.1562,144.4375,148.1562,93.0723
2000-04-26,147.9688,148.7500,146.0000,146.4844,92.0220
2000-04-27,143.0000,147.3438,143.0000,146.0000,91.7177
2000-04-28,147.0000,147.8594,145.0625,145.0938,91.1484
2000-05-01,146.5625,148.4844,145.8438,147.0625,92.3852
2000-05-02,145.5000,147.1250,144.1250,144.1250,90.5399
2000-05-03,144.0000,144.0000,139.7812,140.7500,88.4197
2000-05-04,142.0000,142.3594,140.7500,141.8125,89.0871
2000-05-05,141.0625,144.0000,140.9375,143.5312,90.1669
2000-05-08,142.7500,143.3750,141.8438,142.4531,89.4896
2000-05-09,143.0625,143.4062,140.2656,141.3125,88.7730
2000-05-10,140.5000,140.9688,137.7500,138.1250,86.7706
2000-05-11,140.1250,141.5000,139.1250,141.2812,88.7534
2000-05-12,141.8125,143.4688,141.6250,142.8125,89.7153
2000-05-15,142.7500,145.6094,142.0000,145.2812,91.2662
2000-05-16,146.5625,147.7188,145.3125,146.6875,92.1496
2000-05-17,145.6875,146.1875,144.4688,145.1562,91.1877
2000-05-18,145.6250,146.3125,143.3750,143.3750,90.0687
2000-05-19,142.5625,143.2344,140.4062,141.1250,88.6552
2000-05-22,141.2500,141.4688,137.0000,140.0625,87.9878
2000-05-23,140.4375,140.8125,137.5625,138.0000,86.6921
2000-05-24,138.0000,140.6875,136.5000,140.2500,88.1056
2000-05-25,140.6875,141.8125,137.7188,137.8438,86.5940
2000-05-26,138.8125,139.6875,137.3281,138.0000,86.6921
2000-05-30,140.0000,142.9375,139.4688,142.5000,89.5190
2000-05-31,142.5625,144.0000,142.0938,142.8125,89.7153
2000-06-01,143.6875,145.4375,143.0000,145.3125,91.2859
2000-06-02,148.9375,149.0938,147.4844,147.8438,92.8760
2000-06-05,147.4688,148.2188,146.8750,147.1250,92.4244
2000-06-06,146.6250,147.7812,145.9062,146.4688,92.0122
2000-06-07,146.6250,148.0000,146.0000,147.4844,92.6502
2000-06-08,147.5000,147.7500,146.0625,146.9062,92.2870
2000-06-09,147.5000,147.9688,145.6250,146.5938,92.0907
2000-06-12,146.9688,146.9688,144.8750,144.8750,91.0110
2000-06-13,144.8125,147.7500,144.6250,147.5938,92.7189
2000-06-14,148.2500,148.8750,147.1875,147.8438,92.8760
2000-06-15,148.1250,148.7500,146.8438,148.1562,93.0723
2000-06-16,148.3125,148.3125,145.8750,146.5938,92.3075
2000-06-19,146.4688,149.1562,146.2500,148.4688,93.4882
2000-06-20,148.1875,148.8750,147.0000,147.9375,93.1537
2000-06-21,146.9375,148.4375,146.8906,147.8750,93.1143
2000-06-22,147.5625,147.6875,145.0000,145.6250,91.6975
2000-06-23,145.8125,146.1250,143.8750,144.3750,90.9105
2000-06-26,145.3750,146.2500,144.8750,146.2344,92.0813
2000-06-27,145.9844,146.7188,145.0156,145.1562,91.4024
2000-06-28,145.6250,146.9844,145.3125,145.5625,91.6582
2000-06-29,144.7500,145.7500,143.5156,144.1875,90.7924
2000-06-30,143.9375,145.5938,143.8906,145.2812,91.4811
2000-07-03,145.4375,147.4375,145.1875,147.2812,92.7405
2000-07-05,146.3750,146.6562,144.3750,144.6250,91.0679
2000-07-06,144.9375,146.4688,144.2188,145.7500,91.7763
2000-07-07,146.6875,148.7812,146.2500,148.0938,93.2521
2000-07-10,147.8750,148.9062,147.5312,147.8438,93.0947
2000-07-11,147.4688,149.1250,147.1562,148.1562,93.2915
2000-07-12,149.2812,150.1250,148.6875,149.1250,93.9014
2000-07-13,149.9844,150.3750,149.1875,149.7812,94.3146
2000-07-14,150.4375,151.2500,149.6719,151.2500,95.2395
2000-07-17,150.9844,151.9844,150.6875,151.0000,95.0821
2000-07-18,150.6250,150.6250,149.3438,149.7656,94.3048
2000-07-19,149.4688,149.9062,148.2500,148.5625,93.5472
2000-07-20,149.0000,150.6250,148.8125,150.6250,94.8460
2000-07-21,149.7500,149.7500,147.6875,147.6875,92.9963
2000-07-24,148.1250,148.8594,146.5625,146.8438,92.4650
2000-07-25,147.7500,147.8438,146.7812,147.3125,92.7601
2000-07-26,146.9688,147.1562,145.6406,145.8750,91.8549
2000-07-27,145.9375,146.6250,144.6875,145.3750,91.5401
2000-07-28,145.7188,145.9062,141.5156,142.0938,89.4740
2000-07-31,142.9375,144.1250,142.0625,143.0000,90.0446
2000-08-01,143.6250,144.7188,143.1250,143.8750,90.5956
2000-08-02,143.8750,145.4062,143.6250,144.5938,91.0482
2000-08-03,142.8750,145.8125,142.6250,145.5938,91.6778
2000-08-04,146.3125,146.7188,145.4062,146.3750,92.1698
2000-08-07,146.7188,148.4375,146.3750,148.1250,93.2718
2000-08-08,147.5000,148.8125,147.5000,148.6875,93.6259
2000-08-09,149.1406,149.2188,147.3750,147.4375,92.8389
2000-08-10,147.5312,147.8594,146.2812,146.7188,92.3863
2000-08-11,146.6250,148.0000,145.5625,147.4062,92.8192
2000-08-14,147.7812,149.5625,147.0625,149.2812,93.9998
2000-08-15,149.3438,149.8125,148.5625,149.1562,93.9211
2000-08-16,149.3125,149.9375,147.8438,148.6250,93.5866
2000-08-17,148.6875,150.4375,148.3438,150.1875,94.5704
2000-08-18,150.3750,150.3750,149.2188,149.6875,94.2556
2000-08-21,150.0312,150.7188,149.4062,150.5000,94.7673
2000-08-22,150.5625,151.3125,150.0938,150.2500,94.6099
2000-08-23,149.8125,151.2812,149.2812,150.8438,94.9837
2000-08-24,151.1562,151.5000,150.5000,151.3125,95.2788
2000-08-25,151.1562,151.6250,150.9375,151.2500,95.2395
2000-08-28,151.2500,152.9062,151.2500,151.7656,95.5642
2000-08-29,151.4375,151.8750,150.9062,151.7969,95.5839
2000-08-30,151.3125,151.5000,150.3438,150.3438,94.6689
2000-08-31,151.0625,153.0938,150.9062,152.3438,95.9282
2000-09-01,153.2500,153.5938,152.0000,152.5000,96.0266
2000-09-05,151.8750,152.2031,150.8125,151.2812,95.2592
2000-09-06,151.1875,151.9531,149.5312,149.5625,94.1769
2000-09-07,150.2500,151.0781,149.8281,150.8438,94.9837
2000-09-08,150.2812,150.5000,149.3281,149.8125,94.3343
2000-09-11,149.7500,151.1875,148.6875,149.5938,94.1966
2000-09-12,149.7500,150.2500,148.4375,148.5000,93.5079
2000-09-13,148.0000,149.3438,147.6562,148.8906,93.7539
2000-09-14,149.8750,149.9375,148.1562,149.6406,94.2261
2000-09-15,148.1875,148.2500,146.0000,146.0000,92.1646
2000-09-18,146.3750,146.9688,144.2031,144.6562,91.3164
2000-09-19,145.1250,146.3125,144.7031,145.9688,92.1449
2000-09-20,145.6875,146.0312,143.1562,144.8906,91.4644
2000-09-21,144.4688,145.5625,142.6250,142.6875,90.0736
2000-09-22,142.6250,145.3125,142.4219,145.2812,91.7110
2000-09-25,145.9375,146.0625,143.7188,144.2500,91.0600
2000-09-26,144.3750,145.0000,142.4062,142.4062,89.8961
2000-09-27,143.5625,143.9688,142.1250,143.1562,90.3695
2000-09-28,143.1875,146.3281,142.8906,145.0000,91.5334
2000-09-29,145.4688,145.9688,143.6250,143.6250,90.6654
2000-10-02,144.2812,144.9062,143.1406,143.8438,90.8034
2000-10-03,144.5312,145.7500,142.2812,142.5000,89.9552
2000-10-04,142.8750,144.2500,141.7500,143.6875,90.7049
2000-10-05,143.4062,144.8438,143.3125,144.1875,91.0205
2000-10-06,143.8750,144.6406,139.7500,141.0625,89.0478
2000-10-09,141.3125,141.3125,139.3750,140.0000,88.3770
2000-10-10,140.0938,141.2500,137.6875,137.6875,86.9172
2000-10-11,137.6250,138.6250,135.1250,136.5312,86.1874
2000-10-12,137.2812,137.5938,132.7812,133.1250,84.0371
2000-10-13,132.9375,137.6562,132.8750,137.5625,86.8384
2000-10-16,137.4062,138.2344,136.6875,138.1875,87.2329
2000-10-17,138.4375,138.5625,134.4062,134.7500,85.0629
2000-10-18,132.6250,136.1250,130.1562,134.2500,84.7473
2000-10-19,136.8438,139.4531,136.4375,139.3125,87.9430
2000-10-20,138.3750,141.1875,138.3750,139.9062,88.3179
2000-10-23,139.9375,141.0312,138.9375,140.5312,88.7124
2000-10-24,140.9688,141.9375,139.0000,139.5938,88.1206
2000-10-25,138.7500,139.5625,136.1250,136.3125,86.0493
2000-10-26,137.1250,137.6562,134.0312,136.6875,86.2860
2000-10-27,137.8750,139.2812,136.6250,139.2812,87.9233
2000-10-30,138.4375,141.0938,138.1562,140.5312,88.7124
2000-10-31,141.0156,143.6875,140.0625,142.9531,90.2413
2000-11-01,142.2500,143.2500,141.2188,142.4688,89.9355
2000-11-02,143.1562,143.9062,142.5156,142.7031,90.0834
2000-11-03,143.4688,143.7500,142.3750,142.7812,90.1327
2000-11-06,143.1562,144.2969,143.0312,143.7812,90.7641
2000-11-07,143.1406,144.0000,142.5625,143.7500,90.7443
2000-11-08,144.0625,144.0625,140.5625,140.5625,88.7321
2000-11-09,140.0000,141.2188,137.2500,140.0312,88.3968
2000-11-10,139.0000,139.4688,136.5312,136.6250,86.2465
2000-11-13,135.6250,136.9844,133.0156,135.5625,85.5758
2000-11-14,137.4688,139.6250,137.0000,139.1250,87.8247
2000-11-15,139.0625,140.1094,137.7500,139.5625,88.1009
2000-11-16,138.5781,139.8750,137.3125,137.3750,86.7200
2000-11-17,137.3125,139.0000,135.7500,136.6406,86.2564
2000-11-20,135.7500,136.3750,134.3125,134.6875,85.0234
2000-11-21,134.8750,136.1875,133.5156,135.3750,85.4575
2000-11-22,134.3438,134.8750,132.1250,132.1406,83.4157
2000-11-24,133.6250,134.9688,133.6250,134.8438,85.1221
2000-11-27,136.4688,136.6875,135.3125,136.0312,85.8717
2000-11-28,135.1250,136.5938,133.6406,133.6875,84.3922
2000-11-29,134.3750,135.9062,133.2656,133.4375,84.2344
2000-11-30,132.5000,133.5000,129.7500,132.2812,83.5045
2000-12-01,133.1875,134.0625,131.0000,132.2188,83.4650
2000-12-04,131.8750,133.8750,131.5000,133.3438,84.1752
2000-12-05,134.8750,138.2500,134.4062,137.7188,86.9370
2000-12-06,137.7812,138.3438,135.0312,135.5156,85.5462
2000-12-07,134.8750,135.8750,133.6562,133.6562,84.3725
2000-12-08,137.0625,139.4688,133.8750,133.9688,84.5697
2000-12-11,137.3750,139.5625,136.7188,138.6250,87.5090
2000-12-12,138.1875,138.8125,137.3750,138.0312,87.1343
2000-12-13,139.2500,139.4062,136.0312,136.1406,85.9408
2000-12-14,135.8750,136.5000,134.0312,134.4062,84.8459
2000-12-15,133.1250,133.1250,130.5625,130.9688,82.9295
2000-12-18,132.0625,133.4688,131.7656,132.7188,84.0377
2000-12-19,132.4688,134.9688,130.0156,130.0156,82.3260
2000-12-20,128.6250,128.9375,126.0938,126.2500,79.9416
2000-12-21,126.0000,128.8594,125.5312,127.1250,80.4956
2000-12-22,129.0000,131.1094,128.8438,130.9375,82.9098
2000-12-26,130.8438,132.3438,130.2812,132.3438,83.8002
2000-12-27,131.7500,133.7344,131.2500,133.3125,84.4136
2000-12-28,132.8125,133.8750,132.5938,133.7188,84.6708
2000-12-29,134.0625,134.2812,131.1875,131.1875,83.0681
2001-01-02,132.0000,132.1562,127.5625,128.8125,81.5642
2001-01-03,128.3125,136.0000,127.6562,135.0000,85.4821
2001-01-04,134.9375,135.4688,133.0000,133.5469,84.5620
2001-01-05,133.4688,133.6250,129.1875,129.1875,81.8016
2001-01-08,129.8750,130.1875,127.6875,130.1875,82.4348
2001-01-09,131.0469,131.5000,129.4219,129.8438,82.2172
2001-01-10,129.0000,132.1250,128.8125,132.1250,83.6617
2001-01-11,131.0938,133.4844,131.0938,132.2500,83.7409
2001-01-12,132.6875,133.7188,131.2812,132.0000,83.5825
2001-01-16,132.0000,133.1875,131.5156,132.8438,84.1168
2001-01-17,134.8438,135.0469,132.6406,133.4531,84.5026
2001-01-18,133.4375,135.7031,132.9375,134.7812,85.3436
2001-01-19,136.1875,136.1875,133.8750,134.0156,84.8588
2001-01-22,134.2500,135.7812,133.5625,134.9062,85.4228
2001-01-23,134.4688,136.6562,134.1562,135.9688,86.0956
2001-01-24,136.2500,137.3125,135.8438,136.3750,86.3528
2001-01-25,136.2500,137.2500,135.6562,136.0312,86.1351
2001-01-26,135.1562,136.1250,134.4531,135.8750,86.0361
2001-01-29,135.5000,136.9000,135.3700,136.6000,86.4952
2001-01-30,136.3000,137.9200,135.7900,137.8000,87.2551
2001-01-31,137.4000,138.7000,136.6000,137.0200,86.7612
2001-02-01,137.1000,137.9500,136.2500,137.9300,87.3374
2001-02-02,137.4000,137.9900,134.7500,134.8000,85.3555
2001-02-05,134.8000,135.9400,134.7500,135.7900,85.9823
2001-02-06,135.3000,136.7000,135.2200,135.3900,85.7291
2001-02-07,134.7200,135.4000,133.6800,134.6900,85.2858
2001-02-08,134.8000,135.4000,133.1000,133.1200,84.2917
2001-02-09,133.3500,133.3500,131.2600,131.8400,83.4812
2001-02-12,131.7000,133.5000,131.7000,133.3500,84.4373
2001-02-13,133.7000,134.1700,132.0000,132.2600,83.7472
2001-02-14,132.6500,132.6500,130.6600,132.0600,83.6205
2001-02-15,132.8400,133.5200,131.9900,133.3400,84.4310
2001-02-16,131.0000,131.2900,129.3000,130.4000,82.5694
2001-02-20,131.0400,131.1400,128.1000,128.3900,81.2966
2001-02-21,127.9000,128.8400,125.5000,125.6200,79.5427
2001-02-22,126.3500,126.5400,123.0200,125.8100,79.6630
2001-02-23,125.0800,125.5400,121.8000,124.9600,79.1248
2001-02-26,125.8000,127.6200,124.5000,127.6200,80.8091
2001-02-27,126.8000,127.8400,125.5100,126.4400,80.0619
2001-02-28,126.7500,126.8400,123.2700,123.9500,78.4853
2001-03-01,124.0500,124.6000,121.7500,124.6000,78.8968
2001-03-02,122.5000,125.6500,122.3000,123.6100,78.2700
2001-03-05,124.1500,124.7800,123.8100,124.7400,78.9855
2001-03-06,126.3500,127.7500,125.4900,126.0800,79.8340
2001-03-07,126.9000,127.0400,125.7600,126.9800,80.4038
2001-03-08,126.6000,127.2400,126.1400,127.1200,80.4925
2001-03-09,126.1000,126.1000,123.1100,123.3600,78.1117
2001-03-12,122.3400,122.5000,117.7500,118.0800,74.7684
2001-03-13,119.4000,120.4400,117.5300,120.0200,75.9968
2001-03-14,117.0500,119.2900,115.7500,117.6500,74.4961
2001-03-15,118.4500,118.8600,117.3600,117.6800,74.5151
2001-03-16,117.1300,117.4000,114.8100,115.0100,73.0205
2001-03-19,115.7600,117.6900,114.8200,117.3500,74.5062
2001-03-20,117.9000,118.4600,114.1100,114.2000,72.5063
2001-03-21,114.1800,115.2600,111.9000,112.2600,71.2746
2001-03-22,112.0200,112.6000,108.0400,111.1200,70.5508
2001-03-23,113.2500,114.6600,111.5000,114.4800,72.6840
2001-03-26,115.7000,116.2700,114.7700,115.9400,73.6110
2001-03-27,115.6200,118.6500,115.2800,118.3100,75.1157
2001-03-28,116.9000,116.9500,114.9000,115.0400,73.0396
2001-03-29,114.7000,116.5000,112.1400,115.4800,73.3189
2001-03-30,115.5500,116.6900,114.5000,116.6900,74.0872
2001-04-02,116.3000,117.3800,113.8000,114.2000,72.5063
2001-04-03,113.9800,114.1500,110.0600,110.3900,70.0872
2001-04-04,110.5700,112.1000,109.3000,110.8500,70.3793
2001-04-05,113.3000,115.4900,112.5000,115.0500,73.0459
2001-04-06,113.9900,114.4000,112.0600,113.3000,71.9348
2001-04-09,114.0000,114.9900,112.7800,114.5600,72.7348
2001-04-10,115.4500,117.7500,115.1700,116.6500,74.0618
2001-04-11,118.7800,118.9900,116.1400,116.7300,74.1125
2001-04-12,116.3000,118.9400,115.9600,118.8500,75.4586
2001-04-16,118.2900,118.8900,116.9100,117.6000,74.6649
2001-04-17,117.3100,119.6600,117.0200,119.2600,75.7189
2001-04-18,121.0600,126.0000,120.6900,124.0000,78.7283
2001-04-19,124.2500,125.8400,123.5800,125.6500,79.7759
2001-04-20,124.9000,125.4000,123.6600,124.5000,79.0458
2001-04-23,123.6500,123.8900,121.9100,122.2400,77.6109
2001-04-24,122.5200,123.6500,121.1000,121.5800,77.1918
2001-04-25,121.4200,123.6700,120.9500,123.1700,78.2014
2001-04-26,123.7300,125.2200,123.5000,123.7200,78.5505
2001-04-27,124.9200,125.8400,124.2000,125.7800,79.8585
2001-04-30,126.4500,127.2700,124.6700,126.6600,80.4172
2001-05-01,125.0700,127.1500,124.6000,127.0500,80.6648
2001-05-02,127.4100,127.6900,126.0000,126.8200,80.5188
2001-05-03,126.1300,126.1500,124.2200,125.2100,79.4966
2001-05-04,123.6500,127.3500,123.4400,127.3400,80.8489
2001-05-07,126.8600,127.3800,126.2300,126.2400,80.1505
2001-05-08,126.8600,127.1000,125.5600,126.1800,80.1124
2001-05-09,125.2500,126.5500,125.0600,125.6500,79.7759
2001-05-10,127.2600,127.5000,125.7700,126.0200,80.0108
2001-05-11,126.0000,126.4900,124.4000,125.1500,79.4585
2001-05-14,124.9000,125.4400,124.4600,125.4000,79.6172
2001-05-15,125.5500,126.5000,124.8500,125.9800,79.9855
2001-05-16,124.8400,129.2000,124.6200,128.9500,81.8711
2001-05-17,129.0000,130.0800,128.5600,129.1500,81.9981
2001-05-18,129.0900,129.7400,128.1000,129.7400,82.3727
2001-05-21,129.8400,131.8400,129.1500,131.6500,83.5853
2001-05-22,131.8300,132.0900,131.0700,131.4800,83.4774
2001-05-23,131.0500,131.0500,129.2500,129.2500,82.0616
2001-05-24,129.4700,130.0000,128.5500,129.6300,82.3029
2001-05-25,129.6500,129.7000,127.9000,128.1000,81.3314
2001-05-29,128.2200,128.3500,126.9000,127.0800,80.6838
2001-05-30,126.5900,127.0900,125.0000,125.3000,79.5537
2001-05-31,125.4300,126.7600,125.2600,125.9500,79.9664
2001-06-01,126.2000,127.1000,125.1200,126.7300,80.4616
2001-06-04,126.8000,127.4300,126.0800,127.3400,80.8489
2001-06-05,127.4900,129.2300,127.2700,128.8000,81.7758
2001-06-06,128.8300,128.8300,127.3600,127.7300,81.0965
2001-06-07,127.0500,128.3500,127.0000,128.1900,81.3886
2001-06-08,127.7000,127.8700,126.1400,127.0000,80.6331
2001-06-11,126.7100,126.9900,125.4100,126.1000,80.0616
2001-06-12,124.8600,126.7400,124.0400,125.8800,79.9219
2001-06-13,126.1700,126.5800,124.6500,124.8000,79.2363
2001-06-14,124.1800,124.3000,121.7500,122.0000,77.4585
2001-06-15,120.9100,122.4000,120.4000,121.8500,77.5833
2001-06-18,121.6500,122.4400,120.9100,121.2600,77.2077
2001-06-19,122.3800,122.8900,120.8900,121.7900,77.5451
2001-06-20,121.1900,122.8600,121.1000,122.4300,77.9526
2001-06-21,122.2200,124.3100,122.1500,123.8200,78.8376
2001-06-22,123.4900,123.5900,122.1600,122.8500,78.2200
2001-06-25,123.2800,123.4400,121.5000,121.7200,77.5005
2001-06-26,120.9000,122.3900,120.5700,121.5500,77.3923
2001-06-27,121.6000,122.2400,120.9100,121.4800,77.3477
2001-06-28,122.0000,123.9400,121.9300,122.1500,77.7743
2001-06-29,122.8000,124.0100,122.2600,122.6000,78.0608
2001-07-02,122.8000,124.3200,122.6200,124.1300,79.0350
2001-07-03,123.9800,124.1000,123.0500,124.1000,79.0159
2001-07-05,123.0700,123.6500,121.6600,121.6800,77.4751
2001-07-06,121.3100,121.4900,119.0500,119.0500,75.8005
2001-07-09,119.4900,120.5400,119.2000,119.7000,76.2144
2001-07-10,120.2900,120.6400,118.2100,118.2600,75.2975
2001-07-11,118.1000,118.8900,117.0900,118.3800,75.3739
2001-07-12,119.5000,121.4700,119.3100,121.1900,77.1631
2001-07-13,120.8400,122.3200,120.6200,122.2400,77.8316
2001-07-16,121.7700,122.2800,120.2900,120.7100,76.8574
2001-07-17,120.2000,121.9500,119.8300,121.8400,77.5769
2001-07-18,120.5600,121.6400,120.0600,121.0100,77.0485
2001-07-19,122.1800,122.9800,120.7600,122.0700,77.7234
2001-07-20,121.1500,121.9400,120.9200,121.3400,77.2586
2001-07-23,121.8000,121.8800,118.9500,118.9500,75.7368
2001-07-24,119.0000,119.2000,116.7500,117.8000,75.0046
2001-07-25,117.9200,119.4800,117.4600,119.1000,75.8323
2001-07-26,119.0600,120.8500,118.5600,120.3500,76.6283
2001-07-27,120.8300,121.3500,119.9100,120.8100,76.9211
2001-07-30,121.1900,121.3500,120.3000,120.8500,76.9466
2001-07-31,121.0000,122.6800,120.8000,121.3500,77.2649
2001-08-01,121.9700,122.7000,121.5500,122.1100,77.7489
2001-08-02,123.2300,123.2500,121.8900,122.6100,78.0672
2001-08-03,122.3600,122.3600,120.9000,121.9400,77.6406
2001-08-06,121.3500,121.5100,120.1000,120.3000,76.5964
2001-08-07,120.2700,121.2000,119.9100,120.7700,76.8957
2001-08-08,120.1200,121.1600,118.4300,118.5300,75.4694
2001-08-09,118.7000,118.9700,117.8600,118.8800,75.6923
2001-08-10,118.8000,119.8400,117.3400,119.2900,75.9533
2001-08-13,119.6000,119.8500,118.8100,119.3200,75.9724
2001-08-14,120.1400,120.3500,118.8000,119.2700,75.9406
2001-08-15,119.2300,119.6100,118.0800,118.2400,75.2848
2001-08-16,117.8000,118.7500,117.0000,118.6500,75.5458
2001-08-17,117.6500,117.8700,116.0100,116.7500,74.3361
2001-08-20,116.8000,117.9000,116.5500,117.8300,75.0238
2001-08-21,117.8000,118.5400,115.8000,115.8200,73.7439
2001-08-22,116.7500,117.4300,115.7800,117.0200,74.5080
2001-08-23,116.9600,117.5200,116.4900,116.6000,74.2405
2001-08-24,117.2100,119.1300,116.7400,119.0200,75.7814
2001-08-27,118.9700,119.2000,118.2600,118.3100,75.3293
2001-08-28,118.2800,118.4900,116.5800,116.5800,74.2279
2001-08-29,117.1300,117.1800,115.1700,115.5400,73.5657
2001-08-30,114.8500,115.7400,112.0400,113.3200,72.1521
2001-08-31,113.4000,114.7700,113.1300,114.1500,72.6806
2001-09-04,113.8500,116.1700,113.3700,113.4200,72.2158
2001-09-05,113.7000,114.1900,111.9500,113.7000,72.3941
2001-09-06,112.6500,113.3000,110.7700,110.7700,70.5285
2001-09-07,110.0200,111.2500,108.6300,108.7200,69.2233
2001-09-10,107.7000,110.3500,107.7000,110.0500,70.0701
2001-09-17,101.0000,106.4000,100.0000,104.3000,66.4090
2001-09-18,104.3300,105.3000,103.3600,104.0500,66.2498
2001-09-19,104.1000,104.5000,98.5600,101.9500,64.9127
2001-09-20,100.4000,101.8100,98.5600,98.7100,62.8498
2001-09-21,94.2800,98.9900,93.8000,97.2800,62.1717
2001-09-24,99.7200,101.1600,99.0600,100.7000,64.3574
2001-09-25,100.7500,102.0000,99.9000,101.7500,65.0285
2001-09-26,102.3500,102.4000,100.4300,101.3900,64.7984
2001-09-27,101.2500,102.2900,100.0000,102.2700,65.3608
2001-09-28,102.9800,109.6200,102.5000,104.4400,66.7477
2001-10-01,103.9000,104.3200,102.8300,104.2700,66.6390
2001-10-02,104.0000,105.5800,103.6500,105.5800,67.4762
2001-10-03,104.6000,107.8800,104.3500,107.3500,68.6074
2001-10-04,108.2900,108.9700,106.7500,107.4400,68.6650
2001-10-05,107.2500,107.6200,105.5200,107.2300,68.5308
2001-10-08,106.2700,107.3000,105.8700,106.5300,68.0834
2001-10-09,106.6100,106.7500,105.6000,105.9600,67.7191
2001-10-10,105.8000,108.5500,105.5200,108.3200,69.2274
2001-10-11,108.9500,110.3000,108.9500,110.0000,70.3011
2001-10-12,109.1500,109.8900,107.3000,109.5000,69.9816
2001-10-15,108.6300,109.4500,108.0600,109.3000,69.8537
2001-10-16,109.8000,110.6100,108.9500,109.9900,70.2947
2001-10-17,111.0700,111.1500,107.6500,107.6500,68.7992
2001-10-18,107.8200,108.1600,106.7500,107.4200,68.6522
2001-10-19,107.0000,107.9100,106.0100,107.3500,68.6074
2001-10-22,107.3000,109.5700,107.2100,109.4700,69.9623
2001-10-23,109.9600,110.2800,108.3800,108.9100,69.6045
2001-10-24,108.9800,109.4500,108.2200,108.6200,69.4191
2001-10-25,107.4500,110.6000,106.7400,110.5700,70.6654
2001-10-26,109.9500,111.7900,109.6700,110.3200,70.5056
2001-10-29,110.1600,110.5500,107.4500,107.4500,68.6713
2001-10-30,107.3500,107.7000,105.5600,106.1600,67.8469
2001-10-31,106.9000,107.8600,105.8000,105.8000,67.6168
2001-11-01,106.6000,109.0100,105.7000,108.5100,69.3489
2001-11-02,108.4400,109.3800,107.8700,109.2500,69.8217
2001-11-05,110.1200,111.0900,109.9500,110.6800,70.7357
2001-11-06,110.3500,112.4800,109.8500,112.4000,71.8349
2001-11-07,111.7700,113.1200,111.6400,112.2500,71.7390
2001-11-08,112.8700,114.0800,111.9000,112.6000,71.9627
2001-11-09,112.2500,112.9600,111.4400,112.7200,72.0394
2001-11-12,111.0000,112.6500,110.0000,112.0300,71.5984
2001-11-13,113.4400,114.5500,113.1800,114.5500,73.2090
2001-11-14,115.1700,115.4000,113.7100,114.6600,73.2793
2001-11-15,114.3700,115.1800,113.9300,114.8700,73.4135
2001-11-16,115.0800,115.1000,113.4000,114.3600,73.0876
2001-11-19,114.9200,115.8500,114.4500,115.7700,73.9887
2001-11-20,115.3700,115.8000,114.6400,114.8000,73.3688
2001-11-21,114.5000,114.6700,113.5100,114.0400,72.8830
2001-11-23,114.0400,115.7500,114.0000,115.6800,73.9311
2001-11-26,115.7500,116.3400,115.0700,115.9300,74.0910
2001-11-27,115.6200,116.9000,114.0900,115.4300,73.7714
2001-11-28,114.7400,115.1700,113.2500,113.3400,72.4357
2001-11-29,113.6600,114.9200,113.0000,114.8700,73.4135
2001-11-30,114.4000,114.9100,114.0200,114.0500,72.8894
2001-12-03,113.6500,114.0800,113.0100,113.3700,72.4548
2001-12-04,113.9200,115.3000,113.3500,115.2900,73.6819
2001-12-05,115.6100,118.0000,115.5600,117.4000,75.0304
2001-12-06,117.3400,117.9400,116.9300,117.3400,74.9921
2001-12-07,116.9000,117.0900,115.7000,116.5600,74.4936
2001-12-10,115.8500,116.3900,114.3500,114.3800,73.1003
2001-12-11,114.9000,115.7200,113.9000,114.1500,72.9534
2001-12-12,114.5500,114.7800,113.1100,114.2800,73.0364
2001-12-13,113.4500,113.7000,112.0400,112.0600,71.6176
2001-12-14,112.3300,113.4900,112.0000,113.1300,72.3014
2001-12-17,112.9900,114.3600,112.9000,114.3000,73.0492
2001-12-18,114.6300,115.1500,114.3400,114.9800,73.4838
2001-12-19,114.0900,115.9200,114.0000,115.7900,74.0015
2001-12-20,115.5000,115.8000,114.5500,114.6500,73.2729
2001-12-21,115.0300,115.0700,114.2000,114.9500,73.7173
2001-12-24,114.8300,115.0400,114.6100,114.7300,73.5762
2001-12-26,114.6500,116.2100,114.6500,115.3600,73.9803
2001-12-27,115.3000,116.0800,115.2500,116.0600,74.4291
2001-12-28,116.2900,116.7500,115.9200,116.0000,74.3907
2001-12-31,116.1500,116.3900,114.2300,114.3000,73.3005
2002-01-02,115.1100,115.7500,113.8100,115.5300,74.0893
2002-01-03,115.6500,116.9500,115.5400,116.8400,74.9294
2002-01-04,117.1700,117.9800,116.5500,117.6200,75.4296
2002-01-07,117.7000,117.9900,116.5600,116.7900,74.8973
2002-01-08,116.7900,117.0600,115.9700,116.5200,74.7242
2002-01-09,116.6800,117.7800,115.3400,115.5700,74.1149
2002-01-10,115.6900,116.3500,115.3000,116.0800,74.4420
2002-01-11,116.2100,116.2800,114.7000,114.9400,73.7109
2002-01-14,114.6500,114.8400,113.9600,114.2200,73.2492
2002-01-15,114.5500,115.3900,113.9000,115.1500,73.8456
2002-01-16,114.3000,114.4000,112.6900,112.8200,72.3513
2002-01-17,113.7600,114.2400,113.4000,113.6700,72.8964
2002-01-18,113.0000,113.8500,112.6700,113.1500,72.5630
2002-01-22,113.7500,113.9300,112.0200,112.3700,72.0628
2002-01-23,112.6300,113.5500,112.0200,113.2300,72.6143
2002-01-24,113.6400,114.2500,113.3200,113.5800,72.8387
2002-01-25,113.1200,114.1800,113.0400,113.5500,72.8195
2002-01-28,113.9000,114.1900,112.9200,113.8600,73.0183
2002-01-29,113.8500,114.1300,110.0500,110.2800,70.7225
2002-01-30,110.3900,113.3900,108.4000,111.8700,71.7421
2002-01-31,112.1500,113.3000,111.6200,113.1800,72.5822
2002-02-01,113.0900,113.3000,112.1700,112.6500,72.2423
2002-02-04,112.2300,112.2300,109.4400,109.8500,70.4467
2002-02-05,109.4000,110.4900,108.5300,109.1700,70.0106
2002-02-06,109.6500,109.7400,108.0600,108.7000,69.7092
2002-02-07,108.7200,109.8600,108.0000,108.0200,69.2731
2002-02-08,108.6300,110.7500,108.3000,110.0900,70.6006
2002-02-11,110.0500,111.6400,109.8200,111.4400,71.4663
2002-02-12,110.9600,111.7100,110.0300,111.0900,71.2419
2002-02-13,111.4800,112.5400,111.3500,112.2700,71.9986
2002-02-14,112.5100,112.9700,111.5900,112.0600,71.8640
2002-02-15,112.1500,112.2400,110.7100,110.8900,71.1136
2002-02-19,110.1500,110.2900,108.6100,108.7600,69.7477
2002-02-20,109.0500,110.5900,107.8200,110.5900,70.9213
2002-02-21,109.9300,110.6300,108.2600,108.3000,69.4527
2002-02-22,108.3500,109.9400,107.8700,109.6400,70.3120
2002-02-25,109.7400,111.8100,109.7000,111.4500,71.4728
2002-02-26,111.6000,112.0400,110.5700,111.2200,71.3252
2002-02-27,111.9600,112.8600,110.6500,111.6500,71.6010
2002-02-28,111.8300,112.7500,111.0300,111.1500,71.2804
2002-03-01,111.7200,113.8500,111.5100,113.7400,72.9414
2002-03-04,113.9000,115.9900,113.6500,115.7500,74.2303
2002-03-05,115.3300,116.4000,114.9700,115.3800,73.9931
2002-03-06,115.1000,117.1500,115.0700,116.7500,74.8716
2002-03-07,117.3600,117.5000,115.5700,116.5000,74.7113
2002-03-08,117.3800,117.9000,116.4800,116.9900,75.0256
2002-03-11,116.8900,117.9000,116.4300,117.2400,75.1859
2002-03-12,116.1000,117.2500,115.9400,117.1700,75.1410
2002-03-13,116.6300,116.7500,115.6400,116.0400,74.4163
2002-03-14,116.0400,116.4300,115.6300,115.8800,74.3137
2002-03-15,115.9700,116.9500,115.9000,116.6500,75.0218
2002-03-18,117.1000,117.5600,116.1000,116.6700,75.0347
2002-03-19,117.3000,117.7400,116.8200,117.4500,75.5363
2002-03-20,116.5000,116.5800,115.1900,115.2400,74.1150
2002-03-21,115.3000,115.9000,114.1200,115.2900,74.1471
2002-03-22,115.5000,115.9400,114.7000,115.0400,73.9864
2002-03-25,115.0900,115.3600,113.3000,113.6100,73.0667
2002-03-26,113.5200,115.0200,113.4700,114.2700,73.4911
2002-03-27,114.0300,115.0100,113.7600,114.5700,73.6841
2002-03-28,114.9700,115.7700,114.5000,114.5200,73.6519
2002-04-01,114.2300,115.1000,113.5000,114.5700,73.6841
2002-04-02,113.9800,114.9500,113.7700,113.9400,73.2789
2002-04-03,114.0100,114.2100,112.1600,113.1400,72.7644
2002-04-04,112.6000,113.4000,112.2300,112.6700,72.4621
2002-04-05,113.1900,113.6300,112.1800,112.6900,72.4750
2002-04-08,111.3200,113.0300,111.2300,112.9300,72.6293
2002-04-09,113.1800,113.1800,111.9300,112.1400,72.1212
2002-04-10,112.1000,113.5400,112.0900,113.4100,72.9381
2002-04-11,112.8900,113.0500,110.5000,110.5900,71.1244
2002-04-12,111.0200,111.6500,110.0400,111.4200,71.6582
2002-04-15,111.6200,111.8600,110.2000,110.5700,71.1115
2002-04-16,111.7000,113.3200,111.6700,113.2000,72.8030
2002-04-17,113.3900,113.6700,112.6000,112.9600,72.6486
2002-04-18,112.9000,113.4600,111.1500,112.4700,72.3335
2002-04-19,113.2000,113.2400,112.5600,112.8800,72.5972
2002-04-22,112.3800,112.4300,110.8400,111.0000,71.3881
2002-04-23,111.0900,111.4800,110.1700,110.5200,71.0794
2002-04-24,110.5600,111.8100,109.4000,109.4100,70.3655
2002-04-25,109.2100,109.7400,108.7200,109.4700,70.4041
2002-04-26,109.7900,110.0100,107.2900,107.3900,69.0664
2002-04-29,107.9300,108.2600,106.6300,106.8600,68.7255
2002-04-30,107.0200,108.6400,106.6400,107.8600,69.3686
2002-05-01,107.9700,109.2500,106.8000,109.1800,70.2176
2002-05-02,109.1000,109.9100,107.7800,108.7600,69.9475
2002-05-03,108.6000,108.7600,107.2000,107.5800,69.1886
2002-05-06,107.6400,107.9900,105.3100,105.4700,67.8315
2002-05-07,106.1000,106.3200,104.9000,105.1000,67.5936
2002-05-08,107.0500,109.3600,106.7900,109.0100,70.1083
2002-05-09,108.6500,109.1000,107.5800,107.7500,69.2979
2002-05-10,107.9700,108.0500,105.6000,105.7200,67.9923
2002-05-13,106.2200,107.9500,105.7900,107.8700,69.3751
2002-05-14,109.6200,110.3700,109.0000,110.2200,70.8864
2002-05-15,109.5000,110.9100,109.2900,109.7900,70.6099
2002-05-16,109.7000,110.4800,109.3300,110.3600,70.9765
2002-05-17,110.6600,111.2500,110.1000,110.9000,71.3238
2002-05-20,110.6400,110.6900,109.4900,109.7000,70.5520
2002-05-21,110.1100,110.4800,108.3200,108.7000,69.9089
2002-05-22,108.2200,109.1200,108.0000,108.9400,70.0632
2002-05-23,109.2600,110.3600,108.4800,110.1000,70.8093
2002-05-24,109.9800,110.2000,108.6100,108.6900,69.9025
2002-05-28,109.0500,109.1300,107.4500,108.1000,69.5230
2002-05-29,107.6200,108.0200,107.1300,107.3000,69.0085
2002-05-30,106.5500,107.5100,105.9000,107.0000,68.8155
2002-05-31,107.4000,108.5600,106.8500,107.2200,68.9570
2002-06-03,107.0900,107.6000,104.1300,104.3700,67.1241
2002-06-04,104.1500,105.2000,103.5500,104.6300,67.2913
2002-06-05,104.9500,105.6700,104.3500,105.6100,67.9216
2002-06-06,105.5400,105.6000,103.1500,103.4600,66.5388
2002-06-07,101.7800,103.9200,101.7200,103.3400,66.4617
2002-06-10,103.2400,104.4600,103.0200,103.7400,66.7189
2002-06-11,104.1300,104.5400,101.7300,101.9600,65.5742
2002-06-12,101.7100,102.8100,100.7800,102.5800,65.9729
2002-06-13,102.1300,103.0000,101.3400,101.5500,65.3104
2002-06-14,100.3100,101.5600,98.5000,101.4000,65.2140
2002-06-17,101.9200,104.3400,101.8500,104.1200,66.9633
2002-06-18,103.7400,105.0300,103.6300,104.9700,67.5100
2002-06-19,103.5000,104.4300,102.2400,102.5200,65.9343
2002-06-20,102.2600,103.0500,100.9600,101.2100,65.0918
2002-06-21,100.4700,100.9300,98.6800,99.2800,64.0740
2002-06-24,98.6100,100.6900,97.2500,99.8000,64.4096
2002-06-25,100.3000,100.8900,97.5400,97.5600,62.9639
2002-06-26,95.2000,98.1500,95.1900,97.7200,63.0672
2002-06-27,98.5000,99.4900,96.5700,99.4300,64.1708
2002-06-28,99.2400,100.5000,98.8800,98.9600,63.8675
2002-07-01,99.1800,99.8000,96.8900,97.0300,62.6219
2002-07-02,96.8600,97.2000,94.7700,94.9700,61.2924
2002-07-03,94.6200,95.8400,93.7200,95.5100,61.6409
2002-07-05,96.7800,99.5300,96.6600,99.3100,64.0933
2002-07-08,98.9800,99.7000,97.5600,98.0700,63.2931
2002-07-09,97.7300,98.3400,95.0100,95.6000,61.6990
2002-07-10,96.0000,96.0700,92.0400,92.1200,59.4531
2002-07-11,91.7600,93.3500,90.3200,92.8700,59.9371
2002-07-12,93.3300,93.8900,91.5200,91.8500,59.2788
2002-07-15,91.6400,92.4000,87.8900,92.3400,59.5951
2002-07-16,91.1200,92.3800,89.8700,90.5600,58.4462
2002-07-17,92.4600,93.3000,89.7500,90.7400,58.5624
2002-07-18,90.7000,91.1000,87.7500,87.8000,56.6650
2002-07-19,86.7600,87.5500,84.3000,84.7100,54.6707
2002-07-22,84.1000,85.9100,81.4500,82.2000,53.0508
2002-07-23,82.5500,83.2400,79.7500,79.9500,51.5987
2002-07-24,78.1300,85.1200,77.6800,84.7200,54.6772
2002-07-25,84.2700,85.8500,81.6000,84.0000,54.2125
2002-07-26,84.6500,85.9300,83.8000,85.6000,55.2451
2002-07-29,87.5000,90.3400,87.3000,89.7700,57.9364
2002-07-30,89.3200,91.4000,88.7200,90.9400,58.6915
2002-07-31,90.4900,91.5500,89.2500,91.1600,58.8335
2002-08-01,90.8800,91.3500,88.3300,88.7800,57.2975
2002-08-02,88.5000,88.9100,85.6200,86.7900,56.0131
2002-08-05,86.4900,86.9300,83.5500,83.7700,54.0641
2002-08-06,85.2300,87.9000,85.1100,86.5900,55.8841
2002-08-07,87.8700,88.5000,85.7700,88.1000,56.8586
2002-08-08,88.4200,91.1000,87.8000,90.9500,58.6979
2002-08-09,90.1000,91.9400,89.3500,91.2900,58.9174
2002-08-12,89.9900,91.2700,89.5500,90.6200,58.4850
2002-08-13,90.1500,91.6600,88.6500,88.9700,57.4201
2002-08-14,89.0200,92.6300,88.0200,92.2200,59.5176
2002-08-15,92.8400,93.9900,92.2000,93.5000,60.3437
2002-08-16,92.8200,94.0800,92.0000,93.2200,60.1630
2002-08-19,93.4600,95.7500,93.1000,95.4000,61.5699
2002-08-20,94.8200,95.4000,93.6200,94.3900,60.9181
2002-08-21,95.0600,95.7800,93.5700,95.7500,61.7958
2002-08-22,95.4900,97.1500,95.0700,96.6800,62.3960
2002-08-23,96.0100,96.1500,94.1500,94.6000,61.0536
2002-08-26,94.9100,95.6400,93.5000,95.2600,61.4795
2002-08-27,95.7000,96.2500,93.5000,94.1600,60.7696
2002-08-28,93.2800,93.4900,91.8000,92.1000,59.4401
2002-08-29,91.2700,93.0500,90.8100,92.1400,59.4659
2002-08-30,91.6800,93.3900,91.4000,91.7800,59.2336
2002-09-03,90.7300,91.0000,88.1500,88.2800,56.9748
2002-09-04,88.6100,90.2500,88.0600,89.5400,57.7879
2002-09-05,88.4900,89.4300,87.5000,88.7800,57.2975
2002-09-06,89.7500,90.5700,89.3400,90.0000,58.0848
2002-09-09,89.1000,91.3500,88.8000,90.6600,58.5108
2002-09-10,91.1400,91.7800,90.5600,91.7000,59.1820
2002-09-11,92.4700,93.3300,91.1000,91.1300,58.8141
2002-09-12,90.7500,90.8400,88.9900,89.4500,57.7299
2002-09-13,88.6900,89.9000,88.2500,89.6700,57.8718
2002-09-16,89.3100,89.8900,88.4600,89.8900,58.0138
2002-09-17,90.8900,91.1900,87.7500,87.8300,56.6843
2002-09-18,87.0100,88.5000,86.2800,86.9500,56.1164
2002-09-19,85.9900,86.8000,84.7000,84.7000,54.6643
2002-09-20,84.9200,85.2000,84.0500,84.3500,54.6824
2002-09-23,83.6500,84.0600,82.6900,83.6600,54.2351
2002-09-24,82.4400,83.6500,81.8500,82.3100,53.3599
2002-09-25,83.3700,84.7700,82.0400,84.3500,54.6824
2002-09-26,85.0200,85.9700,84.4500,85.7300,55.5771
2002-09-27,85.0000,85.6300,82.7500,82.7500,53.6452
2002-09-30,82.0000,82.8000,80.9000,81.7900,53.0228
2002-10-01,82.4300,85.7700,81.4700,85.7200,55.5706
2002-10-02,84.6900,85.5300,82.6000,83.1500,53.9045
2002-10-03,83.1400,84.6000,81.9500,82.3100,53.3599
2002-10-04,82.8000,82.9200,79.5800,80.8000,52.3810
2002-10-07,80.0600,81.2000,78.5500,79.1300,51.2984
2002-10-08,79.8100,81.3100,78.2000,80.3700,52.1023
2002-10-09,79.0900,79.7000,77.7800,78.1000,50.6307
2002-10-10,77.9400,81.0700,77.0700,80.6300,52.2708
2002-10-11,82.1000,84.7300,81.8200,84.1600,54.5593
2002-10-14,83.2000,84.8500,83.0400,84.6300,54.8639
2002-10-15,86.9900,88.7200,86.8500,88.7000,57.5024
2002-10-16,87.4100,87.8000,85.9200,86.5500,56.1087
2002-10-17,88.8700,89.3000,87.8500,88.2700,57.2237
2002-10-18,87.6500,89.1100,86.9300,88.6400,57.4635
2002-10-21,88.1200,90.5000,87.5700,90.1700,58.4554
2002-10-22,89.0500,90.0100,88.5200,89.5200,58.0340
2002-10-23,88.7700,90.2700,87.6800,90.2000,58.4749
2002-10-24,90.7500,90.9000,88.1000,88.3600,57.2820
2002-10-25,88.2100,90.3900,87.9400,90.2000,58.4749
2002-10-28,91.1500,91.2900,88.8500,89.6100,58.0924
2002-10-29,89.0800,89.4900,87.0000,88.5700,57.4182
2002-10-30,88.6800,89.9600,88.2300,89.4300,57.9757
2002-10-31,89.6600,90.3000,88.1900,88.5200,57.3858
2002-11-01,88.3500,90.8200,88.0500,90.2700,58.5202
2002-11-04,91.8000,92.9400,90.9000,91.1300,59.0778
2002-11-05,90.8400,92.0700,90.8400,91.8500,59.5445
2002-11-06,92.4800,93.0700,90.7900,93.0400,60.3160
2002-11-07,92.0200,92.2200,90.2200,90.7600,58.8379
2002-11-08,90.5300,91.5700,89.5200,89.6500,58.1183
2002-11-11,89.5100,89.5600,87.8000,88.2600,57.2172
2002-11-12,88.6600,89.9300,88.3700,88.9600,57.6710
2002-11-13,88.3200,89.7400,87.4500,89.0500,57.7294
2002-11-14,90.0700,91.0000,89.7500,90.7300,58.8185
2002-11-15,90.0000,91.5500,89.9500,91.4000,59.2528
2002-11-18,92.1500,92.1500,90.3500,90.4800,58.6564
2002-11-19,90.0200,91.1000,89.7600,90.3600,58.5786
2002-11-20,89.9800,92.4200,89.9500,92.3700,59.8816
2002-11-21,92.6000,94.1900,92.4300,94.0900,60.9967
2002-11-22,93.4800,94.2700,93.2700,93.4200,60.5623
2002-11-25,93.4300,94.2600,92.7700,93.4800,60.6012
2002-11-26,93.0700,93.4500,91.6200,91.7000,59.4473
2002-11-27,92.5200,94.6500,92.4300,94.2800,61.1199
2002-11-29,94.8000,94.9500,93.7700,93.9800,60.9254
2002-12-02,95.4700,96.0500,93.2200,94.1300,61.0226
2002-12-03,93.2500,93.4000,92.3500,92.8700,60.2058
2002-12-04,91.7700,93.1400,91.4300,92.4500,59.9335
2002-12-05,92.7300,92.8000,91.1000,91.4300,59.2723
2002-12-06,90.1200,92.1700,89.9800,92.0300,59.6612
2002-12-09,91.0700,91.4600,89.4800,89.5000,58.0211
2002-12-10,90.0200,91.1000,89.7600,90.7000,58.7990
2002-12-11,90.4200,91.6200,90.1600,90.7800,58.8508
2002-12-12,91.2000,91.4900,90.2000,90.7700,58.8444
2002-12-13,89.9100,90.4800,89.2700,89.3400,57.9174
2002-12-16,89.8200,91.7900,89.6600,91.6500,59.4149
2002-12-17,91.3700,91.7400,90.7400,90.8500,58.8963
2002-12-18,90.3200,90.4000,89.3300,89.8000,58.2156
2002-12-19,89.3500,90.7000,88.6000,89.1600,57.8007
2002-12-20,89.2000,90.0200,89.1000,89.9900,58.6254
2002-12-23,89.5900,90.4700,89.3100,90.0200,58.6450
2002-12-24,89.5900,89.8600,89.2500,89.3500,58.2085
2002-12-26,89.7000,90.6100,88.8400,89.3900,58.2345
2002-12-27,88.9600,89.2900,87.3800,87.3800,56.9251
2002-12-30,87.7900,88.4700,87.2200,88.1100,57.4007
2002-12-31,87.9900,88.4300,87.1100,88.2300,57.4788
2003-01-02,88.8500,91.3000,88.5400,91.0700,59.3290
2003-01-03,90.9100,91.3800,90.5000,91.3500,59.5114
2003-01-06,91.2400,93.4900,91.1700,92.9600,60.5602
2003-01-07,92.9000,93.3700,92.2000,92.7300,60.4104
2003-01-08,92.2000,92.4000,91.0500,91.3900,59.5375
2003-01-09,91.8200,93.1800,91.4100,92.8100,60.4625
2003-01-10,91.9500,93.6400,91.8000,93.0600,60.6254
2003-01-13,93.5400,93.8600,92.4400,93.0300,60.6059
2003-01-14,92.6900,93.8300,92.4100,93.3300,60.8013
2003-01-15,93.5400,93.5700,91.9100,92.4000,60.1954
2003-01-16,92.5000,92.9300,91.4500,92.0200,59.9479
2003-01-17,90.9900,92.3000,90.1500,90.6600,59.0619
2003-01-21,90.8700,90.9200,88.9500,89.2500,58.1433
2003-01-22,88.7700,89.8000,88.0000,88.1700,57.4397
2003-01-23,88.7500,89.3800,87.9500,88.7100,57.7915
2003-01-24,88.5900,88.6800,86.1700,86.3800,56.2736
2003-01-27,85.7300,86.8000,84.5000,85.2000,55.5049
2003-01-28,85.6300,86.4000,85.1300,85.8300,55.9153
2003-01-29,85.4200,87.1800,84.7700,86.4800,56.3387
2003-01-30,86.7900,86.8800,84.4000,84.4300,55.0032
2003-01-31,84.1500,86.2100,84.1500,86.0600,56.0652
2003-02-03,86.1400,86.8100,85.9200,86.2300,56.1759
2003-02-04,85.3100,85.7500,84.3000,85.3800,55.6222
2003-02-05,85.7500,86.5400,84.4800,84.8500,55.2769
2003-02-06,84.3700,84.8900,83.6500,84.4500,55.0163
2003-02-07,84.9100,84.9900,82.9700,83.4200,54.3453
2003-02-10,83.4600,84.1300,82.6500,84.0100,54.7297
2003-02-11,84.3700,84.8800,82.8300,83.4300,54.3518
2003-02-12,83.1600,83.6200,82.0900,82.1000,53.4854
2003-02-13,82.1500,82.6600,81.0000,82.3500,53.6482
2003-02-14,82.3700,84.2000,81.8200,84.1500,54.8209
2003-02-18,84.5300,85.8000,84.3900,85.6300,55.7850
2003-02-19,85.3200,85.4700,84.2800,85.1800,55.4919
2003-02-20,85.2100,85.4200,84.0500,84.3300,54.9381
2003-02-21,84.3800,85.7400,83.4600,85.1800,55.4919
2003-02-24,84.9300,85.0000,83.5900,83.8000,54.5928
2003-02-25,82.9500,84.4900,82.2200,84.4700,55.0293
2003-02-26,84.0200,84.5300,83.0800,83.2400,54.2280
2003-02-27,83.7000,84.7500,83.1600,84.3400,54.9446
2003-02-28,84.4700,85.2300,84.1600,84.9000,55.3095
2003-03-03,85.2600,85.7800,83.7200,84.0900,54.7818
2003-03-04,83.9500,84.0100,82.6500,82.7500,53.9088
2003-03-05,82.6100,83.5400,82.3600,83.4500,54.3648
2003-03-06,82.8700,83.5200,82.4700,82.7500,53.9088
2003-03-07,81.6100,83.9900,81.4300,83.3200,54.2801
2003-03-10,82.6000,82.8600,81.1000,81.3200,52.9772
2003-03-11,81.4800,82.0000,80.4800,80.5200,52.4560
2003-03-12,80.3800,81.1000,79.3800,81.0600,52.8078
2003-03-13,82.1800,83.9100,81.5300,83.8600,54.6319
2003-03-14,84.2000,84.7700,83.3500,84.1300,54.8078
2003-03-17,83.4600,86.9500,83.2200,86.7800,56.5342
2003-03-18,87.1500,87.3500,86.2800,87.2900,56.8664
2003-03-19,87.2800,88.1600,86.6800,87.9600,57.3029
2003-03-20,87.3300,88.5900,86.3500,88.1500,57.4268
2003-03-21,88.8000,89.8800,87.9300,89.6700,58.6525
2003-03-24,88.0200,88.1400,86.3500,86.6900,56.7033
2003-03-25,86.7400,88.2600,86.4400,87.5200,57.2462
2003-03-26,87.5600,87.8500,86.8000,87.0800,56.9584
2003-03-27,86.4000,87.6600,85.9900,87.1500,57.0042
2003-03-28,86.4700,87.2800,86.2500,86.7100,56.7164
2003-03-31,85.3500,86.5900,84.4000,84.7400,55.4278
2003-04-01,85.2500,86.3900,84.9100,86.0400,56.2781
2003-04-02,87.5400,88.7700,87.5000,88.1200,57.6387
2003-04-03,88.8700,88.9900,87.6500,87.7000,57.3639
2003-04-04,88.4300,88.5900,87.6200,88.2200,57.7041
2003-04-07,90.3400,90.8500,87.9700,88.0500,57.5929
2003-04-08,88.3000,88.6500,87.7100,88.1900,57.6844
2003-04-09,88.3600,89.1000,86.7700,87.0300,56.9257
2003-04-10,87.0900,87.6300,85.7100,87.5100,57.2396
2003-04-11,88.1600,88.7000,86.8600,87.1500,57.0042
2003-04-14,87.4700,89.0000,87.0000,88.9500,58.1815
2003-04-15,88.8400,89.7800,88.4200,89.7800,58.7244
2003-04-16,89.9100,90.0600,88.0300,88.2500,57.7237
2003-04-17,88.3000,89.7200,88.1900,89.5600,58.5806
2003-04-21,89.8600,90.1600,89.0600,89.6500,58.6394
2003-04-22,89.1000,91.5600,88.8900,91.3400,59.7448
2003-04-23,91.6200,92.3500,91.2400,92.1800,60.2942
2003-04-24,91.5300,92.0800,90.9600,91.3600,59.7579
2003-04-25,91.3000,91.4700,90.0200,90.2300,59.0188
2003-04-28,90.4400,92.1900,90.3000,91.7900,60.0392
2003-04-29,92.1400,92.8000,91.4000,92.1100,60.2485
2003-04-30,91.9100,92.5700,91.4100,91.9100,60.1177
2003-05-01,91.9200,92.7300,90.5000,91.9000,60.1111
2003-05-02,91.5600,93.4700,91.4900,93.2100,60.9680
2003-05-05,93.4700,93.7800,92.5000,93.0300,60.8503
2003-05-06,93.0400,94.3800,93.0000,93.9100,61.4258
2003-05-07,93.4200,94.1400,92.9700,93.3900,61.0857
2003-05-08,92.5200,93.3300,92.2800,92.4500,60.4708
2003-05-09,92.8300,93.8000,92.6100,93.7300,61.3081
2003-05-12,93.5000,95.1200,93.2800,94.8800,62.0603
2003-05-13,94.5300,95.1800,94.2600,94.7100,61.9491
2003-05-14,95.0900,95.2400,93.9100,94.5100,61.8183
2003-05-15,94.8900,95.3300,94.2500,95.1100,62.2107
2003-05-16,94.8900,95.4500,94.2600,94.8700,62.0537
2003-05-19,94.1500,94.4200,92.3300,92.6500,60.6017
2003-05-20,92.8200,93.0300,91.5900,92.4600,60.4774
2003-05-21,92.1100,92.8800,91.9100,92.6500,60.6017
2003-05-22,92.9500,94.0500,92.6800,93.5700,61.2034
2003-05-23,93.5300,93.9800,93.1400,93.7600,61.3277
2003-05-27,93.3000,95.8400,93.0700,95.4000,62.4004
2003-05-28,95.8500,96.4700,95.4300,95.6700,62.5770
2003-05-29,95.8800,96.8200,95.0800,95.4200,62.4135
2003-05-30,95.9000,97.0900,95.5600,96.9500,63.4143
2003-06-02,97.5300,98.4500,96.6700,97.3500,63.6759
2003-06-03,97.1500,97.8400,96.8500,97.7500,63.9376
2003-06-04,97.6600,99.3500,97.5700,99.1600,64.8598
2003-06-05,98.5800,99.6500,98.2700,99.6500,65.1803
2003-06-06,100.4000,101.4000,99.1300,99.2600,64.9252
2003-06-09,98.7700,99.1000,97.7700,98.2500,64.2646
2003-06-10,98.4600,99.2600,98.1900,99.2500,64.9187
2003-06-11,99.1600,100.3900,98.7100,100.3000,65.6055
2003-06-12,100.7500,100.9000,99.6200,100.6100,65.8083
2003-06-13,100.6100,100.7500,98.9500,99.5600,65.1214
2003-06-16,99.9600,101.7000,99.8000,101.6600,66.4951
2003-06-17,102.0700,102.1800,101.2300,101.6600,66.4951
2003-06-18,101.2900,102.1400,101.0000,101.5700,66.4362
2003-06-19,101.6400,101.7300,99.8400,100.0200,65.4223
2003-06-20,100.3900,100.5000,99.4200,99.4400,65.2779
2003-06-23,99.4500,99.6600,97.9200,98.4200,64.6083
2003-06-24,98.2200,99.0900,98.0200,98.5200,64.6740
2003-06-25,98.5300,99.4400,97.5300,97.5300,64.0241
2003-06-26,97.7800,98.9800,96.9600,98.8000,64.8578
2003-06-27,98.7500,99.1900,97.5800,97.6600,64.1094
2003-06-30,98.2200,98.6700,97.4700,97.6300,64.0897
2003-07-01,97.2500,98.8500,96.4300,98.5300,64.6805
2003-07-02,98.7700,99.7900,98.5700,99.7700,65.4945
2003-07-03,99.0700,99.8500,97.9000,98.7400,64.8184
2003-07-07,99.6500,100.9000,99.6500,100.7000,66.1051
2003-07-08,100.5000,101.2900,100.1700,101.1500,66.4005
2003-07-09,100.9200,101.4000,100.0300,100.5800,66.0263
2003-07-10,99.8400,100.0400,98.6300,99.3000,65.1860
2003-07-11,99.3900,100.4500,99.3900,100.2400,65.8031
2003-07-14,101.2000,101.9000,100.4500,100.7300,66.1247
2003-07-15,101.3800,101.4600,99.9500,100.5100,65.9803
2003-07-16,100.8100,100.8700,99.2300,99.9200,65.5930
2003-07-17,99.1500,99.8800,98.1600,98.5000,64.6609
2003-07-18,99.0200,99.8000,98.4600,99.5100,65.3239
2003-07-21,99.4500,99.4900,97.8500,98.2800,64.5164
2003-07-22,98.6900,99.4100,97.9200,99.1700,65.1007
2003-07-23,99.2100,99.4500,98.2800,99.2400,65.1466
2003-07-24,99.9900,100.3400,98.3700,98.4900,64.6543
2003-07-25,98.6600,100.2900,98.0400,100.2300,65.7965
2003-07-28,100.3700,100.9800,99.6700,99.8600,65.5536
2003-07-29,100.1400,100.2600,98.6800,99.4000,65.2517
2003-07-30,99.6000,99.7500,98.9300,99.1600,65.0941
2003-07-31,99.9800,100.9100,99.1700,99.3900,65.2451
2003-08-01,99.1900,99.5300,98.2400,98.5100,64.6674
2003-08-04,98.3100,99.0000,97.0000,98.5100,64.6674
2003-08-05,98.4100,98.7600,96.3400,96.4200,63.2955
2003-08-06,96.6900,98.0600,96.4200,96.9800,63.6630
2003-08-07,97.1700,98.0700,96.7600,98.0000,64.3326
2003-08-08,98.3200,98.5500,97.7600,98.2800,64.5164
2003-08-11,98.2600,99.0400,97.8400,98.6500,64.7593
2003-08-12,98.7100,99.5900,98.4200,99.5500,65.3501
2003-08-13,99.8200,99.8500,98.5300,99.0400,65.0153
2003-08-14,99.1000,99.7500,98.4500,99.3100,65.1926
2003-08-15,99.3600,99.7900,99.1200,99.6200,65.3961
2003-08-18,99.9300,100.6000,99.7400,100.4800,65.9606
2003-08-19,100.6900,100.9400,100.0000,100.8600,66.2101
2003-08-20,100.2900,100.8900,100.1600,100.4500,65.9410
2003-08-21,101.0500,101.5200,100.4000,100.7700,66.1510
2003-08-22,101.7500,101.8200,99.7300,99.7700,65.4945
2003-08-25,99.7100,100.8300,99.2800,99.9300,65.5996
2003-08-26,99.5000,100.3900,98.8300,100.1100,65.7177
2003-08-27,100.0500,100.3600,99.5700,100.1400,65.7374
2003-08-28,100.4000,101.0000,99.6600,100.7600,66.1444
2003-08-29,100.6100,101.4800,100.4800,101.4400,66.5908
2003-09-02,101.6400,102.8800,101.0500,102.8000,67.4836
2003-09-03,103.0300,103.7000,102.7800,103.3600,67.8512
2003-09-04,103.1000,103.5500,102.7600,103.4100,67.8841
2003-09-05,102.9400,103.5500,102.4000,102.8300,67.5033
2003-09-08,103.0400,103.8800,102.9300,103.6800,68.0613
2003-09-09,103.3700,103.4600,102.6800,103.0000,67.6149
2003-09-10,102.5300,102.8000,101.5500,101.9600,66.9322
2003-09-11,102.1000,102.7600,101.8400,102.2600,67.1292
2003-09-12,101.9100,102.6400,101.3500,102.4500,67.2538
2003-09-15,102.5200,102.6300,101.9500,102.0900,67.0175
2003-09-16,102.2300,103.6400,102.1700,103.5800,67.9956
2003-09-17,103.4800,103.7900,103.0500,103.3800,67.8643
2003-09-18,103.4000,104.7000,103.1700,104.6000,68.6652
2003-09-19,104.2700,104.6000,103.4000,103.6700,68.3160
2003-09-22,102.8500,102.9600,102.0300,102.5500,67.5779
2003-09-23,102.5900,103.2900,102.3600,102.9400,67.8349
2003-09-24,103.1200,103.2200,101.0700,101.1100,66.6290
2003-09-25,101.4100,101.8800,100.2000,100.2800,66.0820
2003-09-26,100.4400,100.6600,99.8500,99.9500,65.8646
2003-09-29,100.3000,100.9900,99.7900,100.9300,66.5104
2003-09-30,100.4800,100.7600,99.2500,99.9500,65.8646
2003-10-01,100.2400,102.1800,100.2000,102.0800,67.2682
2003-10-02,101.9300,102.5600,101.6300,102.4500,67.5120
2003-10-03,103.6700,104.2800,103.0800,103.3900,68.1315
2003-10-06,103.4800,103.9900,103.2000,103.8600,68.4412
2003-10-07,103.2600,104.3100,102.9100,104.2600,68.7048
2003-10-08,104.3300,104.3900,103.4100,104.0000,68.5334
2003-10-09,104.8800,105.2200,103.8300,104.2800,68.7179
2003-10-10,104.2700,104.6000,103.9100,104.5700,68.9091
2003-10-13,104.7100,105.2900,104.5100,104.9000,69.1265
2003-10-14,104.8000,105.4300,104.3600,105.2700,69.3703
2003-10-15,105.8600,105.8900,104.6400,104.9900,69.1858
2003-10-16,104.6800,105.7300,104.6500,105.4100,69.4626
2003-10-17,105.4700,105.6300,103.9800,104.2600,68.7048
2003-10-20,104.4500,105.0400,103.9400,105.0400,69.2188
2003-10-21,104.8200,105.2800,104.3200,104.8600,69.1002
2003-10-22,104.0300,104.1900,103.1900,103.5400,68.2303
2003-10-23,102.8900,103.9500,102.8400,103.3500,68.1051
2003-10-24,102.8300,103.5800,102.1800,103.5800,68.2566
2003-10-27,103.7400,104.1800,103.2700,103.6300,68.2896
2003-10-28,103.9800,105.1500,103.8200,105.0400,69.2188
2003-10-29,104.7700,105.4300,103.8700,105.1800,69.3110
2003-10-30,105.7900,105.9700,104.8000,105.4000,69.4560
2003-10-31,105.4000,105.7400,105.2200,105.3000,69.3901
2003-11-03,105.7500,106.6100,105.7100,105.9900,69.8448
2003-11-04,105.9900,106.2700,105.5800,105.7600,69.6932
2003-11-05,105.4900,105.9700,104.9000,105.8400,69.7460
2003-11-06,105.6000,106.4400,105.1000,106.4000,70.1150
2003-11-07,106.6400,106.7200,105.5700,105.6100,69.5944
2003-11-10,105.7400,105.8400,105.0100,105.1800,69.3110
2003-11-11,105.0900,105.3300,104.8000,105.1500,69.2912
2003-11-12,105.2300,106.4700,105.1600,106.3300,70.0688
2003-11-13,106.0100,106.5400,105.7800,106.3600,70.0886
2003-11-14,106.4000,106.9500,105.2900,105.4600,69.4955
2003-11-17,104.9100,105.1400,104.0400,104.9300,69.1463
2003-11-18,105.2400,105.4500,103.7000,103.8400,68.4280
2003-11-19,104.0300,105.0100,103.9200,104.7200,69.0079
2003-11-20,104.0000,105.2400,103.7500,103.7800,68.3885
2003-11-21,104.2400,104.3300,103.6200,104.2100,68.6718
2003-11-24,104.6900,105.7800,104.6800,105.5900,69.5812
2003-11-25,105.7300,106.4200,105.4500,105.9900,69.8448
2003-11-26,106.4200,106.4500,105.3900,106.3700,70.0952
2003-11-28,106.2800,106.6600,106.2000,106.4500,70.1479
2003-12-01,106.8500,107.6800,106.8000,107.6000,70.9057
2003-12-02,107.3800,107.7700,107.0700,107.3300,70.7278
2003-12-03,107.6500,108.0800,107.0700,107.1600,70.6158
2003-12-04,107.1700,107.7200,106.9400,107.6000,70.9057
2003-12-05,107.1200,107.8000,106.6200,106.8500,70.4116
2003-12-08,106.7400,107.6400,106.6800,107.5700,70.8860
2003-12-09,107.9000,107.9300,106.5400,106.7400,70.3390
2003-12-10,106.7700,106.9800,105.9600,106.7300,70.3324
2003-12-11,106.6800,108.1000,106.6700,107.9300,71.1232
2003-12-12,107.9700,108.2000,107.3900,108.1400,71.2616
2003-12-15,109.1700,109.2300,107.4800,107.6000,70.9057
2003-12-16,107.6800,108.5000,107.5200,108.1600,71.2748
2003-12-17,108.0600,108.5000,107.8000,108.5000,71.4988
2003-12-18,108.5500,109.7300,108.3900,109.7200,72.3028
2003-12-19,109.3000,109.3700,108.5800,108.9000,72.1015
2003-12-22,108.7900,109.6600,108.7800,109.6600,72.6047
2003-12-23,109.4800,109.9500,109.3800,109.7300,72.6510
2003-12-24,109.5200,109.8800,109.4300,109.6200,72.5782
2003-12-26,109.7100,110.0800,109.6300,109.7000,72.6312
2003-12-29,110.1000,111.2700,109.7800,111.1600,73.5978
2003-12-30,111.0900,111.2700,110.8500,111.1800,73.6111
2003-12-31,111.2200,111.5200,110.8400,111.2800,73.6773
2004-01-02,111.7400,112.1900,110.7300,111.2300,73.6441
2004-01-05,111.6900,112.5200,111.5900,112.4400,74.4453
2004-01-06,112.1600,112.7300,112.0000,112.5500,74.5181
2004-01-07,112.3900,113.0600,111.8900,112.9300,74.7697
2004-01-08,113.2500,113.4100,112.7700,113.3800,75.0677
2004-01-09,112.8300,113.5000,112.2700,112.3900,74.4122
2004-01-12,112.5500,113.2500,112.3600,113.2200,74.9617
2004-01-13,113.0900,113.2300,111.7600,112.5600,74.5247
2004-01-14,112.7600,113.6600,112.6700,113.5000,75.1471
2004-01-15,113.5700,114.0600,112.5800,113.7800,75.3325
2004-01-16,114.0400,114.3100,113.6300,114.2300,75.6305
2004-01-20,114.5300,114.6500,113.8200,114.2000,75.6106
2004-01-21,114.1300,115.3000,113.7200,115.1000,76.2064
2004-01-22,115.1400,115.3800,114.5800,114.8000,76.0078
2004-01-23,115.0000,115.3700,113.9500,114.4300,75.7629
2004-01-26,114.3900,115.9300,114.3800,115.8700,76.7163
2004-01-27,115.7500,116.5000,114.6500,114.6800,75.9284
2004-01-28,114.9800,115.2800,112.9400,113.3700,75.0610
2004-01-29,113.5600,113.8500,112.5600,113.4800,75.1339
2004-01-30,113.5200,113.7200,113.0900,113.4800,75.1339
2004-02-02,113.7000,114.6800,113.1200,113.9700,75.4583
2004-02-03,113.7400,114.1400,113.4400,113.7800,75.3325
2004-02-04,113.1900,113.7300,112.7900,112.8500,74.7167
2004-02-05,113.1700,113.5400,112.7800,113.1800,74.9352
2004-02-06,113.4200,114.7000,113.2000,114.4500,75.7761
2004-02-09,114.6700,114.8700,114.2900,114.4800,75.7960
2004-02-10,114.2800,115.1400,114.2600,114.8500,76.0409
2004-02-11,114.8500,116.3900,114.1700,116.0700,76.8487
2004-02-12,115.9700,116.2700,115.5800,115.6500,76.5706
2004-02-13,115.8200,116.2000,114.7500,115.1300,76.2263
2004-02-17,115.8500,116.4300,115.7700,116.1700,76.9149
2004-02-18,116.2000,116.6000,115.3500,115.6600,76.5772
2004-02-19,116.3300,116.3900,115.0600,115.2300,76.2925
2004-02-20,115.4800,115.5600,114.3200,114.8800,76.0608
2004-02-23,115.2200,115.2600,114.1700,114.5900,75.8688
2004-02-24,114.2700,114.9900,113.0300,114.3900,75.7364
2004-02-25,114.4600,115.0600,114.3200,114.8700,76.0542
2004-02-26,114.6100,115.2900,114.3400,114.9400,76.1005
2004-02-27,115.1900,115.7400,114.6300,115.0200,76.1535
2004-03-01,115.4300,116.3400,115.2500,116.1600,76.9083
2004-03-02,115.9400,116.9700,115.2300,115.4800,76.4580
2004-03-03,115.2500,115.8700,114.9200,115.6900,76.5971
2004-03-04,115.7200,116.1000,115.5200,115.9900,76.7957
2004-03-05,115.4200,116.9500,115.2800,116.3800,77.0539
2004-03-08,116.3400,116.6200,114.9100,114.9600,76.1137
2004-03-09,115.1000,115.2100,114.2400,114.5000,75.8092
2004-03-10,114.7200,114.7700,112.5600,112.5800,74.5380
2004-03-11,112.4000,113.2700,111.1000,111.1200,73.5714
2004-03-12,111.7300,112.7100,111.5800,112.5800,74.5380
2004-03-15,112.2700,112.3500,110.9000,111.2000,73.6243
2004-03-16,111.7800,112.0600,110.8400,111.7900,74.0150
2004-03-17,112.1800,113.2600,112.1000,113.0400,74.8425
2004-03-18,112.7000,113.2700,111.9300,113.0700,74.8624
2004-03-19,112.4100,112.5700,111.0400,111.0600,73.7894
2004-03-22,110.5400,110.5700,109.1000,109.6500,72.8526
2004-03-23,110.2500,110.4000,109.3600,109.4600,72.7263
2004-03-24,109.5800,110.1400,108.8500,109.5500,72.7861
2004-03-25,110.0800,111.3000,109.7900,111.0000,73.7495
2004-03-26,110.9600,111.7900,110.8000,111.0300,73.7694
2004-03-29,111.6300,112.7400,111.5800,112.5900,74.8059
2004-03-30,112.3000,113.0700,112.2200,112.9700,75.0584
2004-03-31,112.9900,113.4000,112.3800,113.1000,75.1448
2004-04-01,113.0700,113.8700,113.0500,113.7800,75.5966
2004-04-02,114.8100,114.8400,113.9000,114.6400,76.1680
2004-04-05,114.4600,115.3800,114.4400,115.2700,76.5865
2004-04-06,114.8300,115.1800,114.6200,114.9000,76.3407
2004-04-07,114.9500,114.9800,114.1100,114.6300,76.1614
2004-04-08,115.4100,115.4100,113.7400,114.3700,75.9886
2004-04-12,114.5800,115.0800,114.5700,114.8200,76.2876
2004-04-13,115.2600,115.3000,113.0200,113.2100,75.2179
2004-04-14,112.6100,113.6400,112.5500,113.3900,75.3375
2004-04-15,113.4500,113.7800,112.3600,112.9600,75.0518
2004-04-16,113.3800,114.0500,112.9800,113.8300,75.6298
2004-04-19,113.5500,113.9900,113.2700,113.8300,75.6298
2004-04-20,114.0800,114.3200,111.7800,111.9200,74.3608
2004-04-21,112.2000,112.9500,111.8700,112.6700,74.8591
2004-04-22,112.4800,114.6700,112.4400,114.2500,75.9088
2004-04-23,114.4200,114.5700,113.7900,114.3600,75.9819
2004-04-26,114.5000,114.9400,113.6000,114.2000,75.8756
2004-04-27,114.2300,115.1200,113.9600,114.3000,75.9421
2004-04-28,113.8900,114.0100,112.5000,112.8200,74.9587
2004-04-29,112.7200,113.3200,111.1600,111.8300,74.3010
2004-04-30,112.1700,112.3800,110.9000,110.9600,73.7229
2004-05-03,111.3700,112.2900,111.3500,112.1500,74.5136
2004-05-04,112.2500,113.2600,111.6600,112.0600,74.4538
2004-05-05,112.4100,112.9600,112.1600,112.7800,74.9322
2004-05-06,112.0200,112.5900,111.0000,111.8100,74.2877
2004-05-07,111.2200,112.2300,109.9600,109.9600,73.0585
2004-05-10,109.4400,109.7500,108.3600,108.8300,72.3077
2004-05-11,109.4600,110.0500,109.3300,109.7500,72.9190
2004-05-12,109.5700,110.5400,108.0600,110.4500,73.3841
2004-05-13,109.7600,110.8100,109.6300,109.9900,73.0785
2004-05-14,109.9500,110.7400,109.2700,110.0400,73.1117
2004-05-17,108.8900,109.5000,108.4100,109.1000,72.4872
2004-05-18,109.4900,109.9400,109.3300,109.6500,72.8526
2004-05-19,110.5000,111.1800,109.1500,109.2700,72.6001
2004-05-20,109.4500,109.8700,109.0400,109.6200,72.8327
2004-05-21,109.9700,110.5500,109.4700,109.8100,72.9589
2004-05-24,110.5300,110.7600,109.6800,110.2700,73.2645
2004-05-25,109.9000,111.9800,109.6000,111.8500,74.3143
2004-05-26,111.6600,112.2900,111.5100,112.2400,74.5734
2004-05-27,112.5400,113.0300,112.0600,112.8700,74.9920
2004-05-28,112.7300,112.8800,112.3600,112.8600,74.9853
2004-06-01,112.4600,112.8600,111.8700,112.7100,74.8857
2004-06-02,113.0300,113.4800,112.4600,113.1300,75.1647
2004-06-03,112.8100,113.1900,112.0700,112.0900,74.4737
2004-06-04,112.9800,113.5800,112.7100,112.9800,75.0651
2004-06-07,113.4300,114.8100,113.4200,114.7000,76.2078
2004-06-08,114.3700,114.9200,114.1700,114.8600,76.3142
2004-06-09,114.5100,114.7000,113.7200,113.7900,75.6032
2004-06-10,114.0400,114.3500,113.9300,114.3500,75.9753
2004-06-14,113.8200,113.8500,112.8700,113.2200,75.2245
2004-06-15,113.9000,114.4500,113.5100,114.0200,75.7561
2004-06-16,114.0000,114.2000,113.7000,114.0000,75.7428
2004-06-17,113.8500,114.0700,113.3300,113.8300,75.6298
2004-06-18,113.2700,114.2200,113.1800,113.6300,75.7725
2004-06-21,113.7500,114.1400,113.1300,113.2000,75.4857
2004-06-22,113.1300,113.8800,112.6700,113.7700,75.8659
2004-06-23,113.6100,114.8400,113.4200,114.7500,76.5194
2004-06-24,114.5600,114.9300,114.2600,114.3900,76.2793
2004-06-25,114.4100,114.9400,113.6800,113.8400,75.9126
2004-06-28,114.5200,114.6100,113.4100,113.4500,75.6525
2004-06-29,113.5300,114.1700,113.4200,113.9200,75.9659
2004-06-30,114.0700,114.7900,113.6500,114.5300,76.3727
2004-07-01,114.2500,114.4000,112.5800,112.9400,75.3124
2004-07-02,113.1600,113.2900,112.6000,112.8800,75.2724
2004-07-06,112.3700,112.4500,111.6300,111.8900,74.6122
2004-07-07,111.8100,112.5700,111.7500,112.2200,74.8323
2004-07-08,111.8100,112.3200,111.2000,111.4400,74.3121
2004-07-09,111.7200,111.9400,111.3800,111.7300,74.5055
2004-07-12,111.5200,112.0400,111.0000,111.7800,74.5389
2004-07-13,111.9200,112.0200,111.6000,111.8600,74.5922
2004-07-14,111.2600,112.3900,111.1200,111.5200,74.3655
2004-07-15,111.7400,111.9100,110.7000,110.8000,73.8854
2004-07-16,111.5700,111.6700,110.4400,110.7100,73.8253
2004-07-19,110.7500,110.9600,109.9900,110.2400,73.5119
2004-07-20,110.5300,111.9000,110.2500,111.6400,74.4455
2004-07-21,111.8200,112.0600,109.4500,109.5800,73.0719
2004-07-22,109.3600,110.3900,108.7700,109.8800,73.2719
2004-07-23,109.6200,109.7100,108.6900,108.9600,72.6584
2004-07-26,109.1900,109.4300,108.2100,108.7500,72.5184
2004-07-27,109.0500,110.1100,108.9700,109.7700,73.1985
2004-07-28,109.5500,110.3700,108.5900,110.1000,73.4186
2004-07-29,110.5400,110.8700,110.0000,110.5700,73.7320
2004-07-30,110.3200,110.9000,110.1000,110.8400,73.9120
2004-08-02,110.1900,111.3600,110.0500,111.0700,74.0654
2004-08-03,110.9300,111.0600,110.1600,110.2100,73.4919
2004-08-04,109.8900,110.7500,109.6400,110.2000,73.4853
2004-08-05,110.2900,110.3800,108.2700,108.4000,72.2850
2004-08-06,107.6300,107.9600,106.6200,106.8500,71.2514
2004-08-09,107.0200,107.4800,106.8700,107.0000,71.3514
2004-08-10,107.3100,108.4100,107.2600,108.3800,72.2717
2004-08-11,107.6800,108.3300,107.1000,108.1600,72.1250
2004-08-12,107.6800,107.9500,106.6300,106.9800,71.3380
2004-08-13,107.1000,107.3500,106.5900,107.1900,71.4781
2004-08-16,107.1400,108.6400,107.1000,108.3000,72.2183
2004-08-17,108.7500,109.2800,108.5300,108.9100,72.6250
2004-08-18,108.5200,110.1700,108.4900,110.0300,73.3719
2004-08-19,109.8100,110.0200,109.1800,109.7100,73.1585
2004-08-20,109.6100,110.6300,109.5100,110.4800,73.6720
2004-08-23,110.5500,110.7700,110.0500,110.2000,73.4853
2004-08-24,110.6400,110.7300,109.8500,110.3500,73.5853
2004-08-25,110.3300,111.2700,109.9000,111.1000,74.0854
2004-08-26,110.9600,111.3100,110.8500,111.1000,74.0854
2004-08-27,111.2000,111.6300,111.0500,111.4500,74.3188
2004-08-30,111.2200,111.3400,110.4500,110.5300,73.7053
2004-08-31,110.6600,111.1600,110.1000,111.1100,74.0921
2004-09-01,110.9500,111.6400,110.4800,111.3200,74.2321
2004-09-02,111.2400,112.7000,111.2400,112.5800,75.0723
2004-09-03,112.3300,112.8200,112.0100,112.1200,74.7656
2004-09-07,112.5400,113.1300,112.3200,112.8600,75.2590
2004-09-08,112.6200,113.0600,112.3100,112.5800,75.0723
2004-09-09,112.5700,112.8800,112.0300,112.4800,75.0057
2004-09-10,112.5200,113.2700,112.0800,113.0600,75.3924
2004-09-13,113.3100,113.7400,113.0100,113.4300,75.6391
2004-09-14,113.3000,113.6900,113.1900,113.6600,75.7925
2004-09-15,113.3000,113.3600,112.6800,112.8000,75.2190
2004-09-16,112.8500,113.3700,112.8000,113.1400,75.4458
2004-09-17,112.9500,113.3600,112.6900,113.1500,75.7665
2004-09-20,112.6700,112.9900,112.2800,112.4700,75.3112
2004-09-21,112.7500,113.4700,112.5400,112.9600,75.6393
2004-09-22,112.5000,112.5200,111.4700,111.5500,74.6952
2004-09-23,111.6000,111.7000,110.9500,110.9500,74.2933
2004-09-24,111.1700,111.7300,111.1300,111.4600,74.6349
2004-09-27,111.1000,111.2000,110.5800,110.7500,74.1594
2004-09-28,110.9100,111.5100,110.4100,111.2800,74.5143
2004-09-29,111.2100,111.8500,111.0000,111.8400,74.8893
2004-09-30,111.5500,111.9800,111.2600,111.7600,74.8358
2004-10-01,112.2600,113.6500,112.2100,113.6500,76.1013
2004-10-04,114.1000,114.4400,113.8000,113.8400,76.2286
2004-10-05,113.8500,114.1600,113.5400,113.9000,76.2687
2004-10-06,113.7700,114.6800,113.6800,114.6800,76.7910
2004-10-07,114.3800,114.4000,113.3600,113.4500,75.9674
2004-10-08,113.1500,113.7700,112.3500,112.5100,75.3379
2004-10-11,112.7800,113.0200,112.6400,112.9700,75.6460
2004-10-12,112.2000,112.8300,111.9400,112.5300,75.3513
2004-10-13,113.0000,113.0700,111.3200,111.5400,74.6884
2004-10-14,111.6800,111.9300,110.5800,110.6400,74.0858
2004-10-15,111.0200,111.7400,110.5700,111.2600,74.5009
2004-10-18,110.8900,111.9000,110.7000,111.6800,74.7822
2004-10-19,112.0200,112.2300,110.5900,110.7400,74.1528
2004-10-20,110.3800,110.8200,109.7500,110.5200,74.0054
2004-10-21,110.7900,111.3200,110.2100,111.2400,74.4875
2004-10-22,111.1900,111.2500,109.8600,109.9900,73.6505
2004-10-25,109.7500,110.1200,109.3500,109.8600,73.5635
2004-10-26,110.1300,111.6000,109.8800,111.5400,74.6884
2004-10-27,111.3800,113.1000,111.1200,112.8800,75.5857
2004-10-28,112.7800,113.5600,112.4900,113.2200,75.8134
2004-10-29,113.1200,113.6400,112.9000,113.2000,75.7999
2004-11-01,113.5600,113.8400,113.2000,113.5100,76.0076
2004-11-02,113.6700,114.5700,113.2200,113.5500,76.0343
2004-11-03,115.0300,115.3600,114.2400,114.9800,76.9919
2004-11-04,114.7800,116.6700,114.6800,116.5500,78.0432
2004-11-05,117.0500,117.6400,116.4900,117.2800,78.5320
2004-11-08,116.9800,117.2300,116.7200,117.1100,78.4182
2004-11-09,117.0800,117.5000,116.7600,116.8800,78.2642
2004-11-10,117.0600,117.5500,116.7600,116.9700,78.3244
2004-11-11,117.1800,118.1200,117.1000,117.8600,78.9204
2004-11-12,117.9700,119.0000,117.6800,118.7900,79.5431
2004-11-15,118.5000,118.7700,118.2300,118.7300,79.7385
2004-11-16,118.3600,118.4100,117.7300,117.8800,79.1677
2004-11-17,118.3700,119.1400,118.0700,118.5800,79.6378
2004-11-18,118.5300,118.8000,118.2300,118.7400,79.7453
2004-11-19,118.7000,118.7200,117.1400,117.4200,78.8587
2004-11-22,117.1700,118.1200,117.0300,117.9800,79.2349
2004-11-23,117.9300,118.2600,117.3700,118.1600,79.3557
2004-11-24,118.2700,118.5900,118.0500,118.4400,79.5438
2004-11-26,118.5100,118.9800,118.3000,118.3500,79.4833
2004-11-29,118.7900,119.0100,117.4800,117.8100,79.1207
2004-11-30,118.0000,118.2400,117.6400,117.8900,79.1744
2004-12-01,118.1600,119.5000,118.1000,119.2300,80.0743
2004-12-02,119.1000,119.8700,119.0100,119.3300,80.1415
2004-12-03,119.3100,120.1400,119.0900,119.2500,80.0878
2004-12-06,119.2100,119.6400,118.8400,119.2100,80.0609
2004-12-07,119.4900,119.6200,118.0400,118.1000,79.3155
2004-12-08,118.2100,118.8200,118.0100,118.7900,79.7788
2004-12-09,118.1400,119.4600,117.7300,119.2100,80.0609
2004-12-10,118.9200,119.5600,118.8500,119.3300,80.1415
2004-12-13,119.7600,120.4000,119.3500,120.3700,80.8400
2004-12-14,120.1800,120.9600,120.1800,120.7900,81.1220
2004-12-15,120.7000,121.1100,120.3100,120.8800,81.1825
2004-12-16,120.7200,121.2400,120.0400,120.8100,81.1354
2004-12-17,119.4600,119.9700,119.1600,119.4400,80.5943
2004-12-20,119.7500,120.2900,119.1700,119.4700,80.6145
2004-12-21,119.6000,120.4800,119.4600,120.3900,81.2353
2004-12-22,120.3800,121.0800,120.3000,120.6800,81.4310
2004-12-23,120.8700,121.2800,120.6600,120.7700,81.4917
2004-12-27,121.2000,121.3600,120.3900,120.5200,81.3230
2004-12-28,120.6400,121.3300,120.6000,121.1800,81.7684
2004-12-29,121.0800,121.4000,120.9500,121.3600,81.8898
2004-12-30,121.4000,121.5700,121.0400,121.1300,81.7347
2004-12-31,121.3000,121.6600,120.8000,120.8700,81.5592
2005-01-03,121.5600,121.7600,119.9000,120.3000,81.1747
2005-01-04,120.4600,120.5400,118.4400,118.8300,80.1827
2005-01-05,118.7400,119.2500,118.0000,118.0100,79.6294
2005-01-06,118.4400,119.1500,118.2600,118.6100,80.0342
2005-01-07,118.9700,119.2300,118.1300,118.4400,79.9195
2005-01-10,118.3400,119.4600,118.3400,119.0000,80.2974
2005-01-11,118.6400,118.7400,117.9900,118.1800,79.7441
2005-01-12,118.4000,118.8400,117.5200,118.5700,80.0072
2005-01-13,118.6400,118.7300,117.5000,117.6200,79.3662
2005-01-14,117.9700,118.5300,117.7600,118.2400,79.7846
2005-01-18,118.0500,119.6200,117.9500,119.4700,80.6145
2005-01-19,119.4300,119.5200,118.2100,118.2200,79.7711
2005-01-20,117.8900,118.2000,117.2900,117.5000,79.2852
2005-01-21,117.7900,118.0000,116.6500,116.7800,78.7994
2005-01-24,117.0900,117.3400,116.3700,116.5500,78.6442
2005-01-25,116.9100,117.4700,116.7200,116.8800,78.8669
2005-01-26,117.3200,117.6000,117.0400,117.2300,79.1031
2005-01-27,117.1900,117.7500,116.9800,117.4300,79.2380
2005-01-28,117.4900,117.5500,116.6100,117.4300,79.2380
2005-01-31,117.9500,118.2500,117.7100,118.1600,79.7306
2005-02-01,118.2500,119.0800,118.1000,118.9100,80.2367
2005-02-02,119.0600,119.5900,118.9000,119.2700,80.4796
2005-02-03,119.0600,119.1600,118.5700,118.9600,80.2704
2005-02-04,119.0000,120.4300,118.9800,120.2300,81.1273
2005-02-07,120.2500,120.5200,119.9600,120.0700,81.0194
2005-02-08,120.1700,120.6500,120.0700,120.2100,81.1139
2005-02-09,120.4200,120.4900,119.2500,119.3100,80.5066
2005-02-10,119.6600,120.0200,119.2600,119.7400,80.7967
2005-02-11,119.7000,121.0400,119.4600,120.7700,81.4917
2005-02-14,120.6900,120.8600,120.4800,120.6800,81.4310
2005-02-15,120.8000,121.4300,120.6800,121.1300,81.7347
2005-02-16,120.9300,121.4600,120.6700,121.2100,81.7886
2005-02-17,121.2300,121.3300,120.2200,120.2300,81.1273
2005-02-18,120.2400,120.4800,119.9000,120.3900,81.2353
2005-02-22,119.9000,120.4700,118.5800,118.6000,80.0275
2005-02-23,118.9300,119.5700,118.6200,119.4500,80.6011
2005-02-24,119.2400,120.3200,118.9800,120.2400,81.1341
2005-02-25,120.2700,121.6700,120.1800,121.4300,81.9371
2005-02-28,121.1500,121.3000,120.0400,120.6300,81.3973
2005-03-01,120.8200,121.5200,120.7800,121.2300,81.8021
2005-03-02,120.7600,121.9300,120.6500,121.1700,81.7617
2005-03-03,121.6600,121.9000,120.7000,121.2200,81.7954
2005-03-04,122.0500,122.8300,121.7900,122.7300,82.8143
2005-03-07,122.6600,123.2500,122.4000,122.7900,82.8548
2005-03-08,122.6700,123.0000,122.1100,122.3300,82.5444
2005-03-09,121.9700,122.2900,120.9600,120.9700,81.6267
2005-03-10,121.2000,121.5000,120.4000,121.2400,81.8089
2005-03-11,121.3100,121.7200,120.1600,120.3900,81.2353
2005-03-14,120.6100,121.1600,120.2800,121.1400,81.7414
2005-03-15,121.4200,121.4600,120.0800,120.1400,81.0666
2005-03-16,119.7000,120.1600,118.9000,119.1200,80.3783
2005-03-17,119.3100,119.7400,118.9800,119.3600,80.5403
2005-03-18,119.1100,119.5300,118.1500,118.5400,80.3012
2005-03-21,118.7100,118.7800,117.7600,118.1000,80.0031
2005-03-22,118.3700,118.9300,116.9000,116.9000,79.1903
2005-03-23,116.9500,117.7200,116.7500,117.0000,79.2580
2005-03-24,117.4600,117.9900,117.0600,117.1400,79.3528
2005-03-28,117.4200,117.9400,117.3100,117.3100,79.4680
2005-03-29,117.1400,117.9000,116.2500,116.5300,78.9396
2005-03-30,116.7800,118.2000,116.7700,118.1800,80.0573
2005-03-31,118.1900,118.4600,117.8700,117.9600,79.9083
2005-04-01,118.6300,118.9900,116.9100,117.4300,79.5492
2005-04-04,117.3600,117.8600,116.7400,117.6300,79.6847
2005-04-05,117.7800,118.3800,117.6700,118.1900,80.0641
2005-04-06,118.4500,118.9500,118.1800,118.6000,80.3419
2005-04-07,118.4100,119.2600,118.3200,119.2400,80.7754
2005-04-08,119.1700,119.2100,118.0000,118.0000,79.9354
2005-04-11,118.2900,118.4200,117.8300,118.0900,79.9963
2005-04-12,117.8900,119.0600,117.0700,118.7000,80.4096
2005-04-13,118.5600,118.8000,117.1300,117.3000,79.4612
2005-04-14,117.4000,117.5000,115.7700,115.7700,78.4248
2005-04-15,115.7400,116.2000,114.1000,114.1500,77.3273
2005-04-18,114.1200,114.9600,113.9600,114.5000,77.5644
2005-04-19,115.1000,115.5300,114.8300,115.4100,78.1809
2005-04-20,115.3800,115.6300,113.5500,113.8000,77.0902
2005-04-21,114.7900,116.2100,114.3800,116.0100,78.5873
2005-04-22,115.7400,116.5000,114.2700,115.5700,78.2893
2005-04-25,115.8600,116.5000,115.7200,116.3300,78.8041
2005-04-26,115.9600,116.7700,115.1500,115.2000,78.0386
2005-04-27,114.8600,116.0700,114.4400,115.6500,78.3434
2005-04-28,115.2700,115.6800,114.2000,114.2000,77.3612
2005-04-29,115.0700,115.8700,113.9700,115.7500,78.4112
2005-05-02,116.0700,116.4100,115.5200,116.4000,78.8515
2005-05-03,116.0700,116.8500,115.6900,116.6000,78.9870
2005-05-04,116.6500,117.7500,116.2800,117.5000,79.5967
2005-05-05,117.6700,118.0000,116.7400,117.4600,79.5696
2005-05-06,117.9300,117.9900,117.0600,117.0900,79.3189
2005-05-09,117.2100,118.0800,117.0500,117.8200,79.8135
2005-05-10,117.3600,117.5000,116.3900,116.6000,78.9870
2005-05-11,116.9300,117.4000,115.8500,117.2400,79.4206
2005-05-12,117.3200,117.5900,115.9500,115.9500,78.5467
2005-05-13,116.3000,116.6200,114.8000,115.7200,78.3909
2005-05-16,115.7000,116.8400,115.6600,116.8000,79.1225
2005-05-17,116.4100,117.7000,116.1600,117.5800,79.6509
2005-05-18,118.0900,119.0800,118.0100,118.7900,80.4706
2005-05-19,119.0200,119.4100,118.7000,119.2900,80.8093
2005-05-20,119.3400,119.3900,118.7400,119.1200,80.6941
2005-05-23,119.2100,120.0400,119.1900,119.7800,81.1412
2005-05-24,119.4400,119.8300,119.2000,119.5000,80.9515
2005-05-25,119.3500,119.8700,118.8300,119.4100,80.8906
2005-05-26,119.7900,120.2100,119.6200,120.0500,81.3241
2005-05-27,120.0600,120.2500,119.8000,120.2500,81.4595
2005-05-31,120.0800,120.1700,119.4000,119.4800,80.9380
2005-06-01,119.5200,120.9200,119.4500,120.5000,81.6289
2005-06-02,120.2300,120.8400,120.1000,120.7600,81.8051
2005-06-03,120.5500,120.8900,119.7300,120.1500,81.3918
2005-06-06,119.9500,120.2000,119.5500,120.0400,81.3173
2005-06-07,120.3900,121.2500,120.0100,120.1300,81.3783
2005-06-08,120.4300,120.5900,119.6700,119.9100,81.2292
2005-06-09,119.7400,120.5800,119.4400,120.4800,81.6154
2005-06-10,120.5600,120.6500,119.6000,120.2000,81.4257
2005-06-13,119.9400,121.0800,119.8100,120.5800,81.6831
2005-06-14,120.4500,121.2000,120.3800,120.8600,81.8728
2005-06-15,121.1600,121.2400,120.2300,121.0900,82.0286
2005-06-16,121.0600,121.6400,120.9200,121.4000,82.2386
2005-06-17,121.5400,121.9000,121.2200,121.3600,82.5433
2005-06-20,121.0800,121.8400,120.9400,121.4000,82.5705
2005-06-21,121.5000,121.6500,121.0300,121.4700,82.6181
2005-06-22,121.6800,121.9400,121.0700,121.5700,82.6861
2005-06-23,121.3200,121.6000,119.8300,119.8600,81.5231
2005-06-24,119.8800,120.0100,118.8400,118.9800,80.9246
2005-06-27,118.9700,119.4100,118.7500,119.1500,81.0402
2005-06-28,119.4000,120.2400,119.3700,120.1500,81.7204
2005-06-29,120.3700,120.4000,119.7600,119.8300,81.5027
2005-06-30,120.2200,120.3200,118.9500,119.1800,81.0606
2005-07-01,119.4500,119.8000,119.2100,119.5300,81.2986
2005-07-05,119.2500,120.6500,119.1900,120.4900,81.9516
2005-07-06,120.3900,120.6500,119.4100,119.4800,81.2646
2005-07-07,118.2900,119.9500,118.2600,119.9500,81.5843
2005-07-08,119.9700,121.3200,119.7200,121.3200,82.5161
2005-07-11,121.3300,122.1000,121.3100,121.9400,82.9378
2005-07-12,121.9900,122.6300,121.6400,122.2600,83.1554
2005-07-13,122.2700,122.5200,121.9900,122.4300,83.2711
2005-07-14,122.9800,123.4400,122.4900,122.9100,83.5976
2005-07-15,122.7900,123.0400,122.3600,122.8400,83.5499
2005-07-18,122.5000,122.6300,122.0500,122.3500,83.2167
2005-07-19,122.7100,123.1100,122.4100,123.0200,83.6724
2005-07-20,122.5900,123.7300,122.3000,123.4400,83.9581
2005-07-21,123.5500,123.6100,122.4700,122.7200,83.4683
2005-07-22,122.8800,123.5600,122.6300,123.5400,84.0261
2005-07-25,123.4100,123.9500,122.8500,123.1900,83.7880
2005-07-26,123.2300,123.5300,122.9500,123.3400,83.8900
2005-07-27,123.5000,123.8900,123.0500,123.7900,84.1961
2005-07-28,123.9600,124.6400,123.6400,124.5700,84.7266
2005-07-29,124.4100,124.6300,123.5000,123.7400,84.1621
2005-08-01,123.8300,124.0400,123.4500,123.6500,84.1009
2005-08-02,123.8700,124.6000,123.7400,124.3900,84.6042
2005-08-03,124.2500,124.7400,124.1200,124.7200,84.8287
2005-08-04,124.2300,124.3100,123.5700,123.7200,84.1485
2005-08-05,123.4500,123.9800,122.6700,122.8800,83.5771
2005-08-08,123.1500,123.4100,122.3800,122.6500,83.4207
2005-08-09,123.0600,123.5900,122.8700,123.3900,83.9240
2005-08-10,123.8200,124.5000,122.8200,123.3300,83.8832
2005-08-11,123.2700,124.0300,123.0100,123.8200,84.2165
2005-08-12,123.5700,123.6900,122.7500,123.0600,83.6996
2005-08-15,123.2200,123.8700,122.8300,123.8200,84.2165
2005-08-16,123.4400,123.5200,122.0900,122.2100,83.1214
2005-08-17,122.1900,122.8700,122.0300,122.2000,83.1147
2005-08-18,122.0500,122.5600,121.8400,122.1900,83.1078
2005-08-19,122.6300,122.8200,122.2000,122.4700,83.2983
2005-08-22,122.5800,123.2300,121.8800,122.4700,83.2983
2005-08-23,122.5000,122.6100,121.1500,122.2400,83.1419
2005-08-24,121.9400,122.7300,121.0900,121.1500,82.4005
2005-08-25,121.3500,121.6700,121.2100,121.5900,82.6998
2005-08-26,121.4800,121.4900,120.6800,120.7600,82.1352
2005-08-29,120.4100,121.7800,120.3800,121.6900,82.7678
2005-08-30,121.2500,121.3000,120.3900,121.0500,82.3325
2005-08-31,121.1900,122.6600,120.7400,122.5800,83.3731
2005-09-01,122.5200,123.1500,121.1400,122.4900,83.3119
2005-09-02,122.8500,122.8800,122.0400,122.2700,83.1623
2005-09-06,122.6600,123.8000,122.6500,123.7000,84.1349
2005-09-07,123.6300,124.1300,123.4600,123.9100,84.2777
2005-09-08,123.6600,124.0000,123.3100,123.5000,83.9988
2005-09-09,123.8300,124.7400,123.8000,124.6000,84.7470
2005-09-12,124.4500,124.6700,124.2700,124.3500,84.5770
2005-09-13,124.1300,124.4200,123.5200,123.6600,84.1077
2005-09-14,123.7400,123.9200,123.0200,123.2100,83.8016
2005-09-15,123.5900,123.6500,122.9000,123.1500,83.7608
2005-09-16,123.3000,123.7400,122.8700,123.5000,84.3565
2005-09-19,123.4700,123.5500,122.6400,123.0900,84.0763
2005-09-20,123.2000,123.6100,121.8700,122.0500,83.3660
2005-09-21,121.7900,121.8700,120.7800,120.9100,82.5873
2005-09-22,120.9500,121.6600,120.4400,121.3400,82.8810
2005-09-23,121.2400,121.8900,120.9000,121.4400,82.9493
2005-09-26,122.0200,122.2400,121.0800,121.5800,83.0449
2005-09-27,121.5200,121.9900,121.0200,121.5500,83.0245
2005-09-28,121.9300,122.1200,121.2000,121.6700,83.1064
2005-09-29,121.5500,122.8600,121.0800,122.6600,83.7826
2005-09-30,122.6200,123.0400,121.7400,123.0400,84.0422
2005-10-03,122.9600,123.3400,122.4500,122.6000,83.7417
2005-10-04,122.7900,123.0300,121.1600,121.2200,82.7991
2005-10-05,121.2500,121.3100,119.5700,119.6300,81.7130
2005-10-06,119.7800,120.2600,118.1700,119.2000,81.4193
2005-10-07,119.7000,120.0500,119.1300,119.6100,81.6993
2005-10-10,119.6800,119.7100,118.3000,118.6000,81.0095
2005-10-11,118.9900,119.3900,118.3200,118.4300,80.8934
2005-10-12,118.3900,119.1300,117.4100,117.5000,80.2581
2005-10-13,117.4600,118.0800,116.8800,117.4300,80.2103
2005-10-14,118.1200,118.8100,117.5600,118.6700,81.0573
2005-10-17,118.8000,119.2700,118.4500,119.1100,81.3578
2005-10-18,118.9400,118.9600,117.8000,117.8200,80.4767
2005-10-19,117.5000,119.8000,117.1200,119.7800,81.8155
2005-10-20,119.4900,119.8100,117.3000,117.6700,80.3742
2005-10-21,118.2900,118.7800,117.5100,118.1300,80.6884
2005-10-24,118.4400,120.0900,118.4100,119.9600,81.9385
2005-10-25,119.7200,120.2400,118.9400,119.7200,81.7745
2005-10-26,119.5100,120.5400,119.1900,119.3700,81.5354
2005-10-27,119.2000,119.3700,117.9300,118.1000,80.6679
2005-10-28,118.4300,119.9500,118.1000,119.8000,81.8291
2005-10-31,120.2900,121.3000,120.1300,120.1300,82.0545
2005-11-01,120.5800,120.9000,120.2200,120.4900,82.3004
2005-11-02,120.1700,121.7500,120.1300,121.7500,83.1611
2005-11-03,122.1500,122.6600,121.7500,122.2700,83.5163
2005-11-04,122.4000,122.4600,121.5500,122.1100,83.4070
2005-11-07,122.3700,122.6200,121.8500,122.2300,83.4889
2005-11-08,121.9300,122.4200,121.7900,122.2300,83.4889
2005-11-09,122.0800,122.9500,121.8600,122.3900,83.5982
2005-11-10,122.3400,123.5200,121.7500,123.3400,84.2471
2005-11-11,123.3500,123.8400,122.4300,123.7600,84.5340
2005-11-14,123.7900,124.0200,123.3800,123.6900,84.4862
2005-11-15,123.5500,124.0900,122.8600,123.2400,84.1788
2005-11-16,123.3700,123.5500,122.9800,123.4900,84.3496
2005-11-17,123.6800,124.6500,123.1400,124.6400,85.1351
2005-11-18,125.0600,125.2800,124.3300,125.1300,85.4698
2005-11-21,125.1500,125.9100,124.9800,125.7600,85.9001
2005-11-22,125.5600,126.5200,125.4200,126.3000,86.2689
2005-11-23,126.2500,127.4100,126.2100,127.0300,86.7675
2005-11-25,126.9800,127.2200,126.8100,127.1300,86.8359
2005-11-28,127.2500,127.2700,126.0400,126.2300,86.2211
2005-11-29,126.6500,126.9800,126.0900,126.0900,86.1255
2005-11-30,126.1600,126.5200,125.2900,125.4100,85.6610
2005-12-01,126.0200,127.0300,125.9800,126.6900,86.5353
2005-12-02,126.7700,127.0800,126.5000,126.8500,86.6446
2005-12-05,126.7000,126.7300,126.1800,126.5800,86.4602
2005-12-06,127.0500,127.7400,126.6300,126.8200,86.6241
2005-12-07,126.7700,126.8700,125.6800,126.0800,86.1187
2005-12-08,126.2200,126.8200,125.4800,126.0000,86.0640
2005-12-09,126.1600,126.7800,125.8200,126.3300,86.2894
2005-12-12,126.7100,126.8600,125.9600,126.4500,86.3714
2005-12-13,126.4200,127.7000,126.2900,127.3100,86.9588
2005-12-14,127.1900,128.0900,127.1400,127.8100,87.3003
2005-12-15,127.8400,128.0000,127.1800,127.4400,87.0476
2005-12-16,127.2800,127.3600,126.3600,126.3600,86.7675
2005-12-19,126.7300,126.8700,125.6900,125.7100,86.3211
2005-12-20,125.8600,126.5900,125.4800,125.8300,86.4035
2005-12-21,126.2200,126.7600,125.8000,126.0300,86.5408
2005-12-22,126.3100,126.6900,126.0800,126.6900,86.9941
2005-12-23,126.7800,126.8600,126.4200,126.7600,87.0421
2005-12-27,126.9600,127.0500,125.3800,125.4700,86.1563
2005-12-28,125.7400,125.9900,125.5000,125.7500,86.3486
2005-12-29,125.7200,125.9600,125.0600,125.1900,85.9641
2005-12-30,124.8000,125.0600,124.3600,124.5100,85.4971
2006-01-03,125.1900,127.0000,124.3900,126.7000,87.0009
2006-01-04,126.8600,127.4900,126.7000,127.3000,87.4129
2006-01-05,127.1500,127.5900,126.8800,127.3800,87.4679
2006-01-06,128.0200,128.5800,127.3600,128.4400,88.1957
2006-01-09,128.4200,129.0600,128.3800,128.7700,88.4223
2006-01-10,128.3900,128.9800,128.2600,128.9000,88.5116
2006-01-11,129.0200,129.4400,128.7300,129.3100,88.7932
2006-01-12,129.0800,129.2800,128.4400,128.8000,88.4430
2006-01-13,128.5700,128.9000,128.2000,128.6800,88.3605
2006-01-17,128.2000,128.4200,127.8100,128.3300,88.1202
2006-01-18,127.5800,128.9000,127.1600,127.8200,87.7700
2006-01-19,128.1300,128.7700,127.8100,128.3100,88.1065
2006-01-20,128.2800,128.3100,125.9700,125.9700,86.4997
2006-01-23,126.2100,126.8200,126.1300,126.4200,86.8087
2006-01-24,126.6300,127.1500,126.4200,126.5500,86.8979
2006-01-25,127.0400,127.1800,125.8400,126.6600,86.9735
2006-01-26,127.2500,127.6700,126.7600,127.3600,87.4541
2006-01-27,127.6600,128.6600,127.4500,128.5400,88.2644
2006-01-30,128.4400,128.8100,128.3500,128.4400,88.1957
2006-01-31,128.3200,128.5400,127.4900,127.5000,87.5502
2006-02-01,127.8200,128.4300,127.7200,128.3900,88.1614
2006-02-02,128.1000,128.1400,126.8000,126.9000,87.1382
2006-02-03,126.5800,128.3900,126.1400,126.2700,86.7057
2006-02-06,126.4400,126.8000,126.1700,126.6000,86.9323
2006-02-07,126.3800,126.6600,125.4000,125.4800,86.1631
2006-02-08,125.8500,128.1000,125.6000,126.6200,86.9460
2006-02-09,126.9200,127.6000,126.3700,126.4100,86.8018
2006-02-10,126.4300,127.1300,125.4500,126.6400,86.9597
2006-02-13,126.6000,126.7900,125.9500,126.4100,86.8018
2006-02-14,126.4600,128.0300,126.2100,127.7500,87.7219
2006-02-15,127.6800,128.3200,127.2400,128.2000,88.0309
2006-02-16,128.3400,129.2100,128.1800,129.1600,88.6901
2006-02-17,129.0500,129.1600,128.5800,128.8100,88.4498
2006-02-21,129.1100,129.4000,128.2900,128.4900,88.2301
2006-02-22,128.7700,129.6500,128.6500,129.2700,88.7657
2006-02-23,129.2700,129.6400,128.2800,129.0800,88.6352
2006-02-24,129.1100,129.4800,128.7600,129.4100,88.8618
2006-02-27,129.4000,130.0400,129.2800,129.4600,88.8962
2006-02-28,129.2000,129.9100,128.1300,128.2300,88.0516
2006-03-01,128.6000,129.4900,128.5000,129.3700,88.8343
2006-03-02,128.9000,129.4200,128.6100,129.3600,88.8274
2006-03-03,128.6700,130.0700,128.6500,128.7600,88.4154
2006-03-06,129.1400,129.1800,127.8500,128.1700,88.0103
2006-03-07,127.8600,128.0600,127.4000,127.9700,87.8730
2006-03-08,127.7000,128.4400,127.1800,128.2400,88.0584
2006-03-09,128.2800,128.6800,127.3800,127.3800,87.4679
2006-03-10,127.7100,128.8400,127.4400,128.5900,88.2987
2006-03-13,128.8400,129.1600,128.5300,128.8300,88.4635
2006-03-14,128.7100,130.2300,128.6100,130.1800,89.3906
2006-03-15,130.1500,130.8600,129.8500,130.7600,89.7888
2006-03-16,131.0100,131.4700,130.8400,131.0300,89.9742
2006-03-17,130.6800,130.9000,130.3800,130.6200,90.0494
2006-03-20,130.6400,130.9000,130.2100,130.4100,89.9046
2006-03-21,130.3700,130.9900,129.4500,129.5900,89.3392
2006-03-22,129.5100,130.5100,129.4500,130.3800,89.8839
2006-03-23,130.2600,130.3900,129.6600,130.1100,89.6977
2006-03-24,129.9900,130.5700,129.7400,130.2100,89.7667
2006-03-27,130.0300,130.2800,129.7400,130.0200,89.6357
2006-03-28,129.9300,130.5300,129.0500,129.2200,89.0842
2006-03-29,129.4100,130.5000,129.2900,130.0300,89.6426
2006-03-30,130.1100,130.9800,129.5500,129.8000,89.4840
2006-03-31,130.0200,130.2400,129.3700,129.8300,89.5047
2006-04-03,130.0700,130.8700,129.4900,129.7300,89.4358
2006-04-04,129.7300,130.7300,129.3600,130.5600,90.0079
2006-04-05,130.6100,131.2800,130.3800,131.0100,90.3182
2006-04-06,130.8500,131.2100,130.1900,130.8700,90.2217
2006-04-07,131.0600,131.4000,129.3500,129.5400,89.3048
2006-04-10,129.7400,130.0800,129.2600,129.7400,89.4427
2006-04-11,129.8500,130.0600,128.2500,128.6400,88.6843
2006-04-12,128.7700,129.1300,128.6100,128.8800,88.8498
2006-04-13,128.5900,129.2500,128.3100,128.7100,88.7326
2006-04-17,128.8300,129.3100,128.0200,128.6600,88.6981
2006-04-18,128.9300,130.9400,128.9300,130.7000,90.1045
2006-04-19,130.7500,131.0700,130.2400,130.9500,90.2768
2006-04-20,131.0000,131.8600,130.6000,131.1300,90.4010
2006-04-21,131.6900,131.7900,130.6200,131.1500,90.4147
2006-04-24,130.8900,131.0700,130.3800,130.9100,90.2493
2006-04-25,131.0400,131.1200,129.9200,130.3700,89.8770
2006-04-26,130.5000,131.1400,130.3000,130.4000,89.8977
2006-04-27,129.9000,131.6300,129.5900,131.0300,90.3320
2006-04-28,130.7900,131.7500,130.7100,131.4700,90.6353
2006-05-01,131.4700,131.8000,130.3200,130.4000,89.8977
2006-05-02,131.0100,131.4600,130.7400,131.3800,90.5733
2006-05-03,131.1500,131.3200,130.4500,130.8900,90.2354
2006-05-04,131.0800,131.6200,130.9700,131.3600,90.5595
2006-05-05,132.0500,132.8000,131.8500,132.5200,91.3592
2006-05-08,132.5100,132.7700,132.3600,132.3600,91.2489
2006-05-09,132.4200,132.7700,132.3100,132.6200,91.4281
2006-05-10,132.4100,132.7500,131.8900,132.5500,91.3799
2006-05-11,132.5100,132.5500,130.5200,130.9500,90.2768
2006-05-12,130.3600,130.7200,129.1900,129.2400,89.0980
2006-05-15,128.7900,129.7400,128.6100,129.5000,89.2772
2006-05-16,129.7600,130.0000,129.0100,129.3100,89.1463
2006-05-17,128.6700,129.1000,126.7700,126.8500,87.4503
2006-05-18,127.3500,127.7500,126.1100,126.2100,87.0091
2006-05-19,126.8700,127.4900,125.8000,127.1000,87.6227
2006-05-22,126.2800,127.1700,125.5000,126.1300,86.9539
2006-05-23,127.1800,127.6300,125.1700,125.1700,86.2921
2006-05-24,125.6800,126.8900,124.7600,126.1700,86.9815
2006-05-25,126.9200,127.7300,126.4300,127.7300,88.0570
2006-05-26,128.0100,128.3800,127.5100,128.3800,88.5051
2006-05-30,127.9700,128.0000,126.0500,126.1000,86.9333
2006-05-31,126.6200,127.5100,126.2000,127.5100,87.9053
2006-06-01,127.3800,128.9400,127.2700,128.7300,88.7464
2006-06-02,129.2500,129.4300,128.3200,129.0000,88.9325
2006-06-05,128.8500,128.8600,126.7700,127.1200,87.6365
2006-06-06,127.2100,127.3800,125.7600,126.8100,87.4227
2006-06-07,126.9100,127.6500,125.7900,125.8600,86.7678
2006-06-08,125.5800,126.5000,123.8700,125.7500,86.6920
2006-06-09,126.3600,126.9600,125.2900,125.3500,86.4162
2006-06-12,125.8800,125.9300,123.8200,123.9900,85.4786
2006-06-13,123.7400,124.8400,122.5500,122.5500,84.4859
2006-06-14,122.8400,123.6300,122.3400,123.5000,85.1408
2006-06-15,123.9500,126.3600,123.8600,126.1200,86.9470
2006-06-16,125.2900,125.5600,124.4600,124.6500,86.3134
2006-06-19,125.4000,125.4800,123.5500,123.6700,85.6348
2006-06-20,124.0100,124.8100,123.7200,124.0900,85.9257
2006-06-21,124.0000,125.7000,123.9600,125.0100,86.5628
2006-06-22,124.9500,125.0600,124.0400,124.4600,86.1819
2006-06-23,124.3300,125.3000,124.0300,124.4400,86.1680
2006-06-26,124.5400,125.0600,124.2500,124.9900,86.5489
2006-06-27,125.0100,125.2900,123.7700,123.9100,85.8011
2006-06-28,124.1900,124.7700,123.6500,124.7500,86.3827
2006-06-29,125.2000,127.3500,125.1700,127.2700,88.1277
2006-06-30,127.5400,127.6600,126.9600,127.2800,88.1346
2006-07-03,127.4300,128.0100,127.3100,127.8000,88.4946
2006-07-05,127.2900,127.4500,126.5200,127.0700,87.9892
2006-07-06,127.2000,127.8500,127.0800,127.4400,88.2454
2006-07-07,127.1900,127.5600,126.2900,126.6100,87.6707
2006-07-10,126.9400,127.4300,126.4100,126.8500,87.8368
2006-07-11,126.6100,127.4100,125.9400,127.4100,88.2246
2006-07-12,127.1500,127.4000,125.7200,126.0500,87.2829
2006-07-13,125.4500,125.6800,124.0000,124.0000,85.8633
2006-07-14,124.1300,124.2600,122.8300,123.5200,85.5310
2006-07-17,123.5200,124.1000,123.1500,123.3400,85.4064
2006-07-18,123.7100,124.0500,122.3900,123.9700,85.8426
2006-07-19,124.1800,126.2600,123.7200,125.6900,87.0336
2006-07-20,126.1200,126.3000,124.6600,124.8300,86.4381
2006-07-21,125.1500,125.1900,123.8200,123.9500,85.8287
2006-07-24,124.4400,126.3200,124.4400,126.2100,87.3937
2006-07-25,125.9800,127.3000,125.7200,126.6600,87.7053
2006-07-26,126.5900,127.4500,126.1800,126.8300,87.8230
2006-07-27,127.3800,127.6900,126.2000,126.7100,87.7399
2006-07-28,127.0400,128.1400,126.8600,127.9800,88.6193
2006-07-31,127.6600,127.9600,127.4500,127.8500,88.5293
2006-08-01,127.3400,127.3800,126.6000,127.2200,88.0930
2006-08-02,127.5800,128.4600,127.5500,128.0800,88.6885
2006-08-03,127.3400,128.5500,127.1500,128.4200,88.9240
2006-08-04,129.0800,129.4300,127.4800,128.2000,88.7717
2006-08-07,127.9000,128.0800,127.4000,127.9000,88.5639
2006-08-08,128.0900,128.4600,126.9500,127.4100,88.2246
2006-08-09,128.1800,128.6000,126.6100,126.9800,87.9269
2006-08-10,126.5800,127.5000,126.2800,127.3700,88.1969
2006-08-11,127.1700,127.2000,126.3900,127.0100,87.9476
2006-08-14,127.6300,128.1600,126.9200,127.1100,88.0169
2006-08-15,128.2500,128.8700,127.9000,128.6300,89.0694
2006-08-16,129.3200,129.8900,129.0400,129.7000,89.8103
2006-08-17,129.5800,130.3700,129.4900,130.0300,90.0388
2006-08-18,130.1900,130.6900,129.5900,130.6900,90.4958
2006-08-21,130.1800,130.2800,129.8000,130.1300,90.1080
2006-08-22,129.9900,130.5200,129.6800,130.1200,90.1011
2006-08-23,130.1800,130.4400,129.1900,129.7600,89.8519
2006-08-24,129.9900,130.1000,129.4000,129.6500,89.7757
2006-08-25,129.6400,130.2500,129.5500,129.8100,89.8865
2006-08-28,129.6500,130.8200,129.6400,130.4300,90.3158
2006-08-29,130.4900,130.8300,129.8100,130.5800,90.4197
2006-08-30,130.8700,131.0400,130.5500,130.6600,90.4750
2006-08-31,130.8500,130.9900,130.5800,130.6400,90.4612
2006-09-01,131.1400,131.5800,130.8400,131.4200,91.0013
2006-09-05,131.5100,131.8500,131.2000,131.6700,91.1744
2006-09-06,131.1100,131.1600,130.3300,130.5100,90.3712
2006-09-07,130.0600,130.5700,129.3500,129.9100,89.9558
2006-09-08,130.0800,130.4600,129.8300,130.2800,90.2120
2006-09-11,129.8600,130.6900,129.4800,130.4100,90.3020
2006-09-12,130.5600,131.8400,130.3700,131.6900,91.1883
2006-09-13,131.6400,132.4500,131.5200,132.2200,91.5553
2006-09-14,131.9600,132.2400,131.7500,132.2300,91.5622
2006-09-15,132.3100,132.3900,131.6800,131.9600,91.7771
2006-09-18,131.7900,132.3900,131.6500,132.1400,91.9023
2006-09-19,132.1200,132.1300,131.0700,131.8100,91.6728
2006-09-20,132.2500,132.7700,132.0600,132.5100,92.1596
2006-09-21,132.6100,132.7500,131.4200,131.8700,91.7145
2006-09-22,131.6700,131.6800,131.0000,131.4700,91.4363
2006-09-25,131.7300,132.8500,131.0500,132.4800,92.1387
2006-09-26,132.5000,133.6000,132.4000,133.5800,92.9038
2006-09-27,133.4900,133.9700,133.2700,133.7400,93.0151
2006-09-28,133.7400,133.9900,133.2800,133.6900,92.9803
2006-09-29,133.8000,133.9400,133.4800,133.5800,92.9038
2006-10-02,133.5400,133.8300,132.9500,133.0800,92.5560
2006-10-03,132.8900,133.8700,132.6500,133.3600,92.7508
2006-10-04,133.2300,135.0000,133.0800,134.9200,93.8358
2006-10-05,134.9200,135.4100,134.7500,135.1800,94.0166
2006-10-06,134.9500,135.1000,134.4000,135.0100,93.8984
2006-10-09,134.8500,135.3000,134.6400,135.0900,93.9540
2006-10-10,135.1000,135.4500,134.8400,135.2700,94.0792
2006-10-11,134.8400,135.4300,134.3000,135.1100,93.9679
2006-10-12,135.4500,136.3900,135.4000,136.2800,94.7816
2006-10-13,136.1600,136.7100,136.0400,136.6300,95.0251
2006-10-16,136.5200,137.0500,136.4200,136.8400,95.1711
2006-10-17,136.4700,136.7000,135.6700,136.4100,94.8720
2006-10-18,137.0400,137.3700,136.1000,136.5900,94.9972
2006-10-19,136.3900,136.8800,136.2300,136.8100,95.1502
2006-10-20,136.8400,136.9500,136.3300,136.8400,95.1711
2006-10-23,136.5600,137.8000,136.3900,137.4700,95.6093
2006-10-24,137.2800,137.9300,137.2200,137.8800,95.8944
2006-10-25,137.7400,138.4100,137.5100,138.3500,96.2213
2006-10-26,138.6600,139.0000,137.9800,138.7800,96.5203
2006-10-27,138.6100,138.7500,137.6300,137.9100,95.9153
2006-10-30,137.6600,138.2000,137.4000,137.8100,95.8458
2006-10-31,138.0700,138.2600,137.2500,137.7900,95.8318
2006-11-01,138.2200,138.3100,136.7200,136.8600,95.1850
2006-11-02,136.5100,137.0100,136.3600,136.7800,95.1294
2006-11-03,137.2700,137.3900,135.6200,136.5400,94.9624
2006-11-06,136.9600,138.2800,136.9500,138.0800,96.0335
2006-11-07,138.2000,138.9800,138.0000,138.6100,96.4021
2006-11-08,138.0000,139.0500,136.8600,138.9100,96.6108
2006-11-09,139.0100,139.1400,137.9000,138.1800,96.1031
2006-11-10,138.1400,138.3400,137.7200,138.2400,96.1448
2006-11-13,138.1800,139.0400,138.0700,138.5800,96.3813
2006-11-14,138.9700,139.7400,138.1200,139.6200,97.1046
2006-11-15,139.5700,140.4500,139.5300,140.0200,97.3828
2006-11-16,140.4400,140.6800,139.4900,140.3800,97.6331
2006-11-17,139.9300,140.4300,139.7300,140.4200,97.6610
2006-11-20,140.3000,140.7400,139.9400,140.5000,97.7166
2006-11-21,140.4900,140.6700,140.2900,140.6400,97.8140
2006-11-22,140.7500,141.1600,140.5000,140.9200,98.0087
2006-11-24,140.2400,140.8400,140.2000,140.3500,97.6123
2006-11-27,140.2800,140.3500,138.3800,138.4200,96.2700
2006-11-28,138.2400,139.1600,138.1100,139.0200,96.6873
2006-11-29,139.4700,140.5300,139.0800,140.4700,97.6957
2006-11-30,140.4400,141.0500,139.7600,140.5300,97.7375
2006-12-01,140.5300,140.6600,138.9700,140.2200,97.5219
2006-12-04,140.2500,141.5500,140.2300,141.2900,98.2660
2006-12-05,141.5600,141.9600,141.2600,141.9000,98.6903
2006-12-06,141.8700,142.0700,141.5000,141.7800,98.6068
2006-12-07,142.0300,142.3000,141.1100,141.1600,98.1756
2006-12-08,141.1300,141.9000,140.7800,141.4200,98.3565
2006-12-11,141.4200,142.0900,141.3400,141.8300,98.6416
2006-12-12,141.6900,141.8700,140.8900,141.7200,98.5651
2006-12-13,142.2300,142.3400,141.5600,141.8700,98.6694
2006-12-14,141.8600,143.2400,141.8400,143.1200,99.5388
2006-12-15,142.6400,142.8900,142.2400,142.3400,99.5479
2006-12-18,142.5400,142.8800,141.7500,141.9500,99.2751
2006-12-19,141.5500,142.5600,141.1900,142.2200,99.4640
2006-12-20,142.2800,142.6600,142.0100,142.1400,99.4080
2006-12-21,142.2700,142.4300,141.3200,141.6200,99.0443
2006-12-22,141.6400,141.6500,140.6700,140.7500,98.4359
2006-12-26,140.8100,141.6100,140.7800,141.5800,99.0163
2006-12-27,141.8700,142.6000,141.8300,142.5100,99.6668
2006-12-28,142.4100,142.7000,141.9900,142.2100,99.4570
2006-12-29,142.0600,142.5400,141.4300,141.6200,99.0443
2007-01-03,142.2500,142.8600,140.5700,141.3700,98.8695
2007-01-04,141.2300,142.0500,140.6100,141.6700,99.0793
2007-01-05,141.3300,141.4000,140.3800,140.5400,98.2890
2007-01-08,140.8200,141.4100,140.2500,141.1900,98.7436
2007-01-09,141.3100,141.6000,140.4000,141.0700,98.6597
2007-01-10,140.5800,141.5700,140.3000,141.5400,98.9884
2007-01-11,141.5800,142.6200,141.5000,142.1600,99.4220
2007-01-12,142.1500,143.2400,142.1100,143.2400,100.1773
2007-01-16,143.0700,143.4400,142.7300,142.9600,99.9815
2007-01-17,142.8500,143.4600,142.7300,143.0200,100.0234
2007-01-18,143.1700,143.2600,142.3100,142.5400,99.6878
2007-01-19,142.5400,143.1000,142.4600,142.8200,99.8836
2007-01-22,143.0700,143.1000,141.9300,142.3800,99.5759
2007-01-23,142.2600,143.0800,142.0600,142.8000,99.8696
2007-01-24,142.9700,143.9800,142.9100,143.9500,100.6739
2007-01-25,143.8600,143.9200,142.0100,142.2600,99.4919
2007-01-26,142.5700,142.6500,141.5800,142.1300,99.4010
2007-01-29,142.1900,142.8000,141.7400,142.0500,99.3450
2007-01-30,142.3500,142.8600,142.0600,142.7900,99.8626
2007-01-31,142.6300,144.1300,142.4000,143.7500,100.5340
2007-02-01,144.1500,144.6600,143.9100,144.6100,101.1354
2007-02-02,144.7300,144.9500,144.3800,144.8100,101.2754
2007-02-05,144.7000,144.9400,144.3400,144.8500,101.3033
2007-02-06,144.9700,145.0300,144.3300,144.8900,101.3313
2007-02-07,145.1200,145.3600,144.5700,145.2100,101.5551
2007-02-08,144.7800,145.1200,144.2700,145.0200,101.4222
2007-02-09,145.0600,145.3300,143.3900,143.9400,100.6669
2007-02-12,143.9400,144.0400,143.1900,143.4500,100.3242
2007-02-13,143.7700,144.9000,143.7600,144.6600,101.1704
2007-02-14,144.8000,145.9000,144.7800,145.6100,101.8348
2007-02-15,145.6700,145.9500,145.4300,145.8000,101.9677
2007-02-16,145.4400,145.7600,145.2300,145.7300,101.9188
2007-02-20,145.5600,146.2000,145.0000,146.0400,102.1355
2007-02-21,145.6100,146.0700,145.3500,145.9800,102.0936
2007-02-22,146.0500,146.4200,145.1700,145.8700,102.0167
2007-02-23,145.7400,145.7900,145.0300,145.3000,101.6180
2007-02-26,145.8300,145.9500,144.7500,145.1700,101.5271
2007-02-27,143.8800,144.2000,139.0000,139.5000,97.5617
2007-02-28,140.3900,141.9800,139.8000,140.9300,98.5618
2007-03-01,139.3400,141.2500,138.0500,140.5100,98.2680
2007-03-02,140.0500,140.6600,138.6600,138.6700,96.9812
2007-03-05,137.9300,139.5800,137.3300,137.3500,96.0581
2007-03-06,138.7800,140.1200,137.7200,139.7000,97.7016
2007-03-07,139.5900,140.4600,139.4000,139.5600,97.6036
2007-03-08,140.5400,141.1600,140.0700,140.7400,98.4289
2007-03-09,141.3100,141.4200,140.0800,140.7800,98.4569
2007-03-12,140.4200,141.3400,140.1600,140.9900,98.6037
2007-03-13,140.1800,140.7700,138.0400,138.2500,96.6875
2007-03-14,138.4300,139.3600,136.7500,139.2800,97.4078
2007-03-15,138.9700,139.9900,138.8000,139.4700,97.5407
2007-03-16,139.3100,139.6300,138.1200,138.5300,97.2676
2007-03-19,139.2600,140.3300,139.1500,140.2000,98.4402
2007-03-20,140.0800,141.0500,139.9600,140.9700,98.9808
2007-03-21,141.1000,143.6500,140.8200,143.2900,100.6097
2007-03-22,143.4800,143.6800,142.7900,143.1800,100.5325
2007-03-23,143.2800,143.8100,143.1500,143.3900,100.6800
2007-03-26,143.5000,143.6500,142.0900,143.2000,100.5466
2007-03-27,143.1200,143.1600,142.3900,142.8600,100.3078
2007-03-28,142.1400,142.4700,141.2600,141.8200,99.5776
2007-03-29,142.5400,142.6100,141.1900,141.9700,99.6829
2007-03-30,142.2400,142.8400,140.5600,142.0000,99.7040
2007-04-02,142.1600,142.4600,141.4800,142.1600,99.8163
2007-04-03,142.9700,143.9800,142.9100,143.6900,100.8906
2007-04-04,143.6900,143.9500,143.1600,143.8500,101.0029
2007-04-05,143.6700,144.4400,143.6100,144.2400,101.2768
2007-04-09,144.6500,144.8000,144.1500,144.4400,101.4172
2007-04-10,144.3300,144.8500,144.2700,144.6100,101.5366
2007-04-11,144.8200,144.8600,143.5400,144.0200,101.1223
2007-04-12,143.7400,144.9200,143.3400,144.6600,101.5717
2007-04-13,144.9000,145.3200,144.3600,145.3200,102.0351
2007-04-16,145.8300,146.8600,145.8200,146.7000,103.0041
2007-04-17,146.9700,147.4000,146.6500,147.0900,103.2779
2007-04-18,146.6000,147.7000,146.5700,147.2700,103.4043
2007-04-19,146.5500,147.4000,146.3600,147.2300,103.3762
2007-04-20,148.2200,148.6200,147.0400,148.6200,104.3521
2007-04-23,148.3700,148.7300,147.9700,148.0600,103.9590
2007-04-24,148.2300,148.4000,147.3200,148.1200,104.0011
2007-04-25,148.7300,149.6600,148.0200,149.4800,104.9560
2007-04-26,149.4900,149.8000,149.1000,149.6500,105.0754
2007-04-27,149.0900,149.7400,148.8400,149.5300,104.9911
2007-04-30,149.6400,149.7400,148.2100,148.2900,104.1204
2007-05-01,148.4200,149.4700,147.6700,148.6700,104.3873
2007-05-02,148.9000,149.9500,148.7500,149.5400,104.9981
2007-05-03,149.9700,150.4000,149.7300,150.3500,105.5669
2007-05-04,150.7500,151.1200,150.2200,150.9200,105.9671
2007-05-07,150.8800,151.2000,150.8100,150.9500,105.9882
2007-05-08,150.5800,150.9200,150.1300,150.7500,105.8477
2007-05-09,150.6400,152.8200,150.3700,151.1600,106.1356
2007-05-10,150.7300,151.0200,149.2700,149.5800,105.0262
2007-05-11,149.7500,150.9300,149.7200,150.8600,105.9250
2007-05-14,150.8600,151.3000,149.7900,150.5300,105.6933
2007-05-15,150.7000,151.6600,150.1900,150.5700,105.7214
2007-05-16,150.8000,151.6300,150.3800,151.6000,106.4445
2007-05-17,151.3800,151.9600,151.1100,151.3000,106.2339
2007-05-18,152.0100,152.6200,151.8100,152.6200,107.1607
2007-05-21,152.5800,153.2300,152.5000,152.5400,107.1045
2007-05-22,152.7000,153.1600,152.3800,152.4200,107.0203
2007-05-23,152.9500,153.5000,152.3600,152.4400,107.0343
2007-05-24,152.5300,153.2100,150.7400,151.0600,106.0654
2007-05-25,151.5000,152.0200,151.1800,151.6900,106.5077
2007-05-29,151.9400,152.5000,151.4500,152.2400,106.8939
2007-05-30,151.4600,153.5400,151.3400,153.4800,107.7645
2007-05-31,153.6700,153.8900,153.1200,153.3200,107.6523
2007-06-01,153.8800,154.4000,153.5100,154.0800,108.1858
2007-06-04,153.5400,154.3900,153.4800,154.1000,108.1999
2007-06-05,153.7400,153.9000,152.8600,153.4900,107.7716
2007-06-06,152.8600,152.9500,151.7500,151.8400,106.6131
2007-06-07,151.5600,152.5000,149.0600,149.1000,104.6892
2007-06-08,149.5800,151.1900,149.0900,151.0400,106.0514
2007-06-11,150.9300,151.9500,150.7000,151.3000,106.2339
2007-06-12,150.6700,151.5400,149.5500,149.6500,105.0754
2007-06-13,150.5000,152.0700,149.7200,151.8900,106.6481
2007-06-14,152.0600,153.1200,152.0300,152.8600,107.3292
2007-06-15,153.1400,153.6600,152.9300,153.0700,107.9399
2007-06-18,153.3800,153.3900,152.6600,152.8900,107.8130
2007-06-19,152.5500,153.3800,152.3600,153.2700,108.0809
2007-06-20,153.5800,153.5800,150.9600,151.1400,106.5789
2007-06-21,151.0800,152.1100,150.2500,151.9800,107.1713
2007-06-22,151.5200,151.7700,149.8500,150.5500,106.1629
2007-06-25,150.2400,151.2500,149.0200,149.8300,105.6552
2007-06-26,150.2100,150.4600,148.2800,148.2900,104.5692
2007-06-27,148.1300,150.5700,148.0600,150.4000,106.0571
2007-06-28,150.3800,151.4100,149.6700,150.3800,106.0430
2007-06-29,150.9000,151.6500,149.1500,150.4300,106.0783
2007-07-02,150.8700,151.9200,150.7700,151.7900,107.0373
2007-07-03,152.1800,152.5000,151.9900,152.3400,107.4252
2007-07-05,152.4000,152.5600,151.6300,152.1800,107.3123
2007-07-06,152.3800,153.1700,151.9300,152.9800,107.8764
2007-07-09,153.1600,153.3600,152.6200,153.1000,107.9611
2007-07-10,152.2900,152.6100,150.7700,150.9200,106.4238
2007-07-11,150.7500,152.0500,150.5200,151.9900,107.1783
2007-07-12,152.3700,154.7500,152.3400,154.3900,108.8707
2007-07-13,154.5700,155.4600,154.3900,154.8500,109.1951
2007-07-16,154.9900,155.5300,154.5800,154.8300,109.1810
2007-07-17,154.9300,155.4800,154.6800,154.7500,109.1246
2007-07-18,154.2300,154.8000,153.3000,154.4700,108.9272
2007-07-19,155.2000,155.5300,154.7500,155.0700,109.3503
2007-07-20,154.8900,154.9900,152.8300,153.5000,108.2431
2007-07-23,154.1800,154.7200,153.3000,153.9700,108.5746
2007-07-24,153.1200,154.2800,150.7600,151.3000,106.6918
2007-07-25,152.0200,152.3900,150.2500,151.6100,106.9104
2007-07-26,150.1900,150.8000,146.3900,148.0200,104.3788
2007-07-27,148.2100,148.8700,145.0500,145.1100,102.3268
2007-07-30,145.9300,147.8100,145.2900,147.3800,103.9275
2007-07-31,148.3300,149.4600,145.0400,145.7200,102.7570
2007-08-01,145.1800,147.0100,143.9500,146.4300,103.2576
2007-08-02,146.7600,147.7600,145.2600,147.6000,104.0826
2007-08-03,147.2800,147.5800,143.2000,143.8000,101.4030
2007-08-06,144.2100,146.8300,142.5300,146.2100,103.1025
2007-08-07,145.9400,149.0000,145.2300,147.7700,104.2025
2007-08-08,148.4100,150.5900,147.3400,149.8300,105.6552
2007-08-09,147.4300,148.9500,145.2900,145.3900,102.5243
2007-08-10,144.3900,146.5000,143.1200,144.7100,102.0447
2007-08-13,146.5000,146.8900,145.0200,145.2300,102.4114
2007-08-14,145.7000,146.0600,142.7200,143.0100,100.8459
2007-08-15,142.7200,144.4600,140.6200,141.0400,99.4567
2007-08-16,139.7900,142.9400,137.0000,142.1000,100.2043
2007-08-17,145.5000,145.8100,141.3900,144.7100,102.0447
2007-08-20,145.1700,145.4700,143.2900,144.6400,101.9954
2007-08-21,144.6000,145.9700,144.1400,144.9300,102.1999
2007-08-22,146.0100,146.8000,145.3300,146.6500,103.4127
2007-08-23,147.3400,147.6500,145.6100,146.5200,103.3211
2007-08-24,146.4800,148.3300,146.2800,148.3300,104.5975
2007-08-27,147.8500,148.3300,146.7300,146.9500,103.6242
2007-08-28,146.1600,146.2500,143.4600,143.7200,101.3466
2007-08-29,144.3700,146.7400,143.9600,146.5400,103.3352
2007-08-30,145.4500,147.1900,145.3100,146.1500,103.0601
2007-08-31,147.6500,148.5000,146.8300,147.5900,104.0756
2007-09-04,147.4500,149.9800,147.4000,149.0800,105.1263
2007-09-05,148.2000,148.3600,147.0000,147.7900,104.2166
2007-09-06,147.9500,148.6100,147.1200,148.1300,104.4564
2007-09-07,146.4800,146.8900,145.2600,146.0700,103.0037
2007-09-10,146.5200,146.7200,144.3300,145.7900,102.8063
2007-09-11,146.2400,147.7000,146.1300,147.4900,104.0051
2007-09-12,147.2900,148.4400,146.9800,147.8700,104.2731
2007-09-13,148.5500,149.4500,148.2000,148.9100,105.0064
2007-09-14,147.9600,149.0900,147.7400,148.9000,104.9994
2007-09-17,148.3100,148.6500,147.6300,148.1000,104.4352
2007-09-18,148.8300,152.5000,148.1300,152.4600,107.5098
2007-09-19,153.4100,154.3900,152.7100,153.3600,108.1444
2007-09-20,153.3400,153.4300,152.1100,152.2800,107.3829
2007-09-21,152.7100,153.1200,151.7400,151.9700,107.6726
2007-09-24,152.4200,152.8200,151.3600,151.6900,107.4742
2007-09-25,150.8100,151.6600,150.4700,151.3900,107.2617
2007-09-26,152.2500,152.7700,151.3900,152.1900,107.8285
2007-09-27,152.9100,153.1000,152.1900,153.0900,108.4662
2007-09-28,152.8500,153.1900,151.9800,152.5800,108.1048
2007-10-01,152.6000,154.7500,152.5000,154.3000,109.3235
2007-10-02,154.6100,154.6500,153.8100,154.0900,109.1747
2007-10-03,153.8100,154.4100,153.0100,153.7800,108.9550
2007-10-04,154.1100,154.2600,153.5900,154.0200,109.1251
2007-10-05,155.0300,156.1000,154.6300,155.8500,110.4217
2007-10-08,155.3900,155.4900,154.7700,155.0200,109.8336
2007-10-09,155.6000,156.5000,155.0300,156.4800,110.8680
2007-10-10,156.0400,156.4400,155.4100,156.2200,110.6838
2007-10-11,156.9300,157.5200,154.5400,155.4700,110.1524
2007-10-12,155.4600,156.3500,155.2700,156.3300,110.7617
2007-10-15,156.2700,156.3600,153.9400,155.0100,109.8265
2007-10-16,154.4100,154.5200,153.4700,153.7800,108.9550
2007-10-17,154.9800,155.0900,152.4700,154.2500,109.2880
2007-10-18,153.4500,154.1900,153.0800,153.6900,108.8913
2007-10-19,153.0900,156.4800,149.6600,149.6700,106.0430
2007-10-22,148.8600,150.7600,148.6600,150.5400,106.6595
2007-10-23,151.4600,151.9500,150.2500,151.7600,107.5239
2007-10-24,151.2100,151.7400,148.8400,151.4800,107.3254
2007-10-25,151.6500,152.2900,149.8800,151.8400,107.5806
2007-10-26,153.0600,153.6200,151.9000,153.6200,108.8417
2007-10-29,153.9300,154.4400,153.5500,154.1300,109.2030
2007-10-30,153.4500,153.7500,152.8700,153.0600,108.4449
2007-10-31,153.9800,155.2700,152.8400,154.6500,109.5714
2007-11-01,153.2900,153.4100,150.5900,151.0300,107.0066
2007-11-02,151.5300,152.0000,149.2100,151.2000,107.1271
2007-11-05,149.6400,151.1600,148.9700,150.0500,106.3122
2007-11-06,150.8600,152.1100,149.9000,152.0700,107.7435
2007-11-07,150.4400,151.1300,147.5500,147.9100,104.7961
2007-11-08,147.9900,148.4000,145.0700,147.1600,104.2647
2007-11-09,145.6900,147.5400,144.8900,145.1400,102.8334
2007-11-12,145.2100,146.6100,143.7000,143.7000,101.8132
2007-11-13,145.3700,148.3100,145.2200,148.0800,104.9165
2007-11-14,149.2200,149.4000,146.7800,147.6700,104.6260
2007-11-15,146.5700,147.4900,144.5200,145.5400,103.1169
2007-11-16,146.3100,146.4700,144.5700,145.7900,103.2940
2007-11-19,145.2800,145.3600,143.1900,143.7600,101.8557
2007-11-20,144.0200,145.5300,142.1100,144.6400,102.4792
2007-11-21,143.0800,143.9100,141.6700,141.6800,100.3820
2007-11-23,143.0700,144.3400,142.7000,144.1300,102.1179
2007-11-26,144.4300,144.8800,140.6600,140.9500,99.8648
2007-11-27,141.7400,143.2300,140.9500,142.5700,101.0126
2007-11-28,144.1900,147.4700,144.1400,147.1300,104.2434
2007-11-29,146.6200,147.7200,146.1000,147.1800,104.2788
2007-11-30,149.0400,149.8700,147.3300,148.6600,105.3274
2007-12-03,148.1900,148.4500,147.2900,147.6800,104.6331
2007-12-04,146.6600,147.5400,146.3100,146.3600,103.6979
2007-12-05,147.9300,149.2000,147.8300,148.8100,105.4337
2007-12-06,148.6300,151.2100,148.5700,150.9400,106.9429
2007-12-07,151.4200,151.5000,150.5500,150.9100,106.9216
2007-12-10,151.2800,152.2500,150.8600,152.0800,107.7505
2007-12-11,152.1400,152.8900,147.8300,147.9100,104.7961
2007-12-12,151.0600,151.7700,147.2000,149.3700,105.8305
2007-12-13,148.3200,149.3900,147.3000,149.0600,105.6109
2007-12-14,147.9300,149.1000,147.1000,147.1700,104.2717
2007-12-17,146.6100,146.8700,144.8600,145.0700,102.7839
2007-12-18,146.1000,146.4800,143.9600,145.8800,103.3578
2007-12-19,145.9400,146.8900,144.9400,145.8800,103.3578
2007-12-20,146.8400,146.8600,145.1800,146.8000,104.0096
2007-12-21,147.3700,148.4200,147.0900,148.1300,105.5090
2007-12-24,148.8200,149.4800,148.4800,149.2300,106.2925
2007-12-26,148.6500,149.6800,148.5000,149.5500,106.5204
2007-12-27,149.0200,149.0300,147.3200,147.6700,105.1813
2007-12-28,148.5400,148.6100,146.9000,147.3000,104.9178
2007-12-31,147.1000,147.6100,146.0600,146.2100,104.1414
2008-01-02,146.5300,146.9900,143.8800,144.9300,103.2297
2008-01-03,144.9100,145.4900,144.0700,144.8600,103.1798
2008-01-04,143.3400,143.4400,140.9100,141.3100,100.6513
2008-01-07,141.8100,142.2300,140.1000,141.1900,100.5658
2008-01-08,142.0800,142.9000,138.4400,138.9100,98.9418
2008-01-09,139.0900,140.7900,137.7000,140.3700,99.9817
2008-01-10,139.6800,142.8000,139.3700,141.2900,100.6370
2008-01-11,140.7800,141.9000,139.0000,140.1500,99.8250
2008-01-14,141.1600,141.8600,140.4000,141.2800,100.6299
2008-01-15,139.7900,141.4900,137.9000,138.1700,98.4147
2008-01-16,137.3600,139.1200,136.2800,136.9800,97.5671
2008-01-17,137.8100,137.8800,132.9300,133.4300,95.0385
2008-01-18,134.7400,135.0200,131.1000,132.0600,94.0627
2008-01-22,127.2100,132.4300,126.0000,130.7200,93.1083
2008-01-23,127.0900,134.1900,126.8400,133.8600,95.3448
2008-01-24,134.4800,135.4600,133.3100,134.9900,96.1497
2008-01-25,136.5100,136.7600,132.6000,133.0400,94.7608
2008-01-28,133.2600,135.5200,132.0600,135.2400,96.3277
2008-01-29,136.1000,136.4500,134.8800,135.9100,96.8050
2008-01-30,135.5800,138.5400,134.6000,134.9100,96.0927
2008-01-31,133.4000,138.5400,133.2000,137.3700,97.8449
2008-02-01,137.9400,139.6100,137.5200,139.5800,99.4190
2008-02-04,139.2100,139.3000,137.6400,137.8200,98.1654
2008-02-05,135.9400,136.2500,133.6700,134.1300,95.5371
2008-02-06,134.5800,135.2500,132.4100,133.0500,94.7679
2008-02-07,131.8000,134.7900,131.7300,133.9300,95.3947
2008-02-08,133.0900,134.2200,132.1000,133.0700,94.7821
2008-02-11,133.1000,134.2300,132.0400,133.7500,95.2665
2008-02-12,134.9100,136.3100,133.9800,134.9900,96.1497
2008-02-13,136.0100,137.0600,135.1400,136.3700,97.1326
2008-02-14,136.9500,137.0000,134.7900,135.1700,96.2779
2008-02-15,134.5000,135.2200,133.9100,135.1400,96.2565
2008-02-19,136.7200,136.8900,134.6100,135.5200,96.5272
2008-02-20,133.9900,136.5500,133.7600,135.9200,96.8120
2008-02-21,136.6600,137.0100,134.0700,134.7900,96.0072
2008-02-22,134.9700,135.8500,132.8600,135.6200,96.5984
2008-02-25,135.5400,137.6500,134.7800,137.3300,97.8164
2008-02-26,136.7500,138.9500,136.5000,138.3600,98.5500
2008-02-27,137.5600,139.1400,137.4100,138.2200,98.4503
2008-02-28,137.2400,137.9600,136.5500,136.8700,97.4887
2008-02-29,135.6000,135.6800,132.7800,133.8200,95.3164
2008-03-03,133.1400,133.8100,132.2400,133.5000,95.0884
2008-03-04,132.2300,133.4000,130.9900,132.9900,94.7251
2008-03-05,133.4200,134.7700,132.3400,133.8300,95.3234
2008-03-06,132.9800,133.2200,130.5500,131.0600,93.3504
2008-03-07,129.7700,131.7400,128.5800,129.7100,92.3889
2008-03-10,129.8400,129.9300,127.5900,128.0000,91.1709
2008-03-11,130.7200,132.7200,128.9500,132.6000,94.4473
2008-03-12,132.7400,133.7700,131.1600,131.3600,93.5641
2008-03-13,129.6100,132.6400,128.6000,131.6500,93.7707
2008-03-14,132.7700,132.8100,127.7800,129.6100,92.3177
2008-03-17,126.5700,129.2600,126.0700,128.3000,91.3846
2008-03-18,130.6200,133.6900,129.9800,133.6300,95.1810
2008-03-19,134.1400,134.6500,130.0400,130.3200,92.8234
2008-03-20,130.0500,132.9100,129.2600,132.0800,94.5427
2008-03-24,133.3100,135.8100,133.2400,134.7200,96.4324
2008-03-25,134.8600,135.5500,133.7700,134.8500,96.5255
2008-03-26,134.4600,135.0900,133.1100,133.2000,95.3444
2008-03-27,134.2000,134.4400,132.3600,132.7800,95.0438
2008-03-28,132.9900,133.3600,131.0600,131.5100,94.1347
2008-03-31,131.2900,132.7300,131.0900,131.9700,94.4640
2008-04-01,133.6100,136.8400,133.5100,136.6100,97.7853
2008-04-02,137.0500,137.6700,135.9800,136.7000,97.8497
2008-04-03,135.9600,137.4400,135.7100,137.0400,98.0931
2008-04-04,137.1200,137.9600,136.1200,136.8900,97.9857
2008-04-07,137.8700,138.5700,136.7400,136.9600,98.0358
2008-04-08,136.1900,136.9200,135.9500,136.8200,97.9356
2008-04-09,136.6100,136.8000,134.8900,135.8300,97.2269
2008-04-10,135.4200,136.6700,134.9000,136.0200,97.3629
2008-04-11,134.4900,135.1200,133.0100,133.3800,95.4732
2008-04-14,133.1900,133.5400,132.5500,132.9300,95.1511
2008-04-15,133.5800,133.6900,132.3300,133.2400,95.3731
2008-04-16,134.5400,136.9100,134.5200,136.8500,97.9571
2008-04-17,136.0200,137.2500,135.6600,137.0500,98.1003
2008-04-18,138.9400,139.5600,138.2600,138.4800,99.1238
2008-04-21,138.2300,138.9800,137.8500,138.5500,99.1740
2008-04-22,138.1900,138.3100,136.9000,137.9400,98.7373
2008-04-23,138.0900,138.7800,137.1200,137.7200,98.5798
2008-04-24,138.0800,139.7400,137.0400,138.3200,99.0093
2008-04-25,139.4000,139.8900,137.9100,139.6000,99.9256
2008-04-28,139.8800,140.2500,139.3800,139.6300,99.9470
2008-04-29,139.3900,139.7300,138.6100,139.0800,99.5533
2008-04-30,139.2900,140.5900,138.2600,138.2600,98.9664
2008-05-01,138.3800,141.1200,138.2700,141.1200,101.0136
2008-05-02,142.3400,142.3700,140.5600,141.5100,101.2927
2008-05-05,141.0500,141.6100,140.4100,140.8300,100.8060
2008-05-06,140.0200,142.2000,139.6900,142.0500,101.6792
2008-05-07,141.8900,142.0400,139.1300,139.5200,99.8683
2008-05-08,139.7400,140.3200,138.9800,139.1600,99.6106
2008-05-09,138.6000,139.3900,138.4500,138.9000,99.4244
2008-05-12,139.2500,140.5600,138.7300,140.4600,100.5411
2008-05-13,140.8000,140.8900,139.7300,140.4800,100.5554
2008-05-14,141.0700,142.2000,140.4600,140.7700,100.7630
2008-05-15,141.0400,142.6300,140.8300,142.5300,102.0228
2008-05-16,142.8600,142.8700,141.6100,142.6600,102.1159
2008-05-19,142.8100,144.3000,142.3000,143.0500,102.3950
2008-05-20,142.2700,142.3400,141.0000,141.8900,101.5647
2008-05-21,141.8100,142.1200,139.0000,139.4900,99.8468
2008-05-22,139.4300,140.1700,139.0000,139.5100,99.8611
2008-05-23,139.0500,139.6600,137.5200,137.6400,98.5226
2008-05-27,137.8000,139.0000,137.5300,138.6600,99.2527
2008-05-28,139.1700,140.0000,138.0000,139.3000,99.7108
2008-05-29,139.1300,140.9300,139.0800,140.0000,100.2118
2008-05-30,140.4700,140.7400,139.9400,140.3500,100.4624
2008-06-02,139.8300,139.8600,138.0000,138.9000,99.4244
2008-06-03,139.3000,139.6200,137.2300,138.0900,98.8447
2008-06-04,137.7000,139.1600,137.4600,138.0200,98.7946
2008-06-05,138.5800,140.8900,138.3200,140.7800,100.7702
2008-06-06,139.5500,139.8000,136.2200,136.2900,97.5562
2008-06-09,136.8600,137.5000,135.4100,136.6200,97.7924
2008-06-10,135.6700,137.1000,135.3500,135.9400,97.3057
2008-06-11,135.9700,136.2600,133.9300,133.9400,95.8741
2008-06-12,134.6000,135.8700,133.5200,134.4500,96.2392
2008-06-13,135.1700,136.5200,134.4200,136.1500,97.4560
2008-06-16,135.5500,136.9300,135.4600,136.2300,97.5133
2008-06-17,137.0700,137.1200,135.3700,135.5700,97.0409
2008-06-18,134.6900,135.5200,133.7100,134.2500,96.0960
2008-06-19,134.1500,135.2400,133.5000,134.4200,96.2176
2008-06-20,132.8400,133.0900,131.2200,131.5800,94.6559
2008-06-23,132.0900,132.2300,131.3200,131.4500,94.5624
2008-06-24,131.0500,132.4400,130.1900,131.1900,94.3754
2008-06-25,131.7200,133.4000,131.2400,131.8100,94.8214
2008-06-26,130.5700,131.4200,128.0800,128.2300,92.2460
2008-06-27,128.2800,128.8600,127.0400,127.5300,91.7424
2008-06-30,127.8900,128.9100,127.3000,127.9800,92.0662
2008-07-01,126.5200,128.4700,125.9300,128.3800,92.3539
2008-07-02,128.7900,129.1600,125.9500,126.1800,90.7713
2008-07-03,127.1100,127.1100,124.9900,126.3100,90.8648
2008-07-07,126.7900,127.3400,123.9200,125.0200,89.9368
2008-07-08,124.9900,127.3900,124.2000,127.2400,91.5338
2008-07-09,127.5000,127.7400,124.3900,124.7900,89.7713
2008-07-10,124.4300,125.7900,123.5800,125.3000,90.1382
2008-07-11,123.9700,125.9000,122.4900,123.8400,89.0879
2008-07-14,125.2600,125.5000,122.4000,122.7200,88.2822
2008-07-15,121.8000,123.4900,120.0200,120.9900,87.0377
2008-07-16,121.4500,124.5700,121.1000,123.9600,89.1743
2008-07-17,125.1400,126.2600,124.0900,125.2000,90.0663
2008-07-18,126.1700,126.4200,125.1500,125.9800,90.6274
2008-07-21,126.5100,126.8000,125.1900,126.0500,90.6778
2008-07-22,125.1500,127.8000,124.8500,127.4800,91.7065
2008-07-23,127.8900,129.1500,127.5500,128.1700,92.2029
2008-07-24,128.3400,128.4100,125.1600,125.5100,90.2893
2008-07-25,125.8900,126.4900,125.1700,125.4800,90.2677
2008-07-28,125.5100,126.0600,123.4200,123.6400,88.9440
2008-07-29,123.9800,126.3800,123.6400,126.2800,90.8432
2008-07-30,127.1100,128.6000,126.2800,128.5300,92.4618
2008-07-31,127.4000,128.5700,126.6300,126.8300,91.2388
2008-08-01,127.1200,127.2800,125.4600,126.1600,90.7569
2008-08-04,126.0400,126.1400,124.7600,124.9900,89.9152
2008-08-05,126.0200,128.5600,124.9700,128.3600,92.3395
2008-08-06,128.0200,129.3000,127.4800,128.9300,92.7496
2008-08-07,127.9600,128.4400,126.5400,127.0100,91.3683
2008-08-08,126.5800,129.9300,126.3800,129.3700,93.0661
2008-08-11,129.4700,131.5100,129.2300,130.7100,94.0301
2008-08-12,130.2800,130.7000,128.7300,129.3500,93.0517
2008-08-13,128.7900,129.6500,127.6700,128.5700,92.4906
2008-08-14,127.8400,130.2800,127.7500,129.5400,93.1884
2008-08-15,129.9300,130.5000,129.3000,130.1700,93.6416
2008-08-18,130.4300,130.4800,127.6600,128.3900,92.3611
2008-08-19,127.4200,127.6900,126.5300,126.9900,91.3540
2008-08-20,127.3900,127.9500,126.3400,127.5800,91.7784
2008-08-21,126.7500,128.4400,126.6000,127.8000,91.9367
2008-08-22,128.6700,129.6500,127.8000,129.6500,93.2675
2008-08-25,128.8000,129.6500,126.7500,127.0200,91.3755
2008-08-26,127.0200,127.8700,126.5800,127.3900,91.6417
2008-08-27,127.5500,128.8300,127.3000,128.6300,92.5337
2008-08-28,129.2800,130.3400,129.1100,130.1900,93.6560
2008-08-29,129.7300,130.1400,128.5100,128.7900,92.6489
2008-09-02,130.0300,130.7100,127.5200,127.9900,92.0733
2008-09-03,127.8800,128.5000,126.9300,127.8800,91.9942
2008-09-04,126.9700,127.2300,123.9600,124.0300,89.2246
2008-09-05,123.2900,124.9500,122.0000,124.4200,89.5052
2008-09-08,128.0400,128.2400,124.4200,126.9900,91.3540
2008-09-09,127.1000,127.3600,122.8000,123.2200,88.6419
2008-09-10,123.8900,124.9000,122.5500,123.7200,89.0016
2008-09-11,122.1200,125.7400,121.6000,125.5100,90.2893
2008-09-12,124.2900,126.2100,123.8300,126.0900,90.7065
2008-09-15,121.6300,125.6500,119.8900,120.0900,86.3902
2008-09-16,117.2000,122.3200,117.0000,122.1000,87.8362
2008-09-17,119.6400,121.8500,116.0000,116.6100,83.8868
2008-09-18,118.0500,121.7900,113.8000,120.0700,86.3759
2008-09-19,126.7000,128.0000,123.3300,124.1200,89.8062
2008-09-22,124.4500,124.7500,120.3600,121.3100,87.7730
2008-09-23,120.8500,122.0200,118.2800,118.5500,85.7760
2008-09-24,119.3500,120.0000,117.7900,118.9300,86.0510
2008-09-25,119.4000,121.9100,118.4400,120.7900,87.3968
2008-09-26,118.8300,121.5000,118.5100,120.8500,87.4402
2008-09-29,119.1400,119.3400,110.9700,111.3800,80.5883
2008-09-30,113.5100,116.8000,110.5300,115.9900,83.9238
2008-10-01,115.2700,116.6900,113.9500,116.0600,83.9744
2008-10-02,114.9500,115.1100,111.0600,111.8500,80.9283
2008-10-03,112.8600,115.4500,109.6800,110.3400,79.8358
2008-10-06,107.1500,107.6200,100.6400,104.7200,75.7694
2008-10-07,106.8400,107.3300,99.6500,100.0300,72.3760
2008-10-08,97.5200,102.1800,96.8100,97.5100,70.5527
2008-10-09,99.6600,100.6200,90.2500,90.7000,65.6254
2008-10-10,86.7600,93.9400,83.5800,88.5000,64.0335
2008-10-13,93.8700,101.3500,89.9500,101.3500,73.3311
2008-10-14,104.7000,105.5300,97.1100,99.8500,72.2458
2008-10-15,97.4600,97.8000,89.7100,90.0200,65.1333
2008-10-16,91.2900,94.7700,86.5400,93.7700,67.8466
2008-10-17,91.9900,98.5900,91.6500,93.2100,67.4415
2008-10-20,95.3500,99.1000,94.0900,98.8100,71.4933
2008-10-21,96.9700,98.6400,95.2200,95.8600,69.3589
2008-10-22,93.2000,95.8600,87.5300,90.6400,65.5819
2008-10-23,90.2900,92.4500,85.8100,91.6900,66.3417
2008-10-24,84.0600,89.9200,84.0000,87.0400,62.9772
2008-10-27,85.9700,89.5100,83.7000,83.9500,60.7414
2008-10-28,87.3400,94.2400,84.5300,93.7600,67.8394
2008-10-29,93.7700,97.1700,92.1000,93.0800,67.3474
2008-10-30,95.7800,96.5400,92.9000,96.3000,69.6772
2008-10-31,95.0800,98.5700,94.4800,96.8300,70.0607
2008-11-03,96.7800,97.6900,95.9500,97.1100,70.2633
2008-11-04,99.0600,100.8600,96.7100,100.4100,72.6510
2008-11-05,99.2000,100.7100,95.0000,96.1900,69.5976
2008-11-06,94.4600,95.4400,90.0600,90.8600,65.7411
2008-11-07,91.6500,94.0000,90.5000,93.8600,67.9118
2008-11-10,95.2100,95.5300,90.9200,92.6300,67.0218
2008-11-11,90.7600,92.1400,88.6500,89.7700,64.9525
2008-11-12,88.2300,88.9500,85.1200,85.8200,62.0945
2008-11-13,86.1300,91.7300,82.0900,91.1700,65.9654
2008-11-14,89.4100,92.0600,86.5200,86.6200,62.6733
2008-11-17,86.3800,88.5600,85.1600,85.4700,61.8412
2008-11-18,85.1500,87.2200,82.9100,87.0800,63.0062
2008-11-19,85.9100,86.8700,80.9200,81.5000,58.9688
2008-11-20,80.1300,82.5100,75.0500,75.4500,54.5913
2008-11-21,77.4600,80.9000,74.3400,79.5200,57.5361
2008-11-24,81.9200,86.9900,80.3600,85.0300,61.5229
2008-11-25,87.3000,87.5100,83.8200,85.6600,61.9787
2008-11-26,84.3000,89.1900,84.2400,88.9700,64.3736
2008-11-28,88.6300,90.1300,88.4800,90.0900,65.1840
2008-12-01,87.5100,87.5500,81.8600,82.1100,59.4101
2008-12-02,83.4700,85.4900,82.0400,85.2700,61.6965
2008-12-03,83.4000,87.8300,83.1400,87.3200,63.1798
2008-12-04,86.0600,88.0500,83.7400,85.3000,61.7182
2008-12-05,83.6500,88.4200,82.2400,87.9300,63.6212
2008-12-08,90.3400,92.3800,88.0800,91.0000,65.8424
2008-12-09,90.3700,92.1300,88.9800,89.5000,64.7571
2008-12-10,90.3200,91.3600,89.0000,90.1100,65.1985
2008-12-11,89.5400,91.0000,87.3700,87.9400,63.6284
2008-12-12,85.5500,89.0700,85.2000,88.9900,64.3881
2008-12-15,89.0200,89.1500,86.2900,87.7500,63.4909
2008-12-16,91.8800,92.0200,88.1800,91.8800,66.4791
2008-12-17,90.8400,92.4300,90.0600,90.9900,65.8352
2008-12-18,91.4000,91.6700,88.2100,89.2900,64.6052
2008-12-19,89.1000,90.6200,88.0900,88.1900,64.3273
2008-12-22,88.5800,88.6700,85.4900,87.0600,63.5030
2008-12-23,87.5300,87.9300,85.8000,86.1600,62.8466
2008-12-24,86.4500,86.8700,86.0000,86.6600,63.2113
2008-12-26,87.2400,87.3000,86.5000,87.1600,63.5760
2008-12-29,87.2400,87.3300,85.6000,86.9100,63.3936
2008-12-30,87.5100,89.0500,86.8800,88.9700,64.8962
2008-12-31,89.0800,90.9700,88.8700,90.2400,65.8226
2009-01-02,90.4400,93.4400,89.8500,92.9600,67.8066
2009-01-05,92.6300,93.6600,91.8900,92.8500,67.7263
2009-01-06,93.6400,94.4500,92.6800,93.4700,68.1786
2009-01-07,92.0000,92.2600,90.2000,90.6700,66.1362
2009-01-08,90.1600,91.0900,89.6700,91.0400,66.4061
2009-01-09,91.1600,91.3200,85.3600,89.0900,64.9838
2009-01-12,88.8400,88.9100,86.4100,86.9500,63.4228
2009-01-13,86.7300,87.8800,86.2000,87.1100,63.5395
2009-01-14,85.5400,85.7500,83.1600,84.3700,61.5409
2009-01-15,84.1200,85.2500,81.7200,84.4000,61.5628
2009-01-16,85.8600,85.9900,83.0500,85.0600,62.0442
2009-01-20,84.2300,85.0600,80.0500,80.5700,58.7691
2009-01-21,81.9400,84.2400,80.4700,84.0500,61.3075
2009-01-22,82.4200,84.0400,81.1700,82.7500,60.3592
2009-01-23,80.9000,83.9900,80.5700,83.1100,60.6218
2009-01-26,83.5900,85.3600,82.8100,83.6800,61.0376
2009-01-27,84.1300,85.1500,83.3000,84.5300,61.6576
2009-01-28,86.4000,87.9500,86.0700,87.3900,63.7437
2009-01-29,86.1100,87.4900,84.4700,84.5500,61.6722
2009-01-30,84.9800,85.4000,82.2100,82.8300,60.4176
2009-02-02,81.5700,83.1800,81.3100,82.5800,60.2352
2009-02-03,83.1000,84.3600,82.2200,83.7400,61.0814
2009-02-04,84.3000,85.3700,83.0400,83.3300,60.7823
2009-02-05,82.7000,85.2900,77.7300,84.5700,61.6868
2009-02-06,84.8600,87.3400,84.6800,86.9800,63.4447
2009-02-09,86.9600,87.7400,86.3200,87.1000,63.5322
2009-02-10,86.2700,87.0300,82.4500,83.1100,60.6218
2009-02-11,83.4500,84.0500,82.4000,83.6000,60.9792
2009-02-12,82.1700,83.8200,81.0500,83.6600,61.0230
2009-02-13,83.5500,84.2400,82.7400,82.7600,60.3665
2009-02-17,80.1600,82.9600,79.1700,79.2200,57.7844
2009-02-18,79.7900,79.9400,78.2800,79.0300,57.6458
2009-02-19,79.8400,80.1500,78.0200,78.1800,57.0258
2009-02-20,76.7300,78.3400,75.7700,77.4200,56.4714
2009-02-23,78.2700,78.2700,74.5900,74.6500,54.4510
2009-02-24,75.2900,77.9500,74.7000,77.4800,56.5152
2009-02-25,77.1400,78.4200,75.6300,76.8700,56.0703
2009-02-26,77.8200,79.6700,75.5300,75.6200,55.1585
2009-02-27,74.0100,75.6900,73.8100,73.9300,53.9258
2009-03-02,72.5200,73.9200,70.3700,70.6000,51.4968
2009-03-03,71.6100,71.7000,69.6400,70.0700,51.1102
2009-03-04,71.2300,72.8700,70.0700,71.7300,52.3211
2009-03-05,70.1000,71.7300,68.1700,68.8000,50.1839
2009-03-06,69.4000,70.4500,67.1000,68.9200,50.2714
2009-03-09,67.9500,70.0000,67.7300,68.1100,49.6806
2009-03-10,69.5100,72.3700,69.3700,72.1700,52.6420
2009-03-11,73.0000,73.7500,71.8300,72.6400,52.9848
2009-03-12,72.6200,75.7500,71.9700,75.5000,55.0709
2009-03-13,76.0100,76.9800,74.7300,76.0900,55.5013
2009-03-16,76.9600,77.9700,75.8100,75.8600,55.3335
2009-03-17,76.0700,78.3600,75.4500,78.1800,57.0258
2009-03-18,77.8100,80.9000,77.0700,79.9300,58.3022
2009-03-19,80.9300,81.0000,78.6900,78.9400,57.5802
2009-03-20,78.7600,78.9100,76.5300,76.7100,56.3540
2009-03-23,78.7400,82.2900,78.3100,82.2200,60.4019
2009-03-24,81.2400,82.3600,80.5100,80.6000,59.2118
2009-03-25,81.2300,82.7000,79.0600,81.4500,59.8362
2009-03-26,82.2500,83.3000,81.3200,83.1100,61.0557
2009-03-27,82.0500,82.5300,81.3100,81.6100,59.9538
2009-03-30,79.8000,79.8700,77.9600,78.7900,57.8821
2009-03-31,79.5600,81.0800,79.0500,79.5200,58.4184
2009-04-01,78.5300,81.4200,78.3300,81.0600,59.5497
2009-04-02,83.0800,84.6100,81.1300,83.4300,61.2908
2009-04-03,83.4900,84.2800,82.6700,84.2600,61.9006
2009-04-06,83.3400,84.2800,82.2900,83.6000,61.4157
2009-04-07,82.2500,82.6500,81.5100,81.6500,59.9832
2009-04-08,82.0600,82.9400,81.5400,82.5300,60.6296
2009-04-09,84.6700,85.8200,84.3300,85.8100,63.0392
2009-04-13,84.9200,86.5400,84.5800,85.8300,63.0539
2009-04-14,85.0300,85.7600,84.0800,84.3500,61.9667
2009-04-15,83.8400,85.4200,83.6100,85.2500,62.6279
2009-04-16,85.9300,87.1500,84.7700,86.5000,63.5461
2009-04-17,86.8300,87.6500,86.1400,87.0800,63.9723
2009-04-20,85.5400,87.0500,83.3400,83.4300,61.2908
2009-04-21,82.8200,85.1300,82.7500,85.0600,62.4882
2009-04-22,84.2900,86.3400,84.0700,84.5400,62.1062
2009-04-23,84.7100,85.4200,83.6300,85.3700,62.7160
2009-04-24,86.0300,87.3100,85.6900,86.6600,63.6637
2009-04-27,85.6800,87.0100,85.5400,85.8400,63.0613
2009-04-28,84.9700,86.5900,84.7600,85.5700,62.8629
2009-04-29,86.5200,88.3600,86.3000,87.3900,64.2000
2009-04-30,88.5500,89.0200,86.9200,87.4200,64.2220
2009-05-01,87.4400,88.2100,86.7200,87.8900,64.5673
2009-05-04,88.5500,90.9400,88.3800,90.8800,66.7639
2009-05-05,90.5700,90.9300,89.8400,90.5700,66.5361
2009-05-06,91.6800,92.2000,90.6100,92.1400,67.6895
2009-05-07,93.0100,93.1500,90.2800,90.8600,66.7492
2009-05-08,92.0300,93.2200,91.4400,92.9800,68.3066
2009-05-11,91.7000,92.1100,91.0400,91.2400,67.0283
2009-05-12,91.6300,91.8300,89.8500,90.9700,66.8300
2009-05-13,89.7400,90.0100,88.5000,88.6800,65.1477
2009-05-14,88.7200,90.1200,88.5000,89.4400,65.7060
2009-05-15,89.3700,90.0000,88.1500,88.7100,65.1697
2009-05-18,89.5500,91.3400,88.5700,91.2300,67.0210
2009-05-19,91.1800,91.9700,90.8100,91.1200,66.9402
2009-05-20,91.9500,92.8000,90.4100,90.5100,66.4921
2009-05-21,89.4600,89.8000,88.2600,89.2100,65.5370
2009-05-22,89.4600,90.0000,88.6800,89.0200,65.3974
2009-05-26,88.3600,91.5600,88.3200,91.3000,67.0724
2009-05-27,91.4400,91.7500,89.5300,89.6700,65.8749
2009-05-28,90.4600,91.3400,89.1000,90.9200,66.7933
2009-05-29,91.4200,93.7000,90.6800,92.5300,67.9760
2009-06-01,93.6700,95.1700,93.4300,94.7700,69.6216
2009-06-02,94.4000,95.3700,94.2300,94.8500,69.6804
2009-06-03,94.0400,94.1300,92.7600,93.6500,68.7988
2009-06-04,94.0000,94.6700,93.3000,94.5300,69.4453
2009-06-05,95.4900,95.6700,93.8000,94.5500,69.4600
2009-06-08,93.8400,95.1000,93.0400,94.1600,69.1734
2009-06-09,94.6900,95.1400,94.0200,94.6400,69.5261
2009-06-10,95.4800,95.4900,93.1900,94.4000,69.3498
2009-06-11,94.5800,96.1100,94.5600,94.8200,69.6583
2009-06-12,94.4000,95.1400,94.0000,95.0800,69.8493
2009-06-15,93.9600,94.0200,92.4000,92.9000,68.2478
2009-06-16,93.2300,93.2900,91.5800,91.6400,67.3222
2009-06-17,91.6000,92.3300,90.8300,91.5500,67.2561
2009-06-18,91.6900,92.6700,91.2500,92.2200,67.7483
2009-06-19,92.5800,92.7000,91.5200,92.0400,67.9980
2009-06-22,91.1400,91.1900,89.2500,89.2800,65.9590
2009-06-23,89.4700,89.8800,88.8500,89.3500,66.0107
2009-06-24,90.1600,91.0800,89.6000,90.1200,66.5795
2009-06-25,89.6700,92.1700,89.5700,92.0800,68.0275
2009-06-26,91.7700,92.2400,91.2700,91.8400,67.8502
2009-06-29,92.1100,92.8200,91.6000,92.7000,68.4856
2009-06-30,92.7200,93.0600,91.2700,91.9500,67.9315
2009-07-01,92.3400,93.2300,92.2100,92.3300,68.2122
2009-07-02,91.1300,92.3600,89.7600,89.8100,66.3505
2009-07-06,88.9400,89.9300,88.6600,89.8000,66.3431
2009-07-07,89.7100,89.8200,88.0000,88.0600,65.0576
2009-07-08,88.5900,88.8000,87.0000,88.0000,65.0133
2009-07-09,88.6100,88.9000,87.9100,88.1700,65.1389
2009-07-10,87.7000,88.4900,87.3500,87.9600,64.9837
2009-07-13,88.3100,90.1700,87.5900,90.1000,66.5648
2009-07-14,90.3800,90.6900,89.7300,90.6100,66.9415
2009-07-15,91.8100,93.5100,90.6800,93.2600,68.8993
2009-07-16,93.0000,94.5100,92.8200,93.1100,68.7885
2009-07-17,94.0600,94.3200,93.5400,94.1300,69.5421
2009-07-20,94.6800,95.2900,94.1900,95.1300,70.2808
2009-07-21,95.8700,95.9000,94.4200,95.5700,70.6059
2009-07-22,94.9600,96.1300,94.8900,95.5500,70.5911
2009-07-23,95.6100,98.0800,95.5300,97.6600,72.1500
2009-07-24,97.2000,98.1400,96.6900,98.0600,72.4455
2009-07-27,97.8800,98.4000,97.3400,98.3500,72.6597
2009-07-28,97.6600,98.3700,97.0600,97.8900,72.3199
2009-07-29,97.4400,98.0900,96.9800,97.6500,72.1426
2009-07-30,98.8300,99.8300,98.6000,98.6700,72.8961
2009-07-31,98.6500,99.4700,98.3800,98.8100,72.9996
2009-08-03,99.8500,100.5300,99.3100,100.4400,74.2038
2009-08-04,99.9900,100.8400,99.7800,100.7000,74.3959
2009-08-05,100.7700,100.8600,99.5800,100.4100,74.1816
2009-08-06,100.8700,101.0200,99.4200,99.8900,73.7975
2009-08-07,100.9400,102.0300,100.3900,101.2000,74.7653
2009-08-10,100.7400,101.2200,100.2700,100.9900,74.6101
2009-08-11,100.5400,100.6100,99.4600,99.7300,73.6793
2009-08-12,99.5600,101.5600,99.5100,100.8000,74.4698
2009-08-13,101.2600,101.6100,100.2600,101.5700,75.0386
2009-08-14,101.5200,101.6000,99.7000,100.7900,74.4624
2009-08-17,98.8500,98.9500,98.1100,98.3100,72.6302
2009-08-18,98.5300,99.4400,98.3500,99.0900,73.2065
2009-08-19,98.3100,100.3000,98.2100,99.9600,73.8492
2009-08-20,100.0900,101.2200,99.8700,100.9900,74.6101
2009-08-21,101.8200,103.1300,101.6200,102.9700,76.0729
2009-08-24,103.3900,103.9500,102.5900,102.9600,76.0656
2009-08-25,103.3700,104.2600,102.9400,103.1600,76.2133
2009-08-26,102.8400,103.6400,102.4900,103.1700,76.2207
2009-08-27,103.1100,103.7200,101.9400,103.4000,76.3906
2009-08-28,104.2300,104.3500,102.6700,103.3800,76.3758
2009-08-31,102.3700,102.5800,101.7900,102.4600,75.6961
2009-09-01,101.9500,103.2400,99.9900,100.2000,74.0265
2009-09-02,99.7800,100.4400,99.5700,99.8200,73.7458
2009-09-03,100.4000,100.7700,99.5900,100.6500,74.3589
2009-09-04,100.8500,102.0900,100.5500,102.0600,75.4006
2009-09-08,103.0000,103.0500,102.3900,102.9400,76.0508
2009-09-09,103.1200,104.0800,102.8000,103.7300,76.6344
2009-09-10,103.8000,104.8600,103.2200,104.7900,77.4175
2009-09-11,104.9900,105.3000,104.2800,104.7700,77.4027
2009-09-14,103.8800,105.4600,103.1500,105.2800,77.7795
2009-09-15,105.4500,106.1100,104.7600,105.7200,78.1046
2009-09-16,106.1000,107.3400,105.7300,107.3200,79.2867
2009-09-17,107.1700,108.0600,106.5700,107.1600,79.1685
2009-09-18,107.1500,107.1600,106.3600,106.7200,79.2189
2009-09-21,105.8900,107.0000,105.6600,106.4500,79.0185
2009-09-22,107.0800,107.3700,106.6000,107.0700,79.4787
2009-09-23,107.3200,108.0300,105.9900,106.1800,78.8181
2009-09-24,106.4100,106.6400,104.5500,105.0100,77.9496
2009-09-25,104.7800,105.3600,104.0900,104.4500,77.5339
2009-09-28,104.8500,106.5500,104.8300,106.3200,78.9220
2009-09-29,106.5100,107.0200,105.7800,106.0000,78.6845
2009-09-30,106.3600,106.4600,104.6200,105.5900,78.3801
2009-10-01,103.0000,105.7300,102.9500,102.9700,76.4353
2009-10-02,102.0200,103.1000,101.9900,102.4900,76.0790
2009-10-05,102.9000,104.3200,102.6000,104.0200,77.2147
2009-10-06,104.7700,106.1100,104.7100,105.5100,78.3207
2009-10-07,105.2700,105.9100,105.0700,105.8000,78.5360
2009-10-08,106.5500,107.1700,105.8500,106.6100,79.1373
2009-10-09,106.6400,107.2600,106.3600,107.2600,79.6198
2009-10-12,107.7600,108.0900,107.2800,107.6800,79.9315
2009-10-13,107.3900,107.7100,106.7600,107.4600,79.7682
2009-10-14,108.7200,109.4200,107.4200,109.3100,81.1415
2009-10-15,108.7800,109.7100,108.7300,109.7100,81.4384
2009-10-16,108.8000,109.2700,108.2300,108.8900,80.8297
2009-10-19,109.0700,110.1300,108.7300,109.7900,81.4978
2009-10-20,109.9500,109.9900,108.6800,109.2100,81.0673
2009-10-21,109.0400,110.3100,108.1500,108.2300,80.3398
2009-10-22,108.1900,109.6800,107.5000,109.3300,81.1564
2009-10-23,109.6900,109.7600,107.6300,108.0800,80.2285
2009-10-26,108.2000,109.3100,106.6100,106.9100,79.3600
2009-10-27,107.0300,107.3900,106.1600,106.4200,78.9962
2009-10-28,106.1500,106.4800,104.3500,104.4100,77.5042
2009-10-29,105.1900,106.8600,104.9400,106.6500,79.1670
2009-10-30,106.3000,106.6200,103.4400,103.5600,76.8732
2009-11-02,104.1300,105.4100,103.0800,104.3200,77.4374
2009-11-03,103.7400,104.8000,103.5400,104.6500,77.6823
2009-11-04,105.5100,106.3300,104.6500,104.9200,77.8828
2009-11-05,105.6600,106.8800,105.4400,106.8500,79.3155
2009-11-06,106.2600,107.4000,106.0500,107.1300,79.5233
2009-11-09,107.9500,109.6300,107.8700,109.5700,81.3345
2009-11-10,109.3100,109.9300,108.9700,109.5900,81.3493
2009-11-11,110.3100,110.8200,109.6200,110.1500,81.7650
2009-11-12,110.0000,110.5700,108.7500,109.0300,80.9337
2009-11-13,109.3100,110.0900,108.7500,109.6200,81.3716
2009-11-16,110.3800,111.6900,110.3200,111.2100,82.5519
2009-11-17,110.9200,111.3900,110.5000,111.3400,82.6484
2009-11-18,111.2600,111.4300,110.5700,111.2700,82.5965
2009-11-19,110.5100,111.3100,109.1300,109.8200,81.5201
2009-11-20,109.2500,109.7600,109.0100,109.4300,81.2306
2009-11-23,110.7200,111.7400,110.6000,110.8200,82.2624
2009-11-24,111.0000,111.2000,110.0100,110.9900,82.3885
2009-11-25,111.1700,111.5000,110.8200,111.3800,82.6781
2009-11-27,108.4000,110.3200,108.2900,109.5700,81.3345
2009-11-30,109.4800,110.2000,108.1200,109.9400,81.6091
2009-12-01,110.9200,111.6600,110.7300,111.3000,82.6187
2009-12-02,111.2800,112.0100,110.9200,111.2500,82.5816
2009-12-03,111.5500,112.1800,110.2900,110.3800,81.9358
2009-12-04,111.8400,112.3800,110.0400,111.0100,82.4034
2009-12-07,110.9100,111.5300,110.4900,110.8400,82.2772
2009-12-08,110.0400,110.7700,109.2700,109.6100,81.3642
2009-12-09,109.5800,110.1800,109.0200,110.0200,81.6685
2009-12-10,110.7000,111.1200,110.4500,110.6400,82.1288
2009-12-11,111.1100,111.3600,110.6100,111.1100,82.4776
2009-12-14,111.8700,112.0000,111.1300,111.8700,83.0418
2009-12-15,111.4600,111.9200,111.0000,111.3500,82.6558
2009-12-16,111.8000,112.1300,111.2700,111.5200,82.7820
2009-12-17,110.7200,110.9300,110.0800,110.1800,81.7873
2009-12-18,110.2000,110.3000,109.2800,110.2100,82.2500
2009-12-21,110.7600,111.7000,110.7600,111.3300,83.0859
2009-12-22,111.5700,111.9700,111.4300,111.7300,83.3844
2009-12-23,112.0000,112.1100,111.5000,111.9500,83.5486
2009-12-24,112.1900,112.6000,112.0000,112.4800,83.9442
2009-12-28,112.9000,112.9900,112.3200,112.7200,84.1232
2009-12-29,113.0100,113.0300,112.5500,112.5600,84.0038
2009-12-30,112.2300,112.6500,112.1700,112.5200,83.9740
2009-12-31,112.7700,112.8000,111.3900,111.4400,83.1680
2010-01-04,112.3700,113.3900,111.5100,113.3300,84.5785
2010-01-05,113.2600,113.6800,112.8500,113.6300,84.8024
2010-01-06,113.5200,113.9900,113.4300,113.7100,84.8620
2010-01-07,113.5000,114.3300,113.1800,114.1900,85.2203
2010-01-08,113.8900,114.6200,113.6600,114.5700,85.5039
2010-01-11,115.0800,115.1300,114.2400,114.7300,85.6233
2010-01-12,113.9700,114.2100,113.2200,113.6600,84.8248
2010-01-13,113.9500,114.9400,113.3700,114.6200,85.5412
2010-01-14,114.4900,115.1400,114.4200,114.9300,85.7725
2010-01-15,114.7300,114.8400,113.2000,113.6400,84.8098
2010-01-19,113.6200,115.1300,113.5900,115.0600,85.8696
2010-01-20,114.2800,114.4500,112.9800,113.8900,84.9964
2010-01-21,113.9200,114.2700,111.5600,111.7000,83.3620
2010-01-22,111.2000,111.7400,109.0900,109.2100,81.5037
2010-01-25,110.2100,110.4100,109.4100,109.7700,81.9216
2010-01-26,109.3400,110.4700,109.0400,109.3100,81.5783
2010-01-27,109.1700,110.0800,108.3300,109.8300,81.9664
2010-01-28,110.1900,110.2500,107.9100,108.5700,81.0261
2010-01-29,109.0400,109.8000,107.2200,107.3900,80.1455
2010-02-01,108.1500,109.0700,107.5000,109.0600,81.3917
2010-02-02,109.2600,110.5900,108.8800,110.3800,82.3769
2010-02-03,109.8800,110.4800,109.5100,109.8300,81.9664
2010-02-04,108.9800,109.0300,106.4200,106.4400,79.4365
2010-02-05,106.5600,106.8800,104.5800,106.6600,79.6007
2010-02-08,106.7400,107.3300,105.8100,105.8900,79.0260
2010-02-09,107.1300,108.1500,106.2700,107.2200,80.0186
2010-02-10,107.0500,107.6000,106.1100,107.0100,79.8619
2010-02-11,106.8700,108.2500,106.2500,108.1300,80.6977
2010-02-12,106.9900,108.1000,106.5100,108.0400,80.6306
2010-02-16,108.8600,109.8500,107.8200,109.7400,81.8992
2010-02-17,110.2700,110.4100,109.7400,110.2600,82.2873
2010-02-18,110.0800,111.1400,110.0400,110.9100,82.7724
2010-02-19,110.6200,111.5700,110.3600,111.1400,82.9441
2010-02-22,111.5500,111.5800,110.8300,111.1600,82.9590
2010-02-23,110.8600,111.2000,109.5200,109.8100,81.9515
2010-02-24,110.1400,111.0000,109.8600,110.8200,82.7053
2010-02-25,109.2400,110.7500,108.9400,110.6700,82.5933
2010-02-26,110.7700,111.1200,110.1100,110.7400,82.6456
2010-03-01,111.2000,112.0000,111.1700,111.8900,83.5038
2010-03-02,112.3700,112.7400,112.0000,112.2000,83.7351
2010-03-03,112.4900,112.9700,112.0200,112.3000,83.8098
2010-03-04,112.4500,112.8000,112.0300,112.6400,84.0635
2010-03-05,113.3700,114.3400,113.1000,114.2500,85.2651
2010-03-08,114.2600,114.5200,114.0700,114.2700,85.2800
2010-03-09,113.9300,114.9900,113.8700,114.4600,85.4218
2010-03-10,114.5100,115.2800,114.4100,114.9700,85.8024
2010-03-11,114.7000,115.4800,114.3500,115.4500,86.1606
2010-03-12,115.9500,115.9700,115.1400,115.4600,86.1681
2010-03-15,115.2600,115.5700,114.6000,115.4900,86.1905
2010-03-16,115.8100,116.5200,115.4900,116.4100,86.8771
2010-03-17,116.7600,117.4800,116.4200,117.1000,87.3920
2010-03-18,117.1100,117.2700,116.5700,117.0400,87.3473
2010-03-19,115.9700,117.2900,115.5200,115.9700,86.9051
2010-03-22,115.3100,116.8000,115.2400,116.5900,87.3697
2010-03-23,116.7600,117.5100,116.3800,117.4100,87.9842
2010-03-24,116.9700,117.4300,115.5800,116.8400,87.5571
2010-03-25,117.6300,118.1700,116.5100,116.6500,87.4147
2010-03-26,116.8700,117.4200,116.1200,116.5800,87.3623
2010-03-29,117.1700,117.5300,116.6900,117.3200,87.9168
2010-03-30,117.4600,117.8300,116.9100,117.4000,87.9767
2010-03-31,116.9500,117.5200,116.6100,117.0000,87.6770
2010-04-01,117.8000,118.2500,117.1000,117.8000,88.2765
2010-04-05,118.2500,118.8400,117.9200,118.7600,88.9959
2010-04-06,118.4200,119.2500,118.2900,119.0400,89.2057
2010-04-07,118.8000,119.3600,117.8100,118.3600,88.6962
2010-04-08,117.9500,118.9700,117.6000,118.7700,89.0034
2010-04-09,119.0200,119.6000,118.8000,119.5500,89.5879
2010-04-12,119.7000,120.0500,119.5600,119.7400,89.7303
2010-04-13,119.6200,120.0400,119.0000,119.8300,89.7977
2010-04-14,120.2700,121.1900,120.0800,121.1900,90.8169
2010-04-15,120.9900,121.5700,120.9500,121.2900,90.8918
2010-04-16,120.8600,121.2900,118.7500,119.3600,89.4455
2010-04-19,119.0100,119.9300,118.4700,119.8100,89.7827
2010-04-20,120.5600,120.9800,119.8700,120.8800,90.5846
2010-04-21,120.9500,121.2300,119.9900,120.6600,90.4197
2010-04-22,119.8100,121.1700,119.1200,121.0200,90.6895
2010-04-23,120.9400,121.8600,120.6300,121.8100,91.2815
2010-04-26,121.8500,122.1200,121.2300,121.3500,90.9368
2010-04-27,120.6500,121.3400,118.2500,118.4800,88.7861
2010-04-28,119.0500,119.6800,118.2700,119.3800,89.4605
2010-04-29,120.1000,121.1100,120.0700,120.8600,90.5696
2010-04-30,120.8800,121.0100,118.7800,118.8100,89.0333
2010-05-03,119.3800,120.6800,119.2000,120.3500,90.1874
2010-05-04,119.0100,119.0300,116.9200,117.5200,88.0667
2010-05-05,116.5600,117.8000,115.9700,116.8200,87.5421
2010-05-06,116.2600,117.0000,105.0000,112.9400,84.6346
2010-05-07,112.6400,113.7700,109.4100,111.2600,83.3756
2010-05-10,115.8100,116.6500,114.9100,116.1600,87.0475
2010-05-11,115.0700,117.3600,114.9100,115.8300,86.8002
2010-05-12,116.2900,117.6200,116.0900,117.4500,88.0142
2010-05-13,117.1300,117.6800,115.8900,115.9900,86.9201
2010-05-14,115.1200,115.3300,112.8700,113.8900,85.3464
2010-05-17,114.2000,114.5200,111.7700,113.9500,85.3914
2010-05-18,114.8800,115.2200,112.0300,112.4000,84.2299
2010-05-19,111.7700,112.7700,110.3600,111.7600,83.7503
2010-05-20,109.3800,109.8900,107.4700,107.5400,80.5879
2010-05-21,105.9100,109.3800,105.3600,109.1100,81.7644
2010-05-24,108.5200,109.3900,107.6100,107.7100,80.7153
2010-05-25,105.1100,107.8700,104.3800,107.8200,80.7977
2010-05-26,108.4800,109.4700,106.8500,107.1700,80.3106
2010-05-27,109.1900,110.8000,108.7800,110.7600,83.0009
2010-05-28,110.6400,110.7200,108.8500,109.3700,81.9593
2010-06-01,108.3500,109.9500,107.3700,107.5300,80.5804
2010-06-02,108.0800,110.3400,107.5100,110.3300,82.6787
2010-06-03,110.6500,111.0600,109.5800,110.7100,82.9634
2010-06-04,108.6100,109.3300,106.4600,106.8200,80.0484
2010-06-07,107.2000,107.6100,105.4100,105.4900,79.0517
2010-06-08,105.5700,106.8300,104.6500,106.6200,79.8985
2010-06-09,107.2400,108.2800,105.6000,106.0500,79.4713
2010-06-10,107.8600,109.2800,106.0400,109.1500,81.7944
2010-06-11,108.1900,109.7500,108.1200,109.6800,82.1915
2010-06-14,110.5200,111.1200,109.4000,109.5100,82.0642
2010-06-15,110.2800,112.1000,110.0900,112.0000,83.9301
2010-06-16,111.4200,112.4200,111.2000,111.9600,83.9001
2010-06-17,112.2800,112.3300,111.0500,112.1400,84.0350
2010-06-18,111.8300,112.1300,111.3700,111.7300,84.1261
2010-06-21,113.1200,113.2000,110.7900,111.4100,83.8852
2010-06-22,111.4100,111.9000,109.4100,109.5700,82.4998
2010-06-23,109.6400,110.0300,108.4800,109.2300,82.2438
2010-06-24,108.6900,108.8300,107.1400,107.4200,80.8810
2010-06-25,107.7400,108.4200,106.7700,107.8700,81.2198
2010-06-28,108.0300,108.3200,107.1400,107.5300,80.9638
2010-06-29,106.0200,107.5100,103.5500,104.2100,78.4640
2010-06-30,103.9200,104.8800,102.8800,103.2200,77.7186
2010-07-01,103.1500,103.4900,101.1300,102.7600,77.3722
2010-07-02,103.1100,103.4200,101.6200,102.2000,76.9506
2010-07-06,103.6400,104.3700,101.8800,102.8700,77.4551
2010-07-07,103.1300,106.2400,103.0200,106.1100,79.8946
2010-07-08,107.0000,107.2800,105.9100,107.1600,80.6852
2010-07-09,107.1300,107.9700,106.9300,107.9600,81.2875
2010-07-12,107.6000,108.2400,107.1500,108.0300,81.3403
2010-07-13,109.1500,110.0900,108.9300,109.6600,82.5676
2010-07-14,109.3100,110.0800,108.8600,109.6500,82.5600
2010-07-15,109.6100,110.0600,108.1700,109.6800,82.5826
2010-07-16,109.0900,109.2100,106.4500,106.6600,80.3087
2010-07-19,107.0500,107.6300,106.2200,107.2900,80.7830
2010-07-20,105.8700,108.5600,105.8200,108.4800,81.6791
2010-07-21,109.0400,109.0700,106.6300,107.0700,80.6174
2010-07-22,108.3400,109.9400,108.3300,109.4600,82.4170
2010-07-23,109.2400,110.5700,108.9300,110.4100,83.1323
2010-07-26,110.6000,111.6700,110.2900,111.5600,83.9981
2010-07-27,112.1700,112.2900,111.1100,111.5500,83.9906
2010-07-28,111.3200,111.6600,110.4600,110.8300,83.4485
2010-07-29,111.5200,111.8200,109.4100,110.2900,83.0419
2010-07-30,109.1700,110.8600,108.9800,110.2700,83.0268
2010-08-02,111.9900,112.9400,111.5400,112.7600,84.9016
2010-08-03,112.4800,112.7700,111.8500,112.2200,84.4951
2010-08-04,112.5300,113.1100,112.1600,112.9700,85.0598
2010-08-05,112.2500,112.9100,112.0800,112.8500,84.9694
2010-08-06,111.7400,112.5700,110.9200,112.3900,84.6231
2010-08-09,112.9200,113.1800,112.3200,112.9900,85.0748
2010-08-10,112.0300,112.9800,111.3700,112.3800,84.6155
2010-08-11,110.6500,110.6900,109.1200,109.3000,82.2965
2010-08-12,107.6500,109.0200,107.6000,108.6300,81.7920
2010-08-13,108.2900,108.9600,108.1800,108.3100,81.5511
2010-08-16,107.5700,108.6100,107.1800,108.2600,81.5134
2010-08-17,109.1900,110.3900,108.8800,109.5900,82.5148
2010-08-18,109.5400,110.3800,108.9100,109.7900,82.6654
2010-08-19,109.2200,109.4900,107.4300,107.8800,81.2273
2010-08-20,107.5600,107.9400,106.7500,107.5300,80.9638
2010-08-23,108.0400,108.5700,107.0700,107.1200,80.6551
2010-08-24,105.9500,106.3900,104.9700,105.5300,79.4579
2010-08-25,104.9500,106.3400,104.2900,105.9400,79.7666
2010-08-26,106.4400,106.5800,104.8800,105.2300,79.2320
2010-08-27,105.8900,106.9700,104.3100,106.8600,80.4593
2010-08-30,106.5800,106.9100,105.3000,105.3100,79.2922
2010-08-31,104.9200,105.9800,104.4900,105.3100,79.2922
2010-09-01,106.7300,108.6100,106.6600,108.4600,81.6640
2010-09-02,108.7200,109.4900,108.4900,109.4700,82.4245
2010-09-03,110.5400,110.9900,109.9500,110.8900,83.4936
2010-09-07,110.3700,110.5100,109.5500,109.6400,82.5525
2010-09-08,109.8600,110.8500,109.8100,110.4100,83.1323
2010-09-09,111.6500,111.6800,110.6200,110.9200,83.5163
2010-09-10,111.1200,111.6100,110.8700,111.4800,83.9379
2010-09-13,112.5800,112.9500,112.1300,112.7200,84.8715
2010-09-14,112.5000,113.2900,112.0800,112.6500,84.8188
2010-09-15,112.3200,113.2100,111.9800,113.0800,85.1426
2010-09-16,112.7300,113.1200,112.3500,113.0500,85.1200
2010-09-17,113.0400,113.1500,112.1800,112.4900,85.1518
2010-09-20,112.8800,114.4600,112.5200,114.2100,86.4538
2010-09-21,114.3000,114.8400,113.5100,113.9800,86.2797
2010-09-22,113.8000,114.4400,113.1000,113.4200,85.8558
2010-09-23,112.4900,113.6700,112.1800,112.5000,85.1594
2010-09-24,113.7500,114.9000,113.6500,114.8200,86.9156
2010-09-27,114.8600,114.9900,114.1600,114.2700,86.4992
2010-09-28,114.4200,115.0400,113.1800,114.6700,86.8020
2010-09-29,114.3800,114.9100,114.0200,114.4700,86.6506
2010-09-30,115.0500,115.7900,113.5900,114.1300,86.3932
2010-10-01,114.9900,115.1200,113.9300,114.6100,86.7566
2010-10-04,114.3700,114.8500,113.1800,113.7500,86.1056
2010-10-05,114.8000,116.3200,114.6700,116.0400,87.8391
2010-10-06,116.0200,116.3300,115.5600,116.0300,87.8315
2010-10-07,116.5000,116.5300,115.1900,115.8900,87.7255
2010-10-08,116.0500,116.8600,115.6100,116.5400,88.2175
2010-10-11,116.7200,116.9700,116.2500,116.6500,88.3008
2010-10-12,116.2700,117.3500,115.6500,117.0100,88.5733
2010-10-13,117.6600,118.5500,117.3800,117.9200,89.2622
2010-10-14,117.8100,118.0100,116.7200,117.4600,88.9140
2010-10-15,118.2800,118.3500,116.7600,117.7000,89.0956
2010-10-18,117.7400,118.6700,117.3100,118.2800,89.5347
2010-10-19,117.1900,117.8500,116.0200,116.7300,88.3614
2010-10-20,116.9400,118.4400,116.8700,117.8700,89.2243
2010-10-21,118.4000,119.0900,117.2100,118.1300,89.4211
2010-10-22,118.3100,118.5300,118.0000,118.3500,89.5877
2010-10-25,119.1400,119.7600,118.6100,118.7000,89.8526
2010-10-26,118.1000,118.8400,117.8700,118.7200,89.8677
2010-10-27,117.8900,118.5100,117.2600,118.3800,89.6104
2010-10-28,119.0600,119.1100,117.8300,118.4000,89.6255
2010-10-29,118.2800,118.7200,118.0700,118.4900,89.6936
2010-11-01,119.0700,119.7500,117.8500,118.5300,89.7239
2010-11-02,119.4200,119.7500,119.1000,119.4700,90.4354
2010-11-03,119.6800,120.0200,118.4500,119.9500,90.7988
2010-11-04,121.2800,122.3200,119.9700,122.2600,92.5474
2010-11-05,122.3400,122.9200,122.1800,122.7200,92.8956
2010-11-08,122.3400,122.6900,121.9400,122.4900,92.7215
2010-11-09,122.8200,122.9500,121.1200,121.6100,92.0554
2010-11-10,121.5800,122.1600,120.6600,122.1000,92.4263
2010-11-11,121.0500,121.8200,120.6800,121.6400,92.0781
2010-11-12,120.8200,121.3500,119.6500,120.2000,90.9880
2010-11-15,120.5800,121.0500,119.9800,120.0300,90.8594
2010-11-16,119.2900,119.4900,117.5900,118.1600,89.4438
2010-11-17,118.2100,118.7100,117.8600,118.2200,89.4893
2010-11-18,119.3600,120.3900,119.3500,119.9600,90.8064
2010-11-19,119.9000,120.3400,119.2500,120.2900,91.0562
2010-11-22,119.6900,120.2400,118.7700,120.1900,90.9805
2010-11-23,118.7700,119.0200,117.9900,118.4500,89.6634
2010-11-24,119.2000,120.2300,119.1800,120.2000,90.9880
2010-11-26,119.1600,119.8100,118.8000,118.8000,89.9283
2010-11-29,118.5000,119.4800,117.7400,119.1600,90.2008
2010-11-30,117.9800,119.1700,117.8100,118.4900,89.6936
2010-12-01,120.2000,121.2400,120.1900,121.0100,91.6012
2010-12-02,121.2000,122.6500,121.1300,122.5600,92.7745
2010-12-03,122.1400,123.0300,122.1100,122.8900,93.0243
2010-12-06,122.6300,123.0400,122.5000,122.7600,92.9259
2010-12-07,123.9400,124.0100,122.7600,122.8300,92.9789
2010-12-08,122.9800,123.3800,122.4100,123.2800,93.3195
2010-12-09,123.9700,124.0200,123.1500,123.7600,93.6829
2010-12-10,124.1400,124.6000,123.7300,124.4800,94.2279
2010-12-13,125.0500,125.2000,124.5200,124.5600,94.2885
2010-12-14,124.7500,125.2300,124.2900,124.6700,94.3717
2010-12-15,124.4400,124.9300,123.8900,124.1000,93.9403
2010-12-16,124.1800,124.9100,123.7500,124.8200,94.4853
2010-12-17,124.0800,124.4600,123.8200,124.3000,94.5864
2010-12-20,124.6400,124.9000,123.9800,124.6000,94.8148
2010-12-21,124.9900,125.4700,124.8700,125.3900,95.4159
2010-12-22,125.4800,125.8200,125.4100,125.7800,95.7127
2010-12-23,125.6400,125.7800,125.2900,125.6000,95.5757
2010-12-27,125.1300,125.7700,125.0400,125.6500,95.6138
2010-12-28,125.9000,125.9500,125.5000,125.8300,95.7507
2010-12-29,125.9800,126.2000,125.9000,125.9200,95.8192
2010-12-30,125.8000,126.1300,125.5300,125.7200,95.6670
2010-12-31,125.5300,125.8700,125.3300,125.7500,95.6899
2011-01-03,126.7100,127.6000,125.7000,127.0500,96.6791
2011-01-04,127.3300,127.3700,126.1900,126.9800,96.6259
2011-01-05,126.5800,127.7200,126.4600,127.6400,97.1281
2011-01-06,127.6900,127.8300,127.0100,127.3900,96.9378
2011-01-07,127.5600,127.7700,126.1500,127.1400,96.7476
2011-01-10,126.5800,127.1600,126.2000,126.9800,96.6259
2011-01-11,127.4400,127.7400,126.9500,127.4300,96.9682
2011-01-12,128.2100,128.7200,127.4600,128.5800,97.8434
2011-01-13,128.6300,128.6900,128.0500,128.3700,97.6836
2011-01-14,128.1900,129.3300,128.1000,129.3000,98.3912
2011-01-18,129.1800,129.6400,129.0300,129.5200,98.5586
2011-01-19,129.4100,129.5400,127.9100,128.2500,97.5922
2011-01-20,127.9600,128.4000,127.1300,128.0800,97.4629
2011-01-21,128.8800,129.1700,128.2300,128.3700,97.6836
2011-01-24,128.2900,129.2500,128.2600,129.1000,98.2391
2011-01-25,128.7600,129.2800,128.1100,129.1700,98.2923
2011-01-26,129.4900,130.0500,129.2300,129.6700,98.6728
2011-01-27,129.7000,130.2100,129.4700,129.9900,98.9163
2011-01-28,130.1400,130.3500,127.5100,127.7200,97.1889
2011-01-31,128.0700,128.7800,127.7500,128.6800,97.9195
2011-02-01,129.4600,130.9700,129.3800,130.7400,99.4870
2011-02-02,130.4000,130.8400,130.3300,130.4900,99.2968
2011-02-03,130.2600,130.9800,129.5700,130.7800,99.5175
2011-02-04,130.8300,131.2000,130.2300,131.1500,99.7990
2011-02-07,131.4400,132.4000,131.4300,131.9700,100.4230
2011-02-08,132.0900,132.6400,131.7300,132.5700,100.8796
2011-02-09,132.2100,132.6300,131.6100,132.2700,100.6513
2011-02-10,131.6000,132.4700,131.3000,132.3200,100.6893
2011-02-11,131.8000,133.2800,131.7700,133.1100,101.2904
2011-02-14,133.0300,133.5400,132.8800,133.4300,101.5340
2011-02-15,133.0200,133.2200,132.3200,133.0100,101.2144
2011-02-16,133.4600,134.0100,133.1900,133.8500,101.8536
2011-02-17,133.4600,134.4300,133.3400,134.2500,102.1580
2011-02-18,134.3700,134.6900,134.0600,134.5300,102.3710
2011-02-22,133.1200,134.5600,131.4700,131.8300,100.3165
2011-02-23,131.7500,132.0700,130.2100,131.0200,99.7001
2011-02-24,130.8800,131.4400,129.7000,130.9300,99.6316
2011-02-25,131.4800,132.4100,131.4000,132.3300,100.6969
2011-02-28,132.8200,133.3200,132.3800,133.1500,101.3209
2011-03-01,133.5700,133.6900,130.8900,130.9300,99.6316
2011-03-02,130.7500,131.8200,130.3500,131.2100,99.8447
2011-03-03,132.4000,133.6200,132.3900,133.4700,101.5644
2011-03-04,133.3700,133.6300,131.6000,132.4700,100.8035
2011-03-07,132.8600,133.1600,130.7400,131.4300,100.0121
2011-03-08,131.6400,133.0000,131.0700,132.5800,100.8872
2011-03-09,132.3200,132.8000,131.6000,132.3900,100.7426
2011-03-10,131.0000,131.1800,129.8100,129.9400,98.8783
2011-03-11,129.5200,131.3100,129.4900,130.8400,99.5631
2011-03-14,129.9900,130.4800,129.0600,130.0500,98.9620
2011-03-15,126.5900,129.3300,126.5000,128.5600,97.8281
2011-03-16,128.1500,128.5700,125.2800,126.1800,96.0171
2011-03-17,128.0000,128.3900,127.1000,127.8500,97.2879
2011-03-18,128.8400,128.8800,127.5100,127.7600,97.6417
2011-03-21,129.3500,130.0100,129.2000,129.7400,99.1549
2011-03-22,129.7200,129.8900,129.1700,129.2900,98.8110
2011-03-23,128.9300,130.0000,128.3200,129.6600,99.0938
2011-03-24,130.4000,131.0900,129.6700,130.9000,100.0415
2011-03-25,131.2400,131.8700,130.8900,131.3000,100.3472
2011-03-28,131.5800,131.9200,130.9400,130.9800,100.1026
2011-03-29,130.8700,131.9000,130.4400,131.8600,100.7752
2011-03-30,132.5500,133.1600,132.3600,132.7700,101.4707
2011-03-31,132.6000,132.9600,132.4500,132.5900,101.3331
2011-04-01,133.4100,133.7700,132.8300,133.1500,101.7610
2011-04-04,133.4300,133.6700,132.8800,133.2600,101.8452
2011-04-05,133.0000,133.8300,132.9400,133.2400,101.8299
2011-04-06,133.8800,134.0000,133.1200,133.6600,102.1508
2011-04-07,133.4200,133.9800,132.6600,133.3200,101.8910
2011-04-08,133.9100,133.9900,132.3100,132.8600,101.5394
2011-04-11,133.0000,133.4500,132.1400,132.4600,101.2338
2011-04-12,131.7200,131.9800,130.9900,131.4700,100.4771
2011-04-13,132.0800,132.1800,130.9600,131.4600,100.4695
2011-04-14,130.7000,131.7600,130.2700,131.5600,100.5459
2011-04-15,131.8000,132.3700,131.4100,132.0400,100.9127
2011-04-18,130.5900,132.0300,129.5100,130.5600,99.7816
2011-04-19,130.7600,131.3500,130.4400,131.3100,100.3549
2011-04-20,132.8800,133.3900,132.7900,133.1000,101.7228
2011-04-21,133.7900,133.8400,133.1000,133.7800,102.2425
2011-04-25,133.6800,133.8600,133.2000,133.6400,102.1355
2011-04-26,134.0500,135.0600,133.9100,134.7900,103.0144
2011-04-27,135.0500,135.8700,134.5000,135.6700,103.6870
2011-04-28,135.4300,136.2900,135.4100,136.1100,104.0233
2011-04-29,136.1600,136.5700,135.9800,136.4300,104.2679
2011-05-02,137.0700,137.1800,135.9500,136.2200,104.1074
2011-05-03,135.9600,136.1900,135.0400,135.7300,103.7328
2011-05-04,135.6700,135.7300,134.2300,134.8300,103.0450
2011-05-05,134.0800,134.9500,133.0200,133.6100,102.1126
2011-05-06,134.9400,135.6300,133.6800,134.2000,102.5636
2011-05-09,134.1900,135.1100,133.9800,134.7200,102.9610
2011-05-10,135.1700,136.1100,135.0000,135.8700,103.8399
2011-05-11,135.6700,135.6900,133.8200,134.4400,102.7470
2011-05-12,134.0800,135.3600,133.3900,135.0800,103.2361
2011-05-13,135.1500,135.3400,133.5600,134.0400,102.4412
2011-05-16,133.5600,134.6100,132.9700,133.1900,101.7916
2011-05-17,132.6900,133.3500,132.1200,133.1700,101.7764
2011-05-18,133.2400,134.5000,132.9500,134.3600,102.6859
2011-05-19,134.8000,135.0300,133.9400,134.6800,102.9304
2011-05-20,134.3300,134.6800,133.3600,133.6100,102.1126
2011-05-23,131.9800,132.7200,131.5900,132.0600,100.9280
2011-05-24,132.4400,132.7300,131.7000,131.9500,100.8440
2011-05-25,131.4200,132.9400,131.3800,132.3900,101.1802
2011-05-26,132.0300,133.2400,131.7800,133.0000,101.6464
2011-05-27,133.3700,133.8700,132.9600,133.5100,102.0362
2011-05-31,134.7700,134.9200,133.8400,134.9000,103.0986
2011-06-01,134.5100,134.9200,131.7600,131.8700,100.7828
2011-06-02,131.9600,132.2400,130.9600,131.7300,100.6758
2011-06-03,130.1500,131.4200,130.0800,130.4200,99.6746
2011-06-06,130.0900,130.3600,128.8700,129.0400,98.6200
2011-06-07,129.7000,130.0700,128.8500,128.9600,98.5588
2011-06-08,128.7600,129.1900,128.1800,128.4200,98.1461
2011-06-09,128.7700,129.9300,128.4600,129.4000,98.8951
2011-06-10,128.8500,128.9300,127.2600,127.6000,97.5194
2011-06-13,127.8900,128.2400,127.0500,127.7000,97.5959
2011-06-14,128.8700,129.7700,128.8200,129.3200,98.8339
2011-06-15,128.2400,129.3000,126.6800,127.0200,97.0762
2011-06-16,127.0600,127.9700,126.3200,127.3000,97.2902
2011-06-17,127.9300,127.9400,126.6200,127.0500,97.5805
2011-06-20,126.6200,127.9700,126.5800,127.7000,98.0797
2011-06-21,128.3600,129.7000,127.7500,129.4500,99.4238
2011-06-22,129.0500,129.8100,128.5900,128.6700,98.8247
2011-06-23,127.1600,128.6400,126.1900,128.3000,98.5405
2011-06-24,128.2700,128.3700,126.6200,126.8100,97.3961
2011-06-27,126.8900,128.4300,126.6400,127.9400,98.2640
2011-06-28,128.4500,129.6300,128.2700,129.6100,99.5467
2011-06-29,130.2000,130.9300,129.6300,130.7200,100.3992
2011-06-30,131.1400,132.1800,130.7100,131.9700,101.3593
2011-07-01,132.0900,134.1000,131.7800,133.9200,102.8570
2011-07-05,133.7800,134.0800,133.3900,133.8100,102.7725
2011-07-06,133.4900,134.1400,133.1100,133.9700,102.8954
2011-07-07,135.1600,135.7000,134.8800,135.3600,103.9629
2011-07-08,133.8300,135.3600,133.3900,134.4000,103.2256
2011-07-11,132.7500,133.1800,131.6600,131.9700,101.3593
2011-07-12,131.6900,132.7800,131.3600,131.4000,100.9215
2011-07-13,132.0900,133.2200,131.5200,131.8400,101.2594
2011-07-14,132.1700,132.7800,130.6800,130.9300,100.5605
2011-07-15,131.6600,131.8700,130.7700,131.6900,101.1442
2011-07-18,131.0800,131.2800,129.6300,130.6100,100.3147
2011-07-19,131.3400,132.8900,131.3100,132.7300,101.9430
2011-07-20,133.0700,133.1500,132.4200,132.6500,101.8815
2011-07-21,133.4000,134.8200,132.6700,134.4900,103.2948
2011-07-22,134.5200,134.7200,133.7600,134.5800,103.3639
2011-07-25,133.3000,134.4900,133.1600,133.8300,102.7878
2011-07-26,133.7400,133.9600,133.0300,133.3300,102.4039
2011-07-27,132.5900,132.6300,130.4300,130.6000,100.3071
2011-07-28,130.6000,131.7700,130.0100,130.2200,100.0152
2011-07-29,128.9100,130.5500,127.9700,129.3300,99.3316
2011-08-01,130.8400,130.9600,127.5300,128.7800,98.9092
2011-08-02,127.8100,128.5000,125.4900,125.4900,96.3823
2011-08-03,125.6600,126.3100,123.5300,126.1700,96.9046
2011-08-04,124.4200,124.6200,120.0600,120.2600,92.3654
2011-08-05,121.7600,122.0700,116.8600,120.0800,92.2272
2011-08-08,116.9100,120.1200,112.0200,112.2600,86.2211
2011-08-09,114.0700,117.6400,110.2700,117.4800,90.2303
2011-08-10,115.2600,116.2800,111.9500,112.2900,86.2441
2011-08-11,113.2600,118.9200,112.3200,117.3300,90.1150
2011-08-12,118.4000,119.2100,117.2800,118.1200,90.7218
2011-08-15,119.1900,120.7400,119.0000,120.6200,92.6419
2011-08-16,119.4700,120.6900,118.3100,119.5900,91.8508
2011-08-17,120.2500,121.2000,118.7200,119.6700,91.9123
2011-08-18,116.5000,119.7100,113.3900,114.5100,87.9492
2011-08-19,112.9600,115.8800,112.5000,112.6400,86.5129
2011-08-22,115.1700,115.2300,112.4100,112.7300,86.5820
2011-08-23,113.1500,116.5700,112.5800,116.4400,89.4315
2011-08-24,116.1900,118.2400,115.9200,118.0800,90.6911
2011-08-25,118.7300,119.4000,115.8700,116.2800,89.3086
2011-08-26,115.6900,118.5100,113.8500,117.9700,90.6066
2011-08-29,119.5600,121.4300,118.0600,121.3600,93.2103
2011-08-30,120.8300,122.4300,119.2600,121.6800,93.4560
2011-08-31,122.4600,123.5100,121.3000,122.2200,93.8708
2011-09-01,122.2900,123.4000,120.7800,120.9400,92.8877
2011-09-02,118.4200,120.8700,117.4300,117.8500,90.5144
2011-09-06,114.3900,117.1600,114.3800,116.9900,89.8539
2011-09-07,118.7600,120.3400,118.3600,120.2900,92.3885
2011-09-08,119.5700,120.9400,118.7700,119.0400,91.4284
2011-09-09,117.6800,119.0600,115.2800,115.9200,89.0321
2011-09-12,114.4700,116.7600,114.0500,116.6700,89.6082
2011-09-13,117.0500,118.1800,116.2200,117.7400,90.4300
2011-09-14,118.3400,120.8000,116.7200,119.3700,91.6819
2011-09-15,120.6500,121.4700,119.4000,121.4300,93.2641
2011-09-16,121.2900,121.9700,120.3200,121.5200,93.8160
2011-09-19,119.5300,120.9300,118.7200,120.3100,92.8819
2011-09-20,120.8200,121.9900,120.0100,120.1700,92.7738
2011-09-21,120.2300,120.6000,116.4400,116.6300,90.0408
2011-09-22,113.2500,114.2100,111.3000,112.8600,87.1303
2011-09-23,112.1100,114.1600,112.0200,113.5400,87.6553
2011-09-26,114.6100,116.4000,112.9800,116.2400,89.7398
2011-09-27,118.5300,119.5600,116.8400,117.5400,90.7434
2011-09-28,117.7800,118.4900,114.9700,115.1400,88.8905
2011-09-29,117.0500,117.6300,113.9300,116.0500,89.5931
2011-09-30,114.4500,115.4500,113.0700,113.1500,87.3543
2011-10-03,112.4900,113.9500,109.8100,109.9300,84.8683
2011-10-04,108.3500,112.5800,107.4300,112.3400,86.7289
2011-10-05,112.6200,114.7200,111.5800,114.4200,88.3347
2011-10-06,114.3600,116.6600,113.5100,116.4900,89.9328
2011-10-07,117.1700,117.2500,115.0600,115.7100,89.3306
2011-10-10,117.6800,119.6300,117.6700,119.5800,92.3183
2011-10-11,118.8700,120.0400,118.7500,119.7000,92.4110
2011-10-12,120.6000,122.1400,120.3300,120.7500,93.2216
2011-10-13,120.0400,120.8700,119.1200,120.5100,93.0363
2011-10-14,121.9100,122.6000,121.2300,122.5700,94.6267
2011-10-17,121.9900,122.5500,119.9300,120.2300,92.8201
2011-10-18,120.1400,123.5000,119.2000,122.5800,94.6344
2011-10-19,122.3800,123.0800,120.7100,121.1300,93.5149
2011-10-20,121.4300,122.1000,119.8200,121.6600,93.9241
2011-10-21,123.0900,124.1200,122.7200,123.9700,95.7075
2011-10-24,124.1700,125.8000,124.0600,125.4900,96.8810
2011-10-25,124.8900,124.9500,122.7800,123.0500,94.9972
2011-10-26,124.3500,124.7700,122.2100,124.3000,95.9622
2011-10-27,127.6300,129.4200,126.6100,128.6300,99.3051
2011-10-28,128.0000,128.8500,127.8000,128.6000,99.2820
2011-10-31,127.1600,128.6200,125.3200,125.5000,96.8887
2011-11-01,122.0300,123.5100,121.5200,122.0000,94.1866
2011-11-02,123.8300,124.4000,122.7900,123.9900,95.7230
2011-11-03,125.2700,126.5000,123.6000,126.2500,97.4677
2011-11-04,125.2300,125.7000,124.0100,125.4800,96.8733
2011-11-07,125.3900,126.3900,124.2000,126.2600,97.4754
2011-11-08,126.9200,128.0200,125.7100,127.8800,98.7261
2011-11-09,124.8900,125.8000,122.8600,123.1600,95.0821
2011-11-10,124.7900,124.9400,123.0200,124.3200,95.9777
2011-11-11,125.8300,126.9900,125.7900,126.6600,97.7842
2011-11-14,126.1900,127.4500,124.9200,125.4600,96.8578
2011-11-15,125.1700,126.7500,124.7200,126.0800,97.3365
2011-11-16,124.8100,126.3400,123.9000,124.0800,95.7924
2011-11-17,123.8500,124.1600,121.2300,122.1100,94.2715
2011-11-18,122.5000,122.7500,121.4700,121.9800,94.1712
2011-11-21,120.2000,120.3500,118.6500,119.6600,92.3801
2011-11-22,119.4000,120.1000,118.5200,119.1900,92.0172
2011-11-23,118.0700,119.1900,116.5600,116.5600,89.9868
2011-11-25,116.3800,117.7000,116.2000,116.3400,89.8170
2011-11-28,119.5400,120.1800,118.8200,119.7100,92.4187
2011-11-29,120.0500,121.0000,119.6100,120.0500,92.6812
2011-11-30,123.4900,125.2200,120.0000,124.9900,96.4950
2011-12-01,124.8500,125.6400,124.4300,124.9700,96.4795
2011-12-02,126.1200,126.5000,124.7800,124.8600,96.3946
2011-12-05,126.8400,127.1800,125.4400,126.2200,97.4446
2011-12-06,126.2100,127.1100,125.7600,126.2600,97.4754
2011-12-07,125.8400,127.2600,124.9700,126.7300,97.8383
2011-12-08,125.9000,126.1800,123.6500,123.9500,95.6920
2011-12-09,124.5100,126.3700,124.4000,126.0500,97.3133
2011-12-12,124.9500,124.9700,123.1600,124.2100,95.8928
2011-12-13,124.8600,125.5700,122.4500,123.0500,94.9972
2011-12-14,122.5600,123.0300,121.4700,121.7400,93.9859
2011-12-15,123.0300,123.2000,121.9900,122.1800,94.3256
2011-12-16,122.2300,122.9500,121.3000,121.5900,94.4654
2011-12-19,122.0600,122.3200,120.0300,120.2900,93.4554
2011-12-20,122.1800,124.1400,120.3700,123.9300,96.2834
2011-12-21,123.9300,124.3600,122.7500,124.1700,96.4699
2011-12-22,124.6300,125.4000,124.2300,125.2700,97.3245
2011-12-23,125.6700,126.4300,125.4100,126.3900,98.1946
2011-12-27,126.1700,126.8200,126.0600,126.4900,98.2723
2011-12-28,126.5100,126.5300,124.7300,124.8300,96.9827
2011-12-29,125.2400,126.2500,124.8600,126.1200,97.9849
2011-12-30,126.0200,126.3300,125.5000,125.5000,97.5032
2012-01-03,127.7600,128.3800,127.4300,127.5000,99.0570
2012-01-04,127.2000,127.8100,126.7100,127.7000,99.2124
2012-01-05,127.0100,128.2300,126.4300,128.0400,99.4765
2012-01-06,128.2000,128.2200,127.2900,127.7100,99.2201
2012-01-09,128.0000,128.1800,127.4100,128.0200,99.4610
2012-01-10,129.3900,129.6500,128.9500,129.1300,100.3234
2012-01-11,128.7300,129.3700,128.5200,129.2000,100.3778
2012-01-12,129.5700,129.7000,128.5400,129.5100,100.6186
2012-01-13,128.6400,129.0500,127.7200,128.8400,100.0981
2012-01-17,130.0800,130.3200,128.9000,129.3400,100.4866
2012-01-18,129.3100,130.8400,129.0800,130.7700,101.5976
2012-01-19,131.2200,131.5700,130.8000,131.4600,102.1336
2012-01-20,131.2400,131.9500,130.9200,131.9500,102.5143
2012-01-23,131.5100,132.2500,130.9800,131.6100,102.2501
2012-01-24,130.8000,131.5000,130.6000,131.4600,102.1336
2012-01-25,131.2600,132.8700,130.7500,132.5600,102.9882
2012-01-26,133.1500,133.4000,131.3600,131.8800,102.4599
2012-01-27,131.2400,132.0500,131.1500,131.8200,102.4133
2012-01-30,130.5100,131.4400,130.0600,131.3700,102.0637
2012-01-31,132.0200,132.1800,130.6800,131.3200,102.0248
2012-02-01,132.2900,133.1400,132.1300,132.4700,102.9183
2012-02-02,132.7300,133.0200,132.2100,132.6800,103.0814
2012-02-03,134.0000,134.6200,133.7700,134.5400,104.5265
2012-02-06,133.9800,134.5100,133.8300,134.4500,104.4566
2012-02-07,134.1700,135.0200,133.6400,134.7900,104.7207
2012-02-08,134.8600,135.2200,134.3100,135.1900,105.0315
2012-02-09,135.4100,135.5900,134.5600,135.3600,105.1636
2012-02-10,134.1600,134.4700,133.8400,134.3600,104.3867
2012-02-13,135.3200,135.5200,134.7400,135.3600,105.1636
2012-02-14,135.0000,135.2700,134.2500,135.1900,105.0315
2012-02-15,135.6300,135.8300,134.2900,134.5600,104.5421
2012-02-16,134.5700,136.1700,134.3300,136.0500,105.6997
2012-02-17,136.5200,136.6300,135.9600,136.4100,105.9794
2012-02-21,136.7300,137.0500,136.0500,136.4700,106.0260
2012-02-22,136.2600,136.5500,135.7900,136.0300,105.6841
2012-02-23,135.9600,136.7300,135.5000,136.6300,106.1503
2012-02-24,136.9300,137.2000,136.6300,136.9300,106.3833
2012-02-27,136.0200,137.5300,135.8000,137.1600,106.5620
2012-02-28,137.2000,137.7200,136.9300,137.5600,106.8728
2012-02-29,137.7600,138.1900,136.5400,137.0200,106.4533
2012-03-01,137.3100,137.9900,136.9300,137.7300,107.0049
2012-03-02,137.6400,137.8200,137.0000,137.3100,106.6786
2012-03-05,137.1000,137.2000,136.2800,136.7500,106.2435
2012-03-06,135.3500,135.4300,134.3600,134.7500,104.6896
2012-03-07,135.0600,135.9100,134.9300,135.6900,105.4200
2012-03-08,136.5200,137.3200,136.2400,137.0400,106.4688
2012-03-09,137.3000,137.9300,137.1300,137.5700,106.8806
2012-03-12,137.5500,137.7600,137.0900,137.5800,106.8884
2012-03-13,138.3200,140.1300,138.0900,140.0600,108.8151
2012-03-14,140.1000,140.4500,139.4800,139.9100,108.6986
2012-03-15,140.1200,140.7800,139.7600,140.7200,109.3279
2012-03-16,140.3600,140.4800,140.0000,140.3000,109.4793
2012-03-19,140.2100,141.2800,140.1100,140.8500,109.9084
2012-03-20,140.0500,140.6100,139.6400,140.4400,109.5884
2012-03-21,140.5200,140.6500,139.9200,140.2100,109.4090
2012-03-22,139.1800,139.5500,138.7400,139.2000,108.6209
2012-03-23,139.3200,139.8100,138.5500,139.6500,108.9720
2012-03-26,140.6500,141.6100,140.6000,141.6100,110.5014
2012-03-27,141.7400,141.8300,141.0800,141.1700,110.1581
2012-03-28,141.1000,141.3200,139.6400,140.4700,109.6119
2012-03-29,139.6400,140.4900,139.0900,140.2300,109.4247
2012-03-30,140.9200,141.0500,140.0500,140.8100,109.8772
2012-04-02,140.6400,142.2100,140.3600,141.8400,110.6809
2012-04-03,141.6400,141.8800,140.4300,141.2600,110.2284
2012-04-04,140.2200,140.3400,139.3400,139.8600,109.1359
2012-04-05,139.3800,140.2000,139.2600,139.7900,109.0813
2012-04-09,138.0300,139.8400,137.8400,138.2200,107.8562
2012-04-10,137.9500,138.3400,135.7600,135.9000,106.0459
2012-04-11,137.2900,137.5400,136.7500,137.0000,106.9042
2012-04-12,137.1300,138.9000,137.0300,138.7900,108.3010
2012-04-13,138.4700,138.8200,137.0100,137.1400,107.0134
2012-04-16,137.8400,138.0400,136.5800,137.0500,106.9432
2012-04-17,137.8400,139.3600,137.7000,139.0800,108.5273
2012-04-18,138.4600,139.0800,138.3800,138.6100,108.1605
2012-04-19,138.6300,139.1500,137.0700,137.7200,107.4660
2012-04-20,138.3300,138.8300,137.8700,137.9500,107.6455
2012-04-23,136.5400,136.9100,135.9400,136.7900,106.7403
2012-04-24,136.9100,137.6600,136.8000,137.3100,107.1461
2012-04-25,138.6500,139.2500,138.5300,139.1900,108.6131
2012-04-26,138.8900,140.3200,138.8100,140.1600,109.3701
2012-04-27,140.5800,140.7900,139.8000,140.3900,109.5495
2012-04-30,140.1100,140.2100,139.4900,139.8700,109.1437
2012-05-01,139.7900,141.6600,139.6300,140.7400,109.8226
2012-05-02,139.9200,140.4600,139.4600,140.3200,109.4948
2012-05-03,140.3400,140.4500,138.9900,139.2500,108.6599
2012-05-04,138.5200,139.3000,136.9200,137.0000,106.9042
2012-05-07,136.5100,137.5600,136.4600,137.1000,106.9822
2012-05-08,136.2800,136.7700,134.9200,136.5500,106.5530
2012-05-09,135.1000,136.6100,134.4900,135.7400,105.9210
2012-05-10,136.6800,136.8500,135.7100,136.0200,106.1395
2012-05-11,135.1700,136.8700,135.1100,135.6100,105.8195
2012-05-14,134.3100,135.6100,133.9100,134.1100,104.6491
2012-05-15,134.0200,134.8100,133.1300,133.3400,104.0482
2012-05-16,133.9400,134.5500,132.8000,132.8300,103.6502
2012-05-17,132.8600,133.0200,130.7900,130.8600,102.1130
2012-05-18,131.3700,131.6000,129.5500,129.7400,101.2390
2012-05-21,130.1600,132.0200,129.9500,131.9700,102.9792
2012-05-22,132.3100,133.2300,131.3400,132.2000,103.1586
2012-05-23,131.2500,132.4600,129.9900,132.2700,103.2133
2012-05-24,132.6300,132.8400,131.4200,132.5300,103.4161
2012-05-25,132.4800,132.8500,131.7800,132.1000,103.0806
2012-05-29,133.1600,133.9300,131.1700,133.7000,104.3291
2012-05-30,132.5600,133.6900,131.4900,131.7600,102.8153
2012-05-31,131.7100,132.4500,130.3400,131.4700,102.5890
2012-06-01,129.4100,131.5000,128.1600,128.1600,100.0061
2012-06-04,128.3900,128.7400,127.1400,128.1000,99.9593
2012-06-05,127.8500,129.2600,127.7800,129.0700,100.7162
2012-06-06,129.9700,132.0300,129.9300,131.9700,102.9792
2012-06-07,133.4700,133.5300,131.7800,132.0500,103.0416
2012-06-08,131.7100,133.1300,131.2900,133.1000,103.8609
2012-06-11,134.1700,134.2500,131.2800,131.4100,102.5422
2012-06-12,131.7900,133.0100,131.1600,132.9200,103.7205
2012-06-13,132.5300,133.3600,131.6200,132.0700,103.0572
2012-06-14,132.3400,134.0000,131.9800,133.4700,104.1496
2012-06-15,133.3800,134.2600,133.1000,134.1400,105.2148
2012-06-18,133.5800,134.7300,133.2800,134.4000,105.4187
2012-06-19,135.0800,136.2500,134.3700,135.7000,106.4384
2012-06-20,135.7100,136.1000,134.2700,135.4800,106.2659
2012-06-21,135.6400,135.7800,132.3300,132.4400,103.8814
2012-06-22,133.1300,133.7100,132.6200,133.4600,104.6814
2012-06-25,132.0500,132.1000,130.8500,131.3200,103.0029
2012-06-26,131.7000,132.3800,130.9300,131.9800,103.5206
2012-06-27,132.4200,133.4300,131.9700,133.1700,104.4540
2012-06-28,132.2900,132.9900,131.2800,132.7900,104.1559
2012-06-29,135.2000,136.2700,134.8500,136.1000,106.7522
2012-07-02,136.4800,136.6500,135.5200,136.5100,107.0738
2012-07-03,136.4800,137.5100,136.3400,137.4100,107.7797
2012-07-05,136.9000,137.8000,136.2900,136.7900,107.2934
2012-07-06,135.4700,135.7700,134.8500,135.4900,106.2737
2012-07-09,135.3800,135.5700,134.7000,135.3200,106.1403
2012-07-10,136.0100,136.2300,133.6800,134.1400,105.2148
2012-07-11,134.2100,134.6000,133.3800,134.1600,105.2305
2012-07-12,133.3800,134.2300,132.6000,133.5100,104.7207
2012-07-13,133.8600,135.8900,133.8400,135.7500,106.4776
2012-07-16,135.4400,135.8300,134.9000,135.4300,106.2266
2012-07-17,135.9700,136.6400,134.5500,136.3600,106.9561
2012-07-18,136.0400,137.6400,135.9600,137.3700,107.7483
2012-07-19,137.6500,138.1800,137.2100,137.7300,108.0307
2012-07-20,136.9500,137.1600,136.3200,136.4700,107.0424
2012-07-23,134.4700,136.3800,133.8400,135.0900,105.9600
2012-07-24,135.1900,135.2500,133.0300,133.9300,105.0501
2012-07-25,134.2100,134.5600,133.2500,133.9600,105.0736
2012-07-26,135.8900,136.4600,135.2600,136.1700,106.8071
2012-07-27,136.8900,139.0700,136.1400,138.6800,108.7758
2012-07-30,138.5200,139.3400,138.2700,138.6800,108.7758
2012-07-31,138.4900,138.8700,137.7100,137.7100,108.0150
2012-08-01,138.7000,138.7300,137.4000,137.5900,107.9209
2012-08-02,136.5500,137.5700,135.5800,136.6400,107.1757
2012-08-03,138.5600,139.6400,136.6800,139.3500,109.3013
2012-08-06,139.7200,140.1700,139.5600,139.6200,109.5131
2012-08-07,140.1800,140.9200,140.0300,140.3200,110.0622
2012-08-08,139.8500,140.6500,139.8100,140.4900,110.1955
2012-08-09,140.2900,140.8900,140.1500,140.6100,110.2897
2012-08-10,140.0400,140.8900,139.8100,140.8400,110.4700
2012-08-13,140.6000,140.8400,140.0400,140.7700,110.4152
2012-08-14,141.2900,141.3800,140.3700,140.7900,110.4308
2012-08-15,140.6400,141.1900,140.5500,140.9500,110.5564
2012-08-16,141.1500,142.1600,140.8000,141.9900,111.3721
2012-08-17,142.2300,142.3000,141.8600,142.1800,111.5211
2012-08-20,141.9800,142.2200,141.5900,142.1900,111.5289
2012-08-21,142.5400,143.0900,141.4500,141.7600,111.1917
2012-08-22,141.4000,142.0500,141.0700,141.8200,111.2387
2012-08-23,141.4700,141.4800,140.4400,140.6600,110.3289
2012-08-24,140.3100,141.8300,140.2200,141.5100,110.9956
2012-08-27,141.8900,142.0800,141.3400,141.5400,111.0191
2012-08-28,141.1800,141.8400,140.9700,141.4000,110.9093
2012-08-29,141.5200,141.8900,141.1200,141.5100,110.9956
2012-08-30,140.9000,140.9400,140.1900,140.4900,110.1955
2012-08-31,141.2900,141.8200,140.3600,141.1600,110.7211
2012-09-04,141.0400,141.4600,140.1300,141.0300,110.6191
2012-09-05,141.0900,141.4700,140.6300,140.9100,110.5250
2012-09-06,141.7600,143.7800,141.7500,143.7700,112.7683
2012-09-07,144.0100,144.3900,143.8800,144.3300,113.2075
2012-09-10,144.1900,144.4400,143.4600,143.5100,112.5643
2012-09-11,143.6000,144.3700,143.5600,143.9100,112.8781
2012-09-12,144.3900,144.5500,143.9000,144.3900,113.2546
2012-09-13,144.3700,147.0400,143.9900,146.5900,114.9802
2012-09-14,146.8800,148.1100,146.7600,147.2400,115.4900
2012-09-17,146.9400,147.1900,146.3700,146.7400,115.0979
2012-09-18,146.4900,146.8100,146.2500,146.6200,115.0037
2012-09-19,146.7900,147.1700,146.4100,146.7000,115.0665
2012-09-20,146.0300,146.7900,145.6300,146.7100,115.0743
2012-09-21,146.6400,146.6700,145.8100,145.8700,115.0262
2012-09-24,145.1500,145.9800,145.0400,145.6500,114.8527
2012-09-25,145.9600,146.2400,144.0600,144.1000,113.6305
2012-09-26,144.0700,144.1100,142.9500,143.2900,112.9917
2012-09-27,143.8900,144.9700,143.5100,144.6400,114.0563
2012-09-28,144.0900,144.5600,143.4600,143.9700,113.5279
2012-10-01,144.5200,145.6900,144.0100,144.3500,113.8276
2012-10-02,144.9200,145.1500,143.8300,144.5000,113.9459
2012-10-03,144.8900,145.4300,144.1300,145.0900,114.4111
2012-10-04,145.6400,146.3400,145.4400,146.1300,115.2312
2012-10-05,146.9100,147.1600,145.7000,146.1400,115.2391
2012-10-08,145.6000,146.1200,145.3100,145.6400,114.8448
2012-10-09,145.5300,145.6500,144.1500,144.2000,113.7093
2012-10-10,144.1800,144.3200,143.0900,143.2800,112.9838
2012-10-11,144.2800,144.4900,143.3300,143.3600,113.0469
2012-10-12,143.4600,143.9500,142.5800,142.8900,112.6763
2012-10-15,143.2300,144.2300,142.7700,144.0800,113.6147
2012-10-16,144.7600,145.6400,144.6600,145.5400,114.7660
2012-10-17,145.6400,146.3200,145.4200,146.2000,115.2864
2012-10-18,145.8200,146.5200,145.3300,145.8200,114.9868
2012-10-19,145.5500,145.5600,143.0500,143.3900,113.0705
2012-10-22,143.1500,143.6700,142.2800,143.4100,113.0864
2012-10-23,141.8600,142.0600,140.8300,141.4200,111.5171
2012-10-24,141.9300,142.1000,140.8000,141.0200,111.2018
2012-10-25,142.0200,142.2800,140.5700,141.4300,111.5250
2012-10-26,141.3000,141.8400,140.3900,141.3500,111.4620
2012-10-31,141.8500,142.0300,140.6800,141.3500,111.4620
2012-11-01,141.6500,143.0100,141.5200,142.8300,112.6290
2012-11-02,143.6800,143.7200,141.4100,141.5600,111.6275
2012-11-05,141.3500,142.1700,140.9300,141.8500,111.8562
2012-11-06,142.2800,143.5200,142.1300,142.9600,112.7315
2012-11-07,141.6600,141.6800,139.0600,139.7200,110.1766
2012-11-08,139.7000,140.4100,137.9300,138.0400,108.8518
2012-11-09,137.6200,139.4400,137.5500,138.1600,108.9464
2012-11-12,138.5900,138.8100,137.9600,138.2700,109.0332
2012-11-13,137.5400,139.2500,137.3600,137.7900,108.6547
2012-11-14,138.2100,138.4300,135.6200,135.9300,107.1880
2012-11-15,135.9800,136.4900,135.1800,135.7000,107.0066
2012-11-16,135.9000,136.6400,134.7000,136.3700,107.5349
2012-11-19,137.9000,139.1500,136.4100,139.1300,109.7114
2012-11-20,138.9100,139.4200,138.0800,139.1900,109.7586
2012-11-21,139.3100,139.5700,139.0300,139.4500,109.9637
2012-11-23,140.1300,141.4000,140.0400,141.3500,111.4620
2012-11-26,140.6500,141.3600,140.1900,141.0500,111.2254
2012-11-27,140.9100,141.3900,140.2400,140.3300,110.6576
2012-11-28,139.7600,141.5400,139.0000,141.4600,111.5487
2012-11-29,141.9900,142.5100,141.3700,142.1200,112.0691
2012-11-30,142.1400,142.4200,141.6600,142.1500,112.0928
2012-12-03,142.8000,142.9200,141.3400,141.4500,111.5408
2012-12-04,141.4400,141.8700,140.8700,141.2500,111.3831
2012-12-05,141.3700,142.1600,140.3700,141.5000,111.5802
2012-12-06,141.3700,142.0400,141.1600,141.9800,111.9587
2012-12-07,142.5300,142.6900,141.6700,142.4100,112.2978
2012-12-10,142.2100,142.8100,142.1500,142.4700,112.3451
2012-12-11,143.0600,144.1100,142.9900,143.4400,113.1100
2012-12-12,144.0000,144.5500,143.3100,143.5100,113.1652
2012-12-13,143.4200,143.8300,142.2700,142.6300,112.4713
2012-12-14,142.3200,142.5800,141.8800,142.1000,112.0534
2012-12-17,142.4700,143.8500,142.4300,143.7700,113.3702
2012-12-18,144.0000,145.5000,143.7900,145.3700,114.6319
2012-12-19,145.5300,145.5800,144.2400,144.2900,113.7802
2012-12-20,144.3800,145.1400,143.9800,145.1200,114.4348
2012-12-21,142.1700,144.0900,141.9400,142.7900,113.3961
2012-12-24,142.4800,142.5600,142.1900,142.3500,113.0466
2012-12-26,142.6400,142.7100,141.3500,141.7500,112.5701
2012-12-27,141.7900,142.0800,139.9200,141.5600,112.4192
2012-12-28,140.6400,141.4200,139.8700,140.0300,111.2042
2012-12-31,139.6600,142.5600,139.5400,142.4100,113.0942
2013-01-02,145.1100,146.1500,144.7300,146.0600,115.9929
2013-01-03,145.9900,146.3700,145.3400,145.7300,115.7308
2013-01-04,145.9700,146.6100,145.6700,146.3700,116.2390
2013-01-07,145.8500,146.1100,145.4300,145.9700,115.9214
2013-01-08,145.7100,145.9100,144.9800,145.5500,115.5879
2013-01-09,145.8700,146.3200,145.6400,145.9200,115.8817
2013-01-10,146.7300,147.0900,145.9700,147.0800,116.8029
2013-01-11,147.0400,147.1500,146.6100,147.0700,116.7950
2013-01-14,146.8900,147.0700,146.4300,146.9700,116.7156
2013-01-15,146.2900,147.2100,146.2000,147.0700,116.7950
2013-01-16,146.7700,147.2800,146.6100,147.0500,116.7791
2013-01-17,147.7000,148.4200,147.1500,148.0000,117.5335
2013-01-18,147.9700,148.4900,147.4300,148.3300,117.7956
2013-01-22,148.3300,149.1300,147.9800,149.1300,118.4309
2013-01-23,149.1300,149.5000,148.8600,149.3700,118.6215
2013-01-24,149.1500,150.1400,149.0100,149.4100,118.6533
2013-01-25,149.8800,150.2500,149.3700,150.2500,119.3203
2013-01-28,150.2900,150.3300,149.5100,150.0700,119.1774
2013-01-29,149.7700,150.8500,149.6700,150.6600,119.6459
2013-01-30,150.6400,150.9400,149.9300,150.0700,119.1774
2013-01-31,149.8900,150.3800,149.6000,149.7000,118.8836
2013-02-01,150.6500,151.4200,150.3900,151.2400,120.1066
2013-02-04,150.3200,151.2700,149.4300,149.5400,118.7565
2013-02-05,150.3500,151.4800,150.2900,151.0500,119.9557
2013-02-06,150.5200,151.2600,150.4100,151.1600,120.0430
2013-02-07,151.2100,151.3500,149.8600,150.9600,119.8842
2013-02-08,151.2200,151.8900,151.2200,151.8000,120.5513
2013-02-11,151.7400,151.9000,151.3900,151.7700,120.5275
2013-02-12,151.7800,152.3000,151.6100,152.0200,120.7260
2013-02-13,152.3300,152.6100,151.7200,152.1500,120.8292
2013-02-14,151.6900,152.4700,151.5200,152.2900,120.9404
2013-02-15,152.4300,152.5900,151.5500,152.1100,120.7974
2013-02-19,152.3700,153.2800,152.1600,153.2500,121.7028
2013-02-20,153.1400,153.1900,151.2600,151.3400,120.1860
2013-02-21,150.9600,151.4200,149.9400,150.4200,119.4554
2013-02-22,151.1500,151.8900,150.4900,151.8900,120.6228
2013-02-25,152.6300,152.8600,149.0000,149.0000,118.3276
2013-02-26,149.7200,150.2000,148.7300,150.0200,119.1377
2013-02-27,149.8900,152.3300,149.7600,151.9100,120.6387
2013-02-28,151.9000,152.8700,151.4100,151.6100,120.4004
2013-03-01,151.0900,152.3400,150.4100,152.1100,120.7974
2013-03-04,151.7600,152.9200,151.5200,152.9200,121.4407
2013-03-05,153.6600,154.7000,153.6400,154.2900,122.5287
2013-03-06,154.8400,154.9200,154.1600,154.5000,122.6955
2013-03-07,154.7000,154.9800,154.5200,154.7800,122.9178
2013-03-08,155.4600,155.6500,154.6600,155.4400,123.4420
2013-03-11,155.3200,156.0400,155.1300,156.0300,123.9105
2013-03-12,155.9200,156.1000,155.2100,155.6800,123.6326
2013-03-13,155.7600,156.1200,155.2300,155.9000,123.8072
2013-03-14,156.3100,156.8000,155.9100,156.7300,124.4665
2013-03-15,155.8500,156.0400,155.3100,155.8300,124.3021
2013-03-18,154.3400,155.6400,154.2000,154.9700,123.6161
2013-03-19,155.3000,155.5100,153.5900,154.6100,123.3289
2013-03-20,155.5200,155.9500,155.2600,155.6900,124.1905
2013-03-21,154.7600,155.6400,154.1000,154.3600,123.1295
2013-03-22,154.8500,155.6000,154.7300,155.6000,124.1186
2013-03-25,156.0100,156.2700,154.3500,154.9500,123.6001
2013-03-26,155.5900,156.2300,155.4200,156.1900,124.5893
2013-03-27,155.2600,156.2400,155.0000,156.1900,124.5893
2013-03-28,156.0900,156.8500,155.7500,156.6700,124.9722
2013-04-01,156.5900,156.9100,155.6700,156.0500,124.4776
2013-04-02,156.6100,157.2100,156.3700,156.8200,125.0918
2013-04-03,156.9100,157.0300,154.8200,155.2300,123.8235
2013-04-04,155.4300,156.1700,155.0900,155.8600,124.3260
2013-04-05,153.9500,155.3500,153.7700,155.1600,123.7677
2013-04-08,155.2700,156.2200,154.7500,156.2100,124.6052
2013-04-09,156.5000,157.3200,155.9800,156.7500,125.0360
2013-04-10,157.1700,158.8700,157.1300,158.6700,126.5675
2013-04-11,158.7000,159.7100,158.5400,159.1900,126.9823
2013-04-12,158.6800,159.0400,157.9200,158.8000,126.6712
2013-04-15,158.0000,158.1300,155.1000,155.1200,123.7357
2013-04-16,156.2900,157.4900,155.9100,157.4100,125.5624
2013-04-17,156.2900,156.3200,154.2800,155.1100,123.7278
2013-04-18,155.3700,155.4100,153.5500,154.1400,122.9540
2013-04-19,154.5000,155.5500,154.1200,155.4800,124.0229
2013-04-22,155.7800,156.5400,154.7500,156.1700,124.5733
2013-04-23,156.9500,157.9300,156.1700,157.7800,125.8576
2013-04-24,157.8300,158.3000,157.5400,157.8800,125.9373
2013-04-25,158.3400,159.2700,158.1000,158.5200,126.4479
2013-04-26,158.3300,158.6000,157.7300,158.2400,126.2245
2013-04-29,158.6700,159.6500,158.4200,159.3000,127.0700
2013-04-30,159.2700,159.7200,158.6100,159.6800,127.3731
2013-05-01,159.3300,159.4100,158.1000,158.2800,126.2564
2013-05-02,158.6800,159.8900,158.5300,159.7500,127.4290
2013-05-03,161.1400,161.8800,159.7800,161.3700,128.7212
2013-05-06,161.4900,162.0100,161.4200,161.7800,129.0483
2013-05-07,162.1300,162.6500,161.6700,162.6000,129.7024
2013-05-08,162.4200,163.3900,162.3300,163.3400,130.2926
2013-05-09,163.2700,163.7000,162.4700,162.8800,129.9257
2013-05-10,162.9900,163.5500,162.5100,163.4100,130.3485
2013-05-13,163.2000,163.8100,162.8200,163.5400,130.4522
2013-05-14,163.6700,165.3500,163.6700,165.2300,131.8003
2013-05-15,164.9600,166.4500,164.9100,166.1200,132.5102
2013-05-16,165.7800,166.3600,165.0900,165.3400,131.8880
2013-05-17,165.9500,167.0400,165.7300,166.9400,133.1643
2013-05-20,166.7800,167.5800,166.6100,166.9300,133.1563
2013-05-21,167.0800,167.8000,166.5000,167.1700,133.3478
2013-05-22,167.3400,169.0700,165.1700,165.9300,132.3586
2013-05-23,164.1600,165.9100,163.9400,165.4500,131.9758
2013-05-24,164.4700,165.3800,163.9800,165.3100,131.8641
2013-05-28,167.0400,167.7800,165.8100,166.3000,132.6538
2013-05-29,165.4200,165.8000,164.3400,165.2200,131.7923
2013-05-30,165.3500,166.5900,165.2200,165.8300,132.2789
2013-05-31,165.3700,166.3100,163.1300,163.4500,130.3804
2013-06-03,163.8300,164.4600,162.6600,164.3500,131.0983
2013-06-04,164.4400,165.1000,162.7300,163.5600,130.4681
2013-06-05,163.0900,163.4200,161.1300,161.2700,128.6415
2013-06-06,161.2000,162.7400,160.2500,162.7300,129.8061
2013-06-07,163.8500,164.9500,163.1400,164.8000,131.4573
2013-06-10,165.3100,165.4000,164.3700,164.8000,131.4573
2013-06-11,163.3000,164.5400,162.7400,163.1000,130.1013
2013-06-12,164.2200,164.3900,161.6000,161.7500,129.0244
2013-06-13,161.6600,164.5000,161.3000,164.2100,130.9866
2013-06-14,164.0300,164.6700,162.9100,163.1800,130.1650
2013-06-17,164.2900,165.2200,163.2200,164.4400,131.1701
2013-06-18,164.5300,165.9900,164.5200,165.7400,132.2071
2013-06-19,165.6000,165.8900,163.3800,163.4500,130.3804
2013-06-20,161.8600,163.4700,158.9800,159.4000,127.1498
2013-06-21,159.6400,159.7600,157.4700,159.0700,127.5580
2013-06-24,157.4100,158.4300,155.7300,157.0600,125.9461
2013-06-25,158.4800,160.1000,157.4200,158.5700,127.1571
2013-06-26,159.8700,160.5000,159.2500,160.1400,128.4160
2013-06-27,161.1000,161.8200,160.9500,161.0800,129.1698
2013-06-28,160.6300,161.4000,159.8600,160.4200,128.6406
2013-07-01,161.2600,162.4800,161.0800,161.3600,129.3943
2013-07-02,161.1200,162.3000,160.5000,161.2100,129.2740
2013-07-03,160.4800,161.7700,160.2200,161.2800,129.3302
2013-07-05,162.4700,163.0800,161.3000,163.0200,130.7255
2013-07-08,163.8600,164.3900,163.0800,163.9500,131.4712
2013-07-09,164.9800,165.3300,164.2700,165.1300,132.4175
2013-07-10,164.9700,165.7500,164.6300,165.1900,132.4656
2013-07-11,167.1100,167.6100,165.1800,167.4400,134.2699
2013-07-12,167.3900,167.9300,167.1300,167.5100,134.3260
2013-07-15,167.9700,168.3900,167.6800,168.1500,134.8392
2013-07-16,168.2600,168.3600,167.0700,167.5200,134.3340
2013-07-17,168.1600,168.4800,167.7300,167.9500,134.6788
2013-07-18,168.3100,169.2700,168.2000,168.8700,135.4165
2013-07-19,168.5200,169.2300,168.3100,169.1700,135.6572
2013-07-22,169.4100,169.7400,169.0100,169.5000,135.9218
2013-07-23,169.8000,169.8300,169.0500,169.1400,135.6331
2013-07-24,169.7900,169.8600,168.1800,168.5200,135.1359
2013-07-25,168.2200,169.0800,167.9400,168.9300,135.4647
2013-07-26,168.2200,169.1600,167.5200,169.1100,135.6090
2013-07-29,168.6800,169.0600,168.1100,168.5900,135.1920
2013-07-30,169.1000,169.2800,168.1900,168.5900,135.1920
2013-07-31,168.9400,169.8500,168.4900,168.7100,135.2882
2013-08-01,169.9900,170.8100,169.9000,170.6600,136.8520
2013-08-02,170.2800,170.9700,170.0500,170.9500,137.0845
2013-08-05,170.5700,170.9600,170.3500,170.7000,136.8841
2013-08-06,170.3700,170.7400,169.3500,169.7300,136.1062
2013-08-07,169.1900,169.4300,168.5500,169.1800,135.6651
2013-08-08,169.9800,170.1800,168.9300,169.8000,136.1623
2013-08-09,169.5800,170.1000,168.7200,169.3100,135.7694
2013-08-12,168.4600,169.3100,168.3800,169.1100,135.6090
2013-08-13,169.4100,169.9000,168.4100,169.6100,136.0100
2013-08-14,169.5300,169.8000,168.7000,168.7400,135.3123
2013-08-15,167.4100,167.4300,166.0900,166.3800,133.4199
2013-08-16,166.0600,166.6300,165.5000,165.8300,132.9789
2013-08-19,165.6400,166.2100,164.7600,164.7700,132.1288
2013-08-20,165.0400,166.2000,164.8600,165.5800,132.7783
2013-08-21,165.1200,166.0300,164.1900,164.5600,131.9603
2013-08-22,164.9000,166.3000,164.8900,166.0600,133.1633
2013-08-23,166.5500,166.8300,165.7700,166.6200,133.6123
2013-08-26,166.7900,167.3000,165.8900,166.0000,133.1151
2013-08-27,164.3600,166.0000,163.2100,163.3300,130.9741
2013-08-28,163.2600,164.4900,163.0500,163.9100,131.4391
2013-08-29,163.5500,165.0400,163.4000,164.1700,131.6477
2013-08-30,164.5100,164.5300,163.1700,163.6500,131.2307
2013-09-03,165.2300,165.5800,163.7000,164.3900,131.8241
2013-09-04,164.4300,166.0300,164.1300,165.7500,132.9147
2013-09-05,165.8500,166.4000,165.7300,165.9600,133.0830
2013-09-06,166.5100,166.9800,164.4800,166.0400,133.1472
2013-09-09,166.4500,167.7300,166.4500,167.6300,134.4222
2013-09-10,168.6400,168.9000,168.2600,168.8700,135.4165
2013-09-11,168.6400,169.4000,168.3500,169.4000,135.8416
2013-09-12,169.3400,169.5600,168.7200,168.9500,135.4807
2013-09-13,169.1300,169.4600,168.7400,169.3300,135.7855
2013-09-16,171.1600,171.2400,170.0400,170.3100,136.5714
2013-09-17,170.4600,171.1100,170.4600,171.0700,137.1808
2013-09-18,171.0100,173.5200,170.5800,173.0500,138.7685
2013-09-19,173.5200,173.6000,172.5900,172.7600,138.5360
2013-09-20,172.3300,172.3300,170.5800,170.7200,137.5674
2013-09-23,170.4900,170.6500,169.3900,169.9300,136.9308
2013-09-24,169.9000,170.5300,169.2100,169.5300,136.6085
2013-09-25,169.6400,169.9800,168.8900,169.0400,136.2137
2013-09-26,169.3200,170.1700,169.0500,169.6900,136.7374
2013-09-27,168.8400,169.1400,168.4700,168.9100,136.1089
2013-09-30,167.4800,168.5400,167.1500,168.0100,135.3836
2013-10-01,168.1400,169.5000,167.9700,169.3400,136.4554
2013-10-02,168.3500,169.3400,167.8300,169.1800,136.3264
2013-10-03,168.7900,168.9400,166.8400,167.6200,135.0693
2013-10-04,167.7500,169.0600,167.5300,168.8900,136.0928
2013-10-07,167.4200,168.4500,167.2500,167.4300,134.9163
2013-10-08,167.4000,167.6200,165.3600,165.4800,133.3449
2013-10-09,165.8000,166.2000,164.5300,165.6000,133.4417
2013-10-10,167.2900,169.2600,167.2300,169.1700,136.3184
2013-10-11,168.9100,170.3200,168.7700,170.2600,137.1967
2013-10-14,169.2100,171.0800,169.0800,170.9400,137.7446
2013-10-15,170.5100,171.1500,169.4700,169.7000,136.7455
2013-10-16,170.7200,172.1600,170.6400,172.0700,138.6552
2013-10-17,171.3700,173.3200,171.3400,173.2200,139.5819
2013-10-18,173.8600,174.5100,173.5100,174.3900,140.5247
2013-10-21,174.4500,174.7500,174.0100,174.4000,140.5327
2013-10-22,174.9100,175.9300,174.4300,175.4100,141.3466
2013-10-23,174.8100,174.8900,173.9600,174.5700,140.6698
2013-10-24,174.9200,175.3700,174.5100,175.1500,141.1371
2013-10-25,175.5100,176.0000,175.1700,175.9500,141.7818
2013-10-28,175.8900,176.4700,175.7000,176.2300,142.0074
2013-10-29,176.6300,177.2400,176.3800,177.1700,142.7648
2013-10-30,177.3800,177.5100,175.6600,176.2900,142.0557
2013-10-31,176.1500,176.8900,175.5300,175.7900,141.6528
2013-11-01,176.0200,176.6100,175.2200,176.2100,141.9912
2013-11-04,176.6900,176.9000,175.9800,176.8300,142.4908
2013-11-05,176.1400,176.7500,175.5700,176.2700,142.0396
2013-11-06,177.0300,177.5000,176.5400,177.1700,142.7648
2013-11-07,177.5000,177.6400,174.7600,174.9300,140.9599
2013-11-08,174.8700,177.3100,174.8500,177.2900,142.8615
2013-11-11,177.1200,177.5300,176.9100,177.3200,142.8857
2013-11-12,176.9400,177.3600,176.3700,176.9600,142.5957
2013-11-13,176.0900,178.4300,176.0900,178.3800,143.7399
2013-11-14,178.5400,179.4200,178.2500,179.2700,144.4570
2013-11-15,179.5600,180.1200,179.3300,180.0500,145.0856
2013-11-18,180.3500,180.5000,179.0200,179.4200,144.5779
2013-11-19,179.3300,179.8700,178.7200,179.0300,144.2637
2013-11-20,179.3900,179.9300,177.9800,178.4700,143.8124
2013-11-21,178.9700,180.0500,178.8600,179.9100,144.9727
2013-11-22,179.9800,180.8300,179.7700,180.8100,145.6980
2013-11-25,181.1300,181.1700,180.3700,180.6300,145.5529
2013-11-26,180.7200,181.2200,180.4100,180.6800,145.5932
2013-11-27,180.8700,181.2400,180.6500,181.1200,145.9478
2013-11-29,181.3200,181.7500,180.8000,181.0000,145.8511
2013-12-02,181.0900,181.4300,180.2500,180.5300,145.4724
2013-12-03,179.9400,180.3900,179.1700,179.7500,144.8438
2013-12-04,179.1000,180.4800,178.3500,179.7300,144.8278
2013-12-05,179.4100,179.7400,178.7700,178.9400,144.1911
2013-12-06,180.6700,181.1100,180.1500,180.9400,145.8027
2013-12-09,181.4700,181.6700,181.1600,181.4000,146.1734
2013-12-10,180.9800,181.3600,180.6400,180.7500,145.6496
2013-12-11,180.8200,180.8500,178.5000,178.7200,144.0138
2013-12-12,178.6400,178.8600,177.7600,178.1300,143.5384
2013-12-13,178.5000,178.6600,177.7700,178.1100,143.5223
2013-12-16,178.9500,179.8100,178.9000,179.2200,144.4168
2013-12-17,179.3800,179.4100,178.2500,178.6500,143.9575
2013-12-18,178.9200,181.7300,177.3200,181.7000,146.4151
2013-12-19,181.1800,181.7000,180.7100,181.4900,146.2459
2013-12-20,180.6900,181.9900,180.5700,181.5600,147.0966
2013-12-23,182.4500,182.6400,182.0700,182.5300,147.8825
2013-12-24,182.5400,183.0100,182.5300,182.9300,148.2065
2013-12-26,183.3400,183.9600,183.3200,183.8600,148.9601
2013-12-27,184.1000,184.1800,183.6600,183.8500,148.9520
2013-12-30,183.8700,184.0200,183.5800,183.8200,148.9277
2013-12-31,184.0700,184.6900,183.9300,184.6900,149.6325
2014-01-02,183.9800,184.0700,182.4800,182.9200,148.1985
2014-01-03,183.2300,183.6000,182.6300,182.8900,148.1741
2014-01-06,183.4900,183.5600,182.0800,182.3600,147.7448
2014-01-07,183.0900,183.7900,182.9500,183.4800,148.6522
2014-01-08,183.4500,183.8300,182.8900,183.5200,148.6846
2014-01-09,184.1100,184.1300,182.8000,183.6400,148.7818
2014-01-10,183.9500,184.2200,183.0100,184.1400,149.1869
2014-01-13,183.6700,184.1800,181.3400,181.6900,147.2019
2014-01-14,182.2900,183.7700,181.9500,183.6700,148.8060
2014-01-15,184.1000,184.9400,183.7100,184.6600,149.6081
2014-01-16,184.2800,184.6600,183.8300,184.4200,149.4137
2014-01-17,184.1000,184.4500,183.3200,183.6400,148.7818
2014-01-21,184.7000,184.7700,183.0500,184.1800,149.2193
2014-01-22,184.4900,184.5700,183.9100,184.3000,149.3165
2014-01-23,183.3700,183.4000,181.8200,182.7900,148.0931
2014-01-24,181.6000,181.6600,178.8300,178.8900,144.9334
2014-01-27,179.0600,179.5200,177.1200,178.0100,144.2205
2014-01-28,178.1400,179.3000,178.1200,179.0700,145.0793
2014-01-29,177.5800,178.5500,176.8800,177.3500,143.6858
2014-01-30,178.8300,179.8100,178.2600,179.2300,145.2089
2014-01-31,177.0100,179.2900,176.9200,178.1800,144.3582
2014-02-03,177.9700,178.3700,173.8300,174.1700,141.1094
2014-02-04,174.9500,175.8400,174.1100,175.3900,142.0978
2014-02-05,174.7800,175.5600,173.7100,175.1700,141.9196
2014-02-06,175.5800,177.4800,175.2200,177.4800,143.7911
2014-02-07,178.3100,179.8700,177.7300,179.6800,145.5735
2014-02-10,179.7000,180.0700,179.2100,180.0100,145.8409
2014-02-11,180.1600,182.4400,180.0400,181.9800,147.4369
2014-02-12,182.2500,182.8300,181.7100,182.0700,147.5099
2014-02-13,180.8400,183.2000,180.8300,183.0100,148.2714
2014-02-14,182.8400,184.3600,182.6700,184.0200,149.0897
2014-02-18,184.1800,184.4900,183.6500,184.2400,149.2679
2014-02-19,183.7600,184.9500,182.8700,183.0200,148.2795
2014-02-20,183.2700,184.5200,182.6000,184.1000,149.1545
2014-02-21,184.4500,184.8900,183.8000,183.8900,148.9844
2014-02-24,184.2800,186.1500,184.2000,184.9100,149.8108
2014-02-25,185.0600,185.5900,184.2300,184.8400,149.7540
2014-02-26,185.1100,185.6000,184.3300,184.8500,149.7621
2014-02-27,184.5800,185.8700,184.3700,185.8200,150.5480
2014-02-28,185.7900,187.1500,185.0500,186.2900,150.9288
2014-03-03,184.6500,185.4500,183.7500,184.9800,149.8674
2014-03-04,186.7900,187.9800,186.7500,187.5800,151.9739
2014-03-05,187.7400,188.0700,187.4500,187.7500,152.1116
2014-03-06,188.2100,188.6100,187.7800,188.1800,152.4601
2014-03-07,188.9600,188.9600,187.4300,188.2600,152.5248
2014-03-10,187.9700,188.2300,187.0800,188.1600,152.4438
2014-03-11,188.4400,188.7100,186.8000,187.2300,151.6904
2014-03-12,186.3200,187.3500,185.9000,187.2800,151.7309
2014-03-13,187.8400,187.9900,184.6600,185.1800,150.0295
2014-03-14,184.8500,185.8000,184.4400,184.6600,149.6081
2014-03-17,185.5900,186.7700,185.5100,186.3300,150.9612
2014-03-18,186.7100,187.9100,186.5100,187.6600,152.0387
2014-03-19,187.6800,187.9400,185.4700,186.6600,151.2286
2014-03-20,186.2500,187.8900,185.9200,187.7500,152.1116
2014-03-21,187.7100,189.0200,186.0300,186.2000,151.5217
2014-03-24,186.8400,187.0700,184.6200,185.4300,150.8951
2014-03-25,186.3700,186.9400,185.2700,186.3100,151.6112
2014-03-26,187.0400,187.3400,184.9200,184.9700,150.5208
2014-03-27,184.7500,185.3400,183.9000,184.5800,150.2034
2014-03-28,185.1100,186.4200,185.0000,185.4900,150.9439
2014-03-31,186.6700,187.3000,185.5200,187.0100,152.1808
2014-04-01,187.6200,188.3600,187.0000,188.2500,153.1899
2014-04-02,188.4900,189.1300,188.1400,188.8800,153.7025
2014-04-03,189.1700,189.2200,188.0500,188.6300,153.4991
2014-04-04,189.6600,189.7000,186.1000,186.4000,151.6845
2014-04-07,185.9500,186.2600,183.9600,184.3400,150.0081
2014-04-08,184.2600,185.4000,183.5900,185.1000,150.6265
2014-04-09,185.6000,187.1500,185.0600,187.0900,152.2459
2014-04-10,187.0800,187.1700,182.9300,183.1600,149.0479
2014-04-11,182.1400,183.4200,181.3100,181.5100,147.7051
2014-04-14,182.9300,183.3700,181.4400,182.9400,148.8689
2014-04-15,183.3200,184.3300,181.5100,184.2000,149.8942
2014-04-16,185.4700,186.1400,184.6500,186.1300,151.4647
2014-04-17,185.8800,186.9100,185.5600,186.3900,151.6763
2014-04-21,186.4400,187.1000,186.2100,187.0400,152.2052
2014-04-22,187.2300,188.4000,187.1300,187.8900,152.8969
2014-04-23,187.8200,187.9200,187.3000,187.4500,152.5389
2014-04-24,188.3700,188.3900,186.9300,187.8300,152.8481
2014-04-25,187.2200,187.3300,185.8700,186.2900,151.5949
2014-04-28,187.0500,187.6900,184.9600,186.8800,152.0750
2014-04-29,187.4800,188.0400,187.0800,187.7500,152.7830
2014-04-30,187.4400,188.5000,187.1800,188.3100,153.2387
2014-05-01,188.2200,188.8400,187.7300,188.3300,153.2551
2014-05-02,188.3100,189.1400,187.7800,188.0600,153.0353
2014-05-05,187.1400,188.5500,186.6200,188.4200,153.3283
2014-05-06,188.0000,188.1300,186.7400,186.7800,151.9936
2014-05-07,187.4100,187.9700,186.0100,187.8800,152.8888
2014-05-08,187.7100,189.0500,187.0800,187.6800,152.7260
2014-05-09,187.7100,188.0400,186.8300,187.9600,152.9539
2014-05-12,188.8000,189.8800,188.0000,189.7900,154.4430
2014-05-13,190.0400,190.4200,189.7700,189.9600,154.5814
2014-05-14,189.7900,189.8800,188.7900,189.0600,153.8490
2014-05-15,188.6800,188.7200,186.4800,187.4000,152.4982
2014-05-16,187.5100,188.1300,186.7200,188.0500,153.0271
2014-05-19,187.6900,188.8900,187.5200,188.7400,153.5886
2014-05-20,188.6500,188.6700,187.0700,187.5500,152.6202
2014-05-21,188.0900,189.2200,188.0600,189.1300,153.9060
2014-05-22,189.1800,189.9800,188.8600,189.5900,154.2803
2014-05-23,189.7600,190.4800,189.5900,190.3500,154.8988
2014-05-27,191.0600,191.5800,190.9500,191.5200,155.8508
2014-05-28,191.5200,191.8200,191.0600,191.3800,155.7370
2014-05-29,191.8200,192.4000,191.3300,192.3700,156.5426
2014-05-30,192.1900,192.8000,192.0300,192.6800,156.7948
2014-06-02,192.9500,192.9900,191.9700,192.9000,156.9738
2014-06-03,192.4300,192.9000,192.2500,192.8000,156.8924
2014-06-04,192.4700,193.3000,192.2700,193.1900,157.2098
2014-06-05,193.4100,194.6500,192.7000,194.4500,158.2352
2014-06-06,194.8700,195.4300,194.7800,195.3800,158.9920
2014-06-09,195.3500,196.0500,195.1700,195.5800,159.1547
2014-06-10,195.3400,195.6400,194.9200,195.6000,159.1710
2014-06-11,194.9000,195.1200,194.4800,194.9200,158.6177
2014-06-12,194.6900,194.8000,193.1100,193.5400,157.4946
2014-06-13,193.9200,194.3200,193.3000,194.1300,157.9747
2014-06-16,193.8900,194.7000,193.6600,194.2900,158.1049
2014-06-17,194.0200,194.9700,193.8100,194.8300,158.5444
2014-06-18,194.8300,196.3700,194.4000,196.2600,159.7080
2014-06-19,196.4300,196.6000,195.8000,196.4800,159.8871
2014-06-20,196.0300,196.1000,195.7000,195.9400,160.2117
2014-06-23,195.9900,196.0500,195.5200,195.8800,160.1627
2014-06-24,195.5300,196.5000,194.4800,194.7000,159.1978
2014-06-25,194.2900,195.7800,194.2500,195.5800,159.9173
2014-06-26,195.6100,195.6300,194.1300,195.4400,159.8029
2014-06-27,194.9800,195.8800,194.8900,195.8200,160.1136
2014-06-30,195.7000,196.1700,195.5300,195.7200,160.0318
2014-07-01,196.2000,197.6300,196.1300,197.0300,161.1030
2014-07-02,197.0500,197.4800,196.9600,197.2300,161.2664
2014-07-03,197.7900,198.2900,197.6400,198.2000,162.0596
2014-07-07,197.8200,197.9800,197.2200,197.5100,161.4955
2014-07-08,197.1500,197.2200,195.7600,196.2400,160.4570
2014-07-09,196.7300,197.3000,196.3100,197.1200,161.1766
2014-07-10,195.2200,196.8600,195.0600,196.3400,160.5388
2014-07-11,196.2200,196.7500,195.7800,196.6100,160.7595
2014-07-14,197.6100,197.8600,197.4400,197.6000,161.5690
2014-07-15,197.7200,198.1000,196.3600,197.2300,161.2664
2014-07-16,198.1100,198.2600,197.4200,197.9600,161.8633
2014-07-17,197.3500,198.1000,195.4300,195.7100,160.0237
2014-07-18,196.3500,197.9100,196.2400,197.7100,161.6590
2014-07-21,197.0900,197.5000,196.4300,197.3400,161.3564
2014-07-22,198.0100,198.5600,197.8700,198.2000,162.0596
2014-07-23,198.5000,198.8500,198.1000,198.6400,162.4194
2014-07-24,198.8300,199.0600,198.4500,198.6500,162.4275
2014-07-25,198.0900,198.2600,197.3300,197.7200,161.6671
2014-07-28,197.7600,198.0900,196.6200,197.8000,161.7325
2014-07-29,198.1700,198.4500,196.9200,196.9500,161.0376
2014-07-30,197.6500,197.9100,196.1600,196.9800,161.0621
2014-07-31,195.6100,195.7800,192.9700,193.0900,157.8814
2014-08-01,192.5600,193.7600,191.5700,192.5000,157.3990
2014-08-04,192.8700,194.3000,192.0500,193.8900,158.5355
2014-08-05,193.1000,193.6000,191.3100,192.0100,156.9983
2014-08-06,191.1100,192.8900,191.0800,192.0700,157.0474
2014-08-07,192.9400,193.1300,190.5500,191.0300,156.1970
2014-08-08,191.4600,193.3700,190.9500,193.2400,158.0040
2014-08-11,193.9700,194.6600,193.7100,193.8000,158.4619
2014-08-12,193.6100,194.1500,192.9400,193.5300,158.2411
2014-08-13,194.2900,195.0600,193.9600,194.8400,159.3123
2014-08-14,195.1600,195.7600,194.9800,195.7600,160.0645
2014-08-15,196.4700,196.6500,194.3100,195.7200,160.0318
2014-08-18,196.8000,197.4500,196.6900,197.3600,161.3728
2014-08-19,197.8400,198.5400,197.4400,198.3900,162.2150
2014-08-20,198.1200,199.1600,198.0800,198.9200,162.6483
2014-08-21,199.0900,199.7600,198.9300,199.5000,163.1226
2014-08-22,199.3400,199.6900,198.7400,199.1900,162.8691
2014-08-25,200.1400,200.5900,199.1500,200.2000,163.6950
2014-08-26,200.3300,200.8200,200.2800,200.3300,163.8013
2014-08-27,200.4300,200.5700,199.9400,200.2500,163.7358
2014-08-28,199.5900,200.2700,199.3900,200.1400,163.6459
2014-08-29,200.4500,200.7300,199.8200,200.7100,164.1120
2014-09-02,200.9700,201.0000,199.8600,200.6100,164.0302
2014-09-03,201.3800,201.4100,200.2200,200.5000,163.9402
2014-09-04,200.8400,201.5800,199.6600,200.2100,163.7030
2014-09-05,200.1700,201.1900,199.4100,201.1100,164.4390
2014-09-08,200.9200,201.2100,200.0000,200.5900,164.0138
2014-09-09,200.4100,200.5500,198.9100,199.3200,162.9754
2014-09-10,199.4300,200.2000,198.7700,200.0700,163.5886
2014-09-11,199.2700,200.3300,199.1200,200.3000,163.7767
2014-09-12,200.1000,200.1200,198.5600,199.1300,162.8200
2014-09-15,199.1600,199.3200,198.3800,198.9800,162.6974
2014-09-16,198.6100,200.8400,198.5000,200.4800,163.9239
2014-09-17,200.7700,201.6800,199.7500,200.7500,164.1447
2014-09-18,201.3600,201.8500,201.1000,201.8200,165.0195
2014-09-19,201.5200,201.9000,200.2900,200.7000,164.8708
2014-09-22,200.3500,200.3800,198.7300,199.1500,163.5975
2014-09-23,198.4300,199.2600,197.9500,198.0100,162.6611
2014-09-24,198.0400,199.6900,197.5200,199.5600,163.9344
2014-09-25,199.0400,199.0500,196.2700,196.3400,161.2892
2014-09-26,196.7000,198.3900,196.4200,197.9000,162.5707
2014-09-29,196.2000,197.8900,196.0500,197.5400,162.2749
2014-09-30,197.6900,198.3000,196.6100,197.0200,161.8478
2014-10-01,196.7000,196.7700,193.9100,194.3500,159.6545
2014-10-02,194.1800,195.0600,192.3500,194.3800,159.6792
2014-10-03,195.6800,196.9400,195.0800,196.5200,161.4370
2014-10-06,197.3400,197.6000,195.5800,196.2900,161.2481
2014-10-07,195.2800,195.7200,193.2200,193.2600,158.7590
2014-10-08,193.3700,196.9200,192.3600,196.6400,161.5356
2014-10-09,196.3300,196.6000,192.5800,192.7400,158.3318
2014-10-10,192.6900,193.6500,190.4900,190.5400,156.5246
2014-10-13,190.4600,191.1500,187.3000,187.4100,153.9534
2014-10-14,188.4200,189.8200,187.0400,187.7000,154.1916
2014-10-15,185.1600,187.6900,181.9200,186.4300,153.1483
2014-10-16,183.0600,187.5800,182.8900,186.2700,153.0168
2014-10-17,188.4200,189.7500,187.6200,188.4700,154.8241
2014-10-20,188.1300,190.4500,188.0700,190.3000,156.3275
2014-10-21,191.6800,194.2000,191.4800,194.0700,159.4245
2014-10-22,194.4100,194.9100,192.6100,192.6900,158.2908
2014-10-23,194.6200,196.2000,194.2600,194.9300,160.1309
2014-10-24,195.2500,196.4900,194.4900,196.4300,161.3631
2014-10-27,195.7300,196.4500,195.0300,196.1600,161.1413
2014-10-28,196.8200,198.4200,196.7300,198.4100,162.9897
2014-10-29,198.5500,199.1200,196.8000,198.1100,162.7432
2014-10-30,197.5800,199.9500,197.4000,199.3800,163.7865
2014-10-31,201.7800,201.8200,200.7700,201.6600,165.6595
2014-11-03,201.9200,202.4500,201.3100,201.7700,165.7498
2014-11-04,201.2300,201.6000,200.0600,201.0700,165.1749
2014-11-05,202.5400,202.5900,201.4500,202.3400,166.2181
2014-11-06,202.3900,203.2600,201.6400,203.1500,166.8835
2014-11-07,203.1700,203.6000,202.6100,203.3400,167.0395
2014-11-10,203.3800,204.0400,203.1300,203.9800,167.5652
2014-11-11,204.0600,204.3100,203.6500,204.1800,167.7296
2014-11-12,203.3500,204.2400,203.3100,203.9600,167.5489
2014-11-13,204.1600,204.8300,203.2100,204.1900,167.7379
2014-11-14,204.1000,204.4900,203.7200,204.2400,167.7789
2014-11-17,203.8500,204.5800,203.6500,204.3700,167.8857
2014-11-18,204.4400,205.9200,204.4400,205.5500,168.8550
2014-11-19,205.3100,205.5500,204.3000,205.2200,168.5840
2014-11-20,204.2600,205.7100,204.1800,205.5800,168.8797
2014-11-21,207.6400,207.8400,205.9800,206.6800,169.7833
2014-11-24,207.1700,207.3900,206.9100,207.2600,170.2597
2014-11-25,207.5400,207.7900,206.8000,207.1100,170.1365
2014-11-26,207.2900,207.7600,207.0300,207.6400,170.5719
2014-11-28,207.4900,207.8700,206.9100,207.2000,170.2104
2014-12-01,206.4000,206.5400,205.3800,205.7600,169.0275
2014-12-02,205.8100,207.3400,205.7800,207.0900,170.1201
2014-12-03,207.3000,208.1500,207.1000,207.8900,170.7773
2014-12-04,207.5400,208.2700,206.7000,207.6600,170.5883
2014-12-05,207.8700,208.4700,207.5500,208.0000,170.8676
2014-12-08,207.5200,208.1200,205.9300,206.6100,169.7258
2014-12-09,204.3700,206.6000,203.9100,206.4700,169.6108
2014-12-10,205.9100,205.9800,202.9300,203.1600,166.8917
2014-12-11,203.8800,206.1900,203.7100,204.1900,167.7379
2014-12-12,202.6400,203.8200,200.8500,200.8900,165.0269
2014-12-15,201.9800,202.5300,198.7800,199.5100,163.8932
2014-12-16,198.5800,202.4000,197.8600,197.9100,162.5789
2014-12-17,198.4400,202.3400,198.2900,201.7900,165.7663
2014-12-18,204.7400,212.9700,203.9200,206.7800,169.8654
2014-12-19,206.4300,207.3300,205.6100,206.5200,170.5882
2014-12-22,206.7500,207.4700,206.4600,207.4700,171.3729
2014-12-23,208.1700,208.2300,207.4000,207.7500,171.6042
2014-12-24,208.0200,208.3400,207.7200,207.7700,171.6207
2014-12-26,208.3100,208.8500,208.2500,208.4400,172.1741
2014-12-29,208.2200,208.9700,208.1400,208.7200,172.4054
2014-12-30,208.2100,208.3700,207.5100,207.6000,171.4803
2014-12-31,207.9900,208.1900,205.3900,205.5400,169.7787
2015-01-02,206.3800,206.8800,204.1800,205.4300,169.6878
2015-01-05,204.1700,204.3700,201.3500,201.7200,166.6234
2015-01-06,202.0900,202.7200,198.8600,199.8200,165.0539
2015-01-07,201.4200,202.7200,200.8800,202.3100,167.1107
2015-01-08,204.0100,206.1600,203.9900,205.9000,170.0761
2015-01-09,206.4000,206.4200,203.5100,204.2500,168.7131
2015-01-12,204.4100,204.6000,201.9200,202.6500,167.3915
2015-01-13,204.1200,205.4800,200.5100,202.0800,166.9207
2015-01-14,199.6500,201.1000,198.5700,200.8600,165.9130
2015-01-15,201.6300,202.0100,198.8800,199.0200,164.3931
2015-01-16,198.7700,201.8200,198.5500,201.6300,166.5490
2015-01-20,202.4000,202.7200,200.1700,202.0600,166.9042
2015-01-21,201.5000,203.6600,200.9400,203.0800,167.7467
2015-01-22,203.9900,206.2600,202.3300,206.1000,170.2412
2015-01-23,205.7900,206.1000,204.8100,204.9700,169.3078
2015-01-26,204.7100,205.5600,203.8500,205.4500,169.7043
2015-01-27,202.9700,204.1200,201.7400,202.7400,167.4659
2015-01-28,204.1700,204.2900,199.9100,200.1400,165.3182
2015-01-29,200.3800,202.3000,198.6800,201.9900,166.8464
2015-01-30,200.5700,202.1700,199.1300,199.4500,164.7483
2015-02-02,200.0500,202.0300,197.8600,201.9200,166.7885
2015-02-03,203.0000,204.8500,202.5500,204.8400,169.2005
2015-02-04,203.9200,205.3800,203.5100,204.0600,168.5562
2015-02-05,204.8600,206.3000,204.7700,206.1200,170.2578
2015-02-06,206.5600,207.2400,204.9200,205.5500,169.7870
2015-02-09,204.7700,205.6400,204.1400,204.6300,169.0270
2015-02-10,205.8800,207.1200,204.6800,206.8100,170.8277
2015-02-11,206.6100,207.4500,205.8300,206.9300,170.9268
2015-02-12,207.8900,208.9900,206.9700,208.9200,172.5706
2015-02-13,209.0700,209.8400,208.7600,209.7800,173.2810
2015-02-17,209.4000,210.3200,209.1000,210.1100,173.5535
2015-02-18,209.6600,210.2200,209.3400,210.1300,173.5701
2015-02-19,209.4100,210.4200,209.2400,209.9800,173.4462
2015-02-20,209.4800,211.3300,208.7300,211.2400,174.4870
2015-02-23,210.9400,211.2100,210.4800,211.2100,174.4622
2015-02-24,211.1200,212.0500,210.7600,211.8100,174.9578
2015-02-25,211.6600,212.2400,211.2200,211.6300,174.8091
2015-02-26,211.5200,211.7100,210.6500,211.3800,174.6026
2015-02-27,211.2600,211.5800,210.6000,210.6600,174.0079
2015-03-02,210.7800,212.0600,210.7200,211.9900,175.1066
2015-03-03,211.4700,212.0500,210.0800,211.1200,174.3879
2015-03-04,210.4000,210.4900,209.0600,210.2300,173.6527
2015-03-05,210.6200,210.8000,209.8500,210.4600,173.8427
2015-03-06,209.4200,209.9400,207.1000,207.5000,171.3977
2015-03-09,207.7400,208.7900,207.5500,208.3600,172.1080
2015-03-10,206.7100,206.8100,204.9300,204.9800,169.3162
2015-03-11,205.2900,205.5000,204.4000,204.5000,168.9196
2015-03-12,205.2600,207.1800,205.2000,207.1000,171.0673
2015-03-13,206.7700,207.9300,204.5800,205.8300,170.0182
2015-03-16,206.7100,208.6900,205.8600,208.5800,172.2898
2015-03-17,207.6900,208.4200,206.9800,207.9600,171.7777
2015-03-18,207.3900,211.2700,206.6200,210.4600,173.8427
2015-03-19,209.9600,210.4700,209.0300,209.5000,173.0497
2015-03-20,209.7100,211.0200,209.4900,210.4100,174.5772
2015-03-23,210.4200,211.1100,210.0000,210.0000,174.2370
2015-03-24,209.8500,210.4000,208.7400,208.8200,173.2579
2015-03-25,209.0700,209.3500,205.7100,205.7600,170.7191
2015-03-26,204.9600,206.3700,204.1200,205.2700,170.3125
2015-03-27,205.1300,205.9500,204.9000,205.7400,170.7025
2015-03-30,206.9800,208.6100,206.9600,208.2500,172.7851
2015-03-31,207.2600,208.1000,206.3600,206.4300,171.2750
2015-04-01,206.3900,206.4200,204.5100,205.7000,170.6693
2015-04-02,205.6200,206.9800,205.4000,206.4400,171.2833
2015-04-06,205.3700,208.4500,205.2100,207.8300,172.4366
2015-04-07,207.8600,208.7600,207.2400,207.2800,171.9802
2015-04-08,207.5500,208.5100,207.0800,207.9800,172.5610
2015-04-09,207.7800,209.1800,207.1900,208.9000,173.3244
2015-04-10,209.2000,210.0900,208.9600,210.0400,174.2702
2015-04-13,209.8700,210.6300,209.0300,209.0900,173.4820
2015-04-14,208.8500,209.7100,208.1000,209.4900,173.8139
2015-04-15,210.0500,211.0400,209.9500,210.4300,174.5938
2015-04-16,210.0300,210.9800,209.7900,210.3700,174.5440
2015-04-17,208.9400,209.2300,207.0100,207.9500,172.5361
2015-04-20,209.0600,210.2500,208.9600,209.8500,174.1126
2015-04-21,210.6700,210.8600,209.2400,209.6000,173.9052
2015-04-22,210.0100,210.8500,208.9000,210.6300,174.7597
2015-04-23,210.1500,211.9400,210.0100,211.1600,175.1995
2015-04-24,211.6600,211.9700,211.1100,211.6500,175.6060
2015-04-27,212.3300,212.4800,210.5400,210.7700,174.8759
2015-04-28,210.7400,211.5000,209.3300,211.4400,175.4318
2015-04-29,210.3700,211.2900,209.6000,210.5700,174.7100
2015-04-30,209.8800,210.3500,207.6200,208.4600,172.9593
2015-05-01,209.4000,210.7700,209.2800,210.7200,174.8344
2015-05-04,211.2300,212.0200,211.1000,211.3200,175.3322
2015-05-05,211.0300,211.4600,208.7300,208.9000,173.3244
2015-05-06,209.5600,209.9300,206.7600,208.0400,172.6108
2015-05-07,207.9200,209.3800,207.5200,208.8700,173.2994
2015-05-08,210.8800,211.8600,210.7800,211.6200,175.5811
2015-05-11,211.5700,211.8900,210.5200,210.6100,174.7432
2015-05-12,209.6100,210.6300,208.6200,209.9800,174.2204
2015-05-13,210.4700,211.2200,209.7400,210.0200,174.2536
2015-05-14,211.2400,212.3200,210.9100,212.2100,176.0707
2015-05-15,212.4400,212.6100,211.8600,212.4400,176.2615
2015-05-18,212.2400,213.4000,212.1600,213.1000,176.8091
2015-05-19,213.2400,213.5700,212.6900,213.0300,176.7510
2015-05-20,213.1500,213.7800,212.5000,212.8800,176.6265
2015-05-21,212.7100,213.7500,212.5100,213.5000,177.1410
2015-05-22,213.0400,213.5400,212.9100,212.9900,176.7178
2015-05-26,212.4000,212.9100,210.2000,210.7000,174.8178
2015-05-27,211.2500,212.9800,210.7600,212.7000,176.4772
2015-05-28,212.3300,212.5900,211.6300,212.4600,176.2781
2015-05-29,212.3800,212.4300,210.8200,211.1400,175.1829
2015-06-01,211.9400,212.3400,210.6200,211.5700,175.5397
2015-06-02,211.0200,212.1900,210.2700,211.3600,175.3654
2015-06-03,212.0000,212.6700,211.3300,211.9200,175.8300
2015-06-04,211.0700,211.8600,209.7500,210.1300,174.3449
2015-06-05,209.9500,210.5800,208.9800,209.7700,174.0462
2015-06-08,209.6400,209.8200,208.3900,208.4800,172.9759
2015-06-09,208.4500,209.1000,207.6900,208.4500,172.9510
2015-06-10,209.3700,211.4100,209.3000,210.9500,175.0252
2015-06-11,211.4800,212.0900,211.2000,211.6300,175.5894
2015-06-12,210.6400,211.4800,209.6800,210.0100,174.2453
2015-06-15,208.6400,209.4500,207.7900,209.1100,173.4986
2015-06-16,208.9300,210.3500,208.7200,210.2500,174.4444
2015-06-17,210.5900,211.3200,209.3600,210.5900,174.7266
2015-06-18,211.3100,213.3400,210.6300,212.7800,176.5436
2015-06-19,211.4600,211.5500,210.3600,210.8100,175.7599
2015-06-22,211.9100,212.5900,211.6400,211.8900,176.6603
2015-06-23,212.1400,212.4400,211.5700,212.0400,176.7854
2015-06-24,211.7200,212.1700,210.4700,210.5000,175.5014
2015-06-25,211.1000,211.2500,209.7700,209.8600,174.9678
2015-06-26,210.2900,210.5800,209.1600,209.8200,174.9345
2015-06-29,208.0500,209.8300,205.3300,205.4200,171.2660
2015-06-30,207.2600,207.3200,205.2800,205.8500,171.6246
2015-07-01,207.7300,208.0300,206.5600,207.5000,173.0002
2015-07-02,208.0700,208.2700,206.8100,207.3100,172.8418
2015-07-06,205.7700,207.6500,205.5300,206.7200,172.3499
2015-07-07,206.9600,208.1700,204.1100,208.0200,173.4338
2015-07-08,206.4200,206.7600,204.2500,204.5300,170.5240
2015-07-09,207.0400,207.3500,204.7700,204.9000,170.8325
2015-07-10,207.2900,207.9800,204.9500,207.4800,172.9835
2015-07-13,208.9900,209.9000,208.9400,209.7700,174.8928
2015-07-14,209.7200,211.0500,209.6500,210.6800,175.6515
2015-07-15,210.7300,211.2800,210.0400,210.6100,175.5932
2015-07-16,211.8700,212.3000,211.5800,212.3000,177.0021
2015-07-17,212.2900,212.5500,211.8000,212.4800,177.1522
2015-07-20,212.7500,213.1800,212.2100,212.5900,177.2439
2015-07-21,212.4300,212.7400,211.3900,211.7500,176.5436
2015-07-22,210.9300,211.7700,210.8900,211.3700,176.2267
2015-07-23,211.5300,211.6500,209.7500,210.1800,175.2347
2015-07-24,210.3000,210.3700,207.6000,208.0000,173.4171
2015-07-27,206.9400,207.5500,206.2600,206.7900,172.4082
2015-07-28,207.7900,209.5000,206.8000,209.3300,174.5259
2015-07-29,209.4800,211.0400,209.3100,210.7700,175.7265
2015-07-30,210.1600,211.0200,209.4200,210.8200,175.7682
2015-07-31,211.4200,211.4500,210.1600,210.5000,175.5014
2015-08-03,210.4600,210.5300,208.6500,209.7900,174.9095
2015-08-04,209.7000,210.2500,208.8000,209.3800,174.5677
2015-08-05,210.4500,211.3100,209.7300,210.0700,175.1429
2015-08-06,210.2900,210.4200,207.6500,208.3500,173.7089
2015-08-07,208.1600,208.3400,206.8700,207.9500,173.3754
2015-08-10,209.2800,210.6700,209.2800,210.5700,175.5598
2015-08-11,208.9700,209.4700,207.7600,208.6700,173.9757
2015-08-12,207.1100,209.1400,205.3600,208.9200,174.1841
2015-08-13,208.7300,209.5500,208.0100,208.6600,173.9674
2015-08-14,208.4300,209.5100,208.2600,209.4200,174.6010
2015-08-17,208.7100,210.5900,208.1600,210.5900,175.5764
2015-08-18,210.2600,210.6800,209.7000,209.9800,175.0679
2015-08-19,209.0900,210.0100,207.3500,208.3200,173.6839
2015-08-20,206.5100,208.2900,203.9000,203.9700,170.0571
2015-08-21,201.7300,203.9400,197.5200,197.8300,164.9380
2015-08-24,187.4900,197.4800,182.4000,189.5000,157.9930
2015-08-25,195.4300,195.4500,186.9200,187.2700,156.1337
2015-08-26,192.0800,194.7900,188.3700,194.4600,162.1283
2015-08-27,197.0200,199.4200,195.2100,199.2700,166.1386
2015-08-28,198.5000,199.8400,197.9200,199.2800,166.1469
2015-08-31,198.1100,199.1300,197.0100,197.6700,164.8046
2015-09-01,193.1200,194.7700,190.7300,191.7700,159.8856
2015-09-02,194.6200,195.4600,192.4200,195.4100,162.9204
2015-09-03,196.2600,198.0500,194.9600,195.5500,163.0371
2015-09-04,192.8500,193.8600,191.6100,192.5900,160.5692
2015-09-08,195.9400,197.6100,195.1700,197.4300,164.6044
2015-09-09,199.3200,199.4700,194.3500,194.7900,162.4034
2015-09-10,194.5600,197.2200,194.2500,195.8500,163.2872
2015-09-11,195.3800,196.8200,194.5300,196.7400,164.0292
2015-09-14,196.9500,197.0100,195.4300,196.0100,163.4206
2015-09-15,196.6100,198.9900,195.9600,198.4600,165.4633
2015-09-16,198.8200,200.4100,198.4100,200.1800,166.8972
2015-09-17,200.0200,202.8900,199.2800,199.7300,166.5221
2015-09-18,195.7100,198.6800,194.9600,195.4500,163.8009
2015-09-21,196.4400,197.6800,195.2100,196.4600,164.6473
2015-09-22,193.8800,194.4600,192.5600,193.9100,162.5102
2015-09-23,194.1100,194.6700,192.9100,193.6000,162.2504
2015-09-24,192.1500,193.4500,190.5600,192.9000,161.6638
2015-09-25,194.6400,195.0000,191.8100,192.8500,161.6219
2015-09-28,191.7800,191.9100,187.6400,188.0100,157.5656
2015-09-29,188.2700,189.7400,186.9300,188.1200,157.6578
2015-09-30,190.3700,191.8300,189.4400,191.6300,160.5994
2015-10-01,192.0800,192.4900,189.8200,192.1300,161.0184
2015-10-02,189.7700,195.0300,189.1200,195.0000,163.4237
2015-10-05,196.4600,198.7400,196.3300,198.4700,166.3318
2015-10-06,198.3100,198.9800,197.0000,197.7900,165.7619
2015-10-07,198.9000,199.8300,197.4800,199.4100,167.1196
2015-10-08,198.9500,201.5500,198.5900,201.2100,168.6281
2015-10-09,201.3800,201.9000,200.5800,201.3300,168.7287
2015-10-12,201.4200,201.7600,200.9100,201.5200,168.8880
2015-10-13,200.6500,202.1600,200.0500,200.2500,167.8236
2015-10-14,200.1800,200.8700,198.9400,199.2900,167.0191
2015-10-15,200.0800,202.3600,199.6400,202.3500,169.5836
2015-10-16,202.8300,203.2900,201.9200,203.2700,170.3546
2015-10-19,202.5000,203.3700,202.1300,203.3700,170.4384
2015-10-20,202.8500,203.8400,202.5500,203.1100,170.2205
2015-10-21,203.6100,203.7900,201.6500,201.8500,169.1645
2015-10-22,202.9800,205.5100,201.8500,205.2600,172.0224
2015-10-23,207.2500,207.9500,206.3000,207.5100,173.9080
2015-10-26,207.3000,207.3700,206.5600,207.0000,173.4806
2015-10-27,206.2000,207.0000,205.7900,206.6000,173.1454
2015-10-28,207.0000,208.9800,206.2100,208.9500,175.1148
2015-10-29,208.3500,209.2700,208.2100,208.8300,175.0143
2015-10-30,209.0600,209.4400,207.7400,207.9300,174.2600
2015-11-02,208.3200,210.6200,208.1700,210.3900,176.3216
2015-11-03,209.9700,211.6600,209.7000,211.0000,176.8329
2015-11-04,211.3500,211.5000,209.7200,210.3600,176.2965
2015-11-05,210.4300,210.9800,209.0900,210.1500,176.1205
2015-11-06,209.7400,210.3200,208.4600,210.0400,176.0283
2015-11-09,209.3100,209.4900,206.9500,208.0800,174.3857
2015-11-10,207.5100,208.6000,207.1900,208.5600,174.7880
2015-11-11,208.8800,208.9400,207.6600,207.7400,174.1007
2015-11-12,206.5000,207.0600,204.8200,204.8400,171.6703
2015-11-13,204.3500,204.6700,202.4400,202.5400,169.7428
2015-11-16,202.3200,205.6900,202.1800,205.6200,172.3240
2015-11-17,205.9900,207.0400,204.8800,205.4700,172.1983
2015-11-18,206.0400,208.9000,205.9900,208.7300,174.9305
2015-11-19,208.5900,209.0500,208.2000,208.5500,174.7796
2015-11-20,209.4500,210.1200,208.8600,209.3100,175.4165
2015-11-23,209.3800,209.9800,208.5200,209.0700,175.2154
2015-11-24,207.8700,209.8300,207.4100,209.3500,175.4501
2015-11-25,209.5000,209.7400,209.0100,209.3200,175.4249
2015-11-27,209.4300,209.8000,208.8600,209.5600,175.6261
2015-11-30,209.7500,209.8900,208.5600,208.6900,174.8969
2015-12-01,209.4400,210.8200,209.1100,210.6800,176.5647
2015-12-02,210.6200,211.0000,208.2300,208.5300,174.7629
2015-12-03,208.8300,209.1500,204.7500,205.6100,172.3157
2015-12-04,205.6100,209.9700,205.6100,209.6200,175.6763
2015-12-07,209.2300,209.7300,207.2000,208.3500,174.6120
2015-12-08,206.4900,208.2900,205.7800,206.9500,173.4387
2015-12-09,206.1900,208.6800,204.1800,205.3400,172.0894
2015-12-10,205.4200,207.4300,205.1400,205.8700,172.5336
2015-12-11,203.3500,204.1400,201.5100,201.8800,169.1896
2015-12-14,202.0700,203.0500,199.9500,202.9000,170.0445
2015-12-15,204.7000,206.1100,202.8700,205.0300,171.8296
2015-12-16,206.3700,208.3900,204.8000,208.0300,174.3438
2015-12-17,208.4000,208.4800,204.8400,204.8600,171.6871
2015-12-18,202.7700,202.9300,199.8300,200.0200,168.6285
2015-12-21,201.4100,201.8800,200.0900,201.6700,170.0195
2015-12-22,202.7200,203.8500,201.5500,203.5000,171.5623
2015-12-23,204.6900,206.0700,204.5800,206.0200,173.6869
2015-12-24,205.7200,206.3300,205.4200,205.6800,173.4002
2015-12-28,204.8600,205.2600,203.9400,205.2100,173.0040
2015-12-29,206.5100,207.7900,206.4700,207.4000,174.8502
2015-12-30,207.1100,207.2100,205.7600,205.9300,173.6110
2015-12-31,205.1300,205.8900,203.8700,203.8700,171.8743
2016-01-04,200.4900,201.0300,198.5900,201.0200,169.4716
2016-01-05,201.4000,201.9000,200.0500,201.3600,169.7582
2016-01-06,198.3400,200.0600,197.6000,198.8200,167.6169
2016-01-07,195.3300,197.4400,193.5900,194.0500,163.5954
2016-01-08,195.1900,195.8500,191.5800,191.9200,161.7997
2016-01-11,193.0100,193.4100,189.8200,192.1100,161.9599
2016-01-12,193.8200,194.5500,191.1400,193.6600,163.2666
2016-01-13,194.4500,194.8600,188.3800,188.8300,159.1947
2016-01-14,189.5500,193.2600,187.6600,191.9300,161.8082
2016-01-15,186.7700,188.7600,185.5200,187.8100,158.3347
2016-01-19,189.9600,190.1100,186.2000,188.0600,158.5455
2016-01-20,185.0300,187.5000,181.0200,185.6500,156.5138
2016-01-21,186.2100,188.8700,184.6400,186.6900,157.3905
2016-01-22,189.7800,190.7600,188.8800,190.5200,160.6195
2016-01-25,189.9200,190.1500,187.4100,187.6400,158.1914
2016-01-26,188.4200,190.5300,188.0200,190.2000,160.3497
2016-01-27,189.5800,191.5600,187.0600,188.1300,158.6046
2016-01-28,189.9600,190.2000,187.1600,189.1100,159.4307
2016-01-29,190.0200,193.8800,189.8800,193.7200,163.3172
2016-02-01,192.5300,194.5800,191.8400,193.6500,163.2582
2016-02-02,191.9600,191.9700,189.5400,190.1600,160.3160
2016-02-03,191.4100,191.7800,187.1000,191.3000,161.2770
2016-02-04,190.7100,192.7500,189.9600,191.6000,161.5299
2016-02-05,190.9900,191.6700,187.2000,187.9500,158.4527
2016-02-08,185.7700,186.1200,182.8000,185.4200,156.3198
2016-02-09,183.3600,186.9400,183.2000,185.4300,156.3283
2016-02-10,186.4100,188.3400,185.1200,185.2700,156.1934
2016-02-11,182.3400,184.1000,181.0900,182.8600,154.1616
2016-02-12,184.9600,186.6500,183.9600,186.6300,157.3400
2016-02-16,188.7700,189.8100,187.6300,189.7800,159.9956
2016-02-17,191.1600,193.3200,191.0100,192.8800,162.6091
2016-02-18,193.2000,193.2700,191.7200,192.0900,161.9430
2016-02-19,191.1700,192.1800,190.4500,192.0000,161.8672
2016-02-22,193.8700,194.9500,193.7900,194.7800,164.2109
2016-02-23,194.0000,194.3200,192.1800,192.3200,162.1370
2016-02-24,190.6300,193.5300,189.3200,193.2000,162.8788
2016-02-25,193.7300,195.5500,192.8300,195.5400,164.8516
2016-02-26,196.5700,196.6800,194.9000,195.0900,164.4722
2016-02-29,195.1100,196.2300,193.3300,193.5600,163.1824
2016-03-01,195.0100,198.2100,194.4500,198.1100,167.0182
2016-03-02,197.7400,199.0600,197.2500,199.0000,167.7686
2016-03-03,198.7900,199.8000,198.1100,199.7800,168.4262
2016-03-04,200.0100,201.3500,199.0300,200.4300,168.9741
2016-03-07,199.3400,201.0700,199.2500,200.5900,169.1090
2016-03-08,199.3200,199.9200,198.2100,198.4000,167.2627
2016-03-09,199.3600,199.7900,198.4300,199.3800,168.0889
2016-03-10,199.9600,201.0700,197.3800,199.5400,168.2238
2016-03-11,201.2600,202.8100,199.5200,202.7600,170.9384
2016-03-14,202.1600,203.0400,201.7700,202.5000,170.7193
2016-03-15,201.3600,202.5300,201.0500,202.1700,170.4411
2016-03-16,201.6000,203.8200,201.5500,203.3400,171.4274
2016-03-17,203.2400,205.2300,202.7700,204.6300,172.5150
2016-03-18,204.1700,204.7800,203.8000,204.3800,173.1930
2016-03-21,204.0700,204.9400,203.8000,204.6700,173.4387
2016-03-22,203.7600,205.2300,203.5700,204.5600,173.3454
2016-03-23,204.1100,204.3300,203.0100,203.2100,172.2014
2016-03-24,202.0000,203.1600,201.7400,203.1200,172.1252
2016-03-28,203.6100,203.8600,202.7100,203.2400,172.2269
2016-03-29,202.7600,205.2500,202.4000,205.1200,173.8200
2016-03-30,206.3000,206.8700,205.5900,206.0200,174.5826
2016-03-31,205.9100,206.4100,205.3300,205.5200,174.1589
2016-04-01,204.3500,207.1400,203.9800,206.9200,175.3454
2016-04-04,206.8300,207.0700,205.8900,206.2500,174.7776
2016-04-05,204.6700,206.2600,203.8900,204.1900,173.0319
2016-04-06,204.1900,206.4900,203.9800,206.4200,174.9216
2016-04-07,205.1400,205.5600,203.0900,203.9500,172.8285
2016-04-08,205.3400,205.8500,203.8700,204.5000,173.2946
2016-04-11,205.2500,206.0700,203.9100,204.0200,172.8878
2016-04-12,204.2200,206.2500,203.7000,205.9200,174.4979
2016-04-13,207.0000,208.1000,206.8400,208.0000,176.2605
2016-04-14,208.0700,208.6000,207.6000,208.0100,176.2690
2016-04-15,208.0100,208.1700,207.4000,207.7800,176.0741
2016-04-18,207.7800,209.2800,207.0000,209.2400,177.3113
2016-04-19,209.7400,210.2000,208.9400,209.9000,177.8706
2016-04-20,209.9500,210.9200,209.3900,210.1000,178.0401
2016-04-21,210.1200,210.2500,208.6500,208.9700,177.0825
2016-04-22,208.5500,209.2900,207.9100,208.9700,177.0825
2016-04-25,208.2600,208.6600,207.5400,208.6100,176.7775
2016-04-26,209.0400,209.5200,208.3600,208.9200,177.0402
2016-04-27,208.4700,209.8100,208.0500,209.3500,177.4045
2016-04-28,208.4600,209.7600,206.9600,207.4500,175.7945
2016-04-29,206.7200,207.1300,205.0300,206.3300,174.8454
2016-05-02,206.9200,208.1800,206.4100,207.9700,176.2351
2016-05-03,206.5200,206.8000,205.2800,206.1600,174.7013
2016-05-04,204.9900,205.8500,204.4200,205.0100,173.7268
2016-05-05,205.5600,205.9800,204.4700,204.9700,173.6929
2016-05-06,204.0600,205.7700,203.8800,205.7200,174.3284
2016-05-09,205.5700,206.4000,205.3600,205.8900,174.4725
2016-05-10,206.7200,208.4700,206.6400,208.4500,176.6418
2016-05-11,207.9100,208.5400,206.5000,206.5000,174.9894
2016-05-12,207.2900,207.4900,205.3700,206.5600,175.0403
2016-05-13,206.2100,206.8600,204.3800,204.7600,173.5149
2016-05-16,204.9600,207.3400,204.8900,206.7800,175.2267
2016-05-17,206.4600,206.8000,204.2300,204.8500,173.5912
2016-05-18,204.4400,206.3000,203.6300,204.9100,173.6420
2016-05-19,204.0600,204.5400,202.7800,204.2000,173.0404
2016-05-20,204.9200,206.1000,204.8600,205.4900,174.1335
2016-05-23,205.5100,205.8400,204.9900,205.2100,173.8963
2016-05-24,206.1700,208.2400,206.1400,207.8700,176.1503
2016-05-25,208.6700,209.7700,207.8700,209.2800,177.3452
2016-05-26,209.4400,209.7100,208.9700,209.3400,177.3960
2016-05-27,209.5300,210.2500,209.4700,210.2400,178.1587
2016-05-31,210.5600,210.6900,209.1800,209.8400,177.8197
2016-06-01,209.1200,210.4800,208.8900,210.2700,178.1842
2016-06-02,209.8000,210.9300,209.2400,210.9100,178.7265
2016-06-03,210.2500,210.6900,208.8600,210.2800,178.1926
2016-06-06,210.7000,211.7700,210.5100,211.3500,179.0993
2016-06-07,211.5300,212.3400,211.5000,211.6800,179.3790
2016-06-08,211.8400,212.5200,211.6900,212.3700,179.9636
2016-06-09,211.5100,212.2200,211.1900,212.0800,179.7179
2016-06-10,210.4600,210.8600,209.4300,210.0700,178.0147
2016-06-13,209.3600,210.3700,208.3500,208.4500,176.6418
2016-06-14,208.0000,208.7400,206.9200,208.0400,176.2944
2016-06-15,208.0400,209.3600,207.5300,207.7500,176.0487
2016-06-16,207.7500,208.5700,205.5900,208.3700,176.5740
2016-06-17,207.1700,207.2000,205.7500,206.5200,175.9164
2016-06-20,208.8200,209.6100,207.7500,207.8500,177.0494
2016-06-21,208.3000,208.9200,207.7800,208.4400,177.5519
2016-06-22,208.6500,209.5000,207.9300,208.1000,177.2623
2016-06-23,209.8100,210.8700,209.2700,210.8100,179.5708
2016-06-24,203.6300,210.8500,202.7200,203.2400,173.1225
2016-06-27,201.5900,201.6000,198.6500,199.6000,170.0219
2016-06-28,201.4800,203.2300,201.1200,203.2000,173.0885
2016-06-29,204.8400,206.9300,204.7200,206.6600,176.0357
2016-06-30,207.2100,209.5400,206.5600,209.4800,178.4378
2016-07-01,209.4800,210.4900,209.2900,209.9200,178.8127
2016-07-05,208.9500,209.0800,207.7100,208.4100,177.5264
2016-07-06,207.8300,209.8000,207.0600,209.6600,178.5912
2016-07-07,209.8700,210.6500,208.6300,209.5300,178.4804
2016-07-08,211.0500,212.9400,210.7800,212.6500,181.1381
2016-07-11,213.1900,214.0700,212.9500,213.4000,181.7770
2016-07-12,214.5300,215.3000,213.4300,214.9500,183.0972
2016-07-13,215.4400,215.4500,214.3500,214.9200,183.0717
2016-07-14,216.4000,216.6700,215.6600,216.1200,184.0939
2016-07-15,216.7800,217.0100,215.3100,215.8300,183.8469
2016-07-18,215.9700,216.6000,215.6700,216.4100,184.3409
2016-07-19,215.9200,216.2300,215.6300,216.1900,184.1535
2016-07-20,216.1900,217.3700,216.1900,217.0900,184.9202
2016-07-21,216.9600,217.2200,215.7500,216.2700,184.2217
2016-07-22,216.4100,217.3000,216.1000,217.2400,185.0479
2016-07-25,217.0000,217.0600,215.9700,216.6500,184.5453
2016-07-26,216.5300,217.1700,215.7600,216.7500,184.6305
2016-07-27,217.1900,217.2700,215.6200,216.5200,184.4346
2016-07-28,216.2900,217.1100,215.7500,216.7700,184.6475
2016-07-29,216.4600,217.5400,216.1300,217.1200,184.9457
2016-08-01,217.1900,217.6500,216.4100,216.9400,184.7924
2016-08-02,216.6500,216.8300,214.5700,215.5500,183.6084
2016-08-03,215.4800,216.2500,215.1300,216.1800,184.1450
2016-08-04,216.3100,216.7800,214.2500,216.4100,184.3409
2016-08-05,216.4100,218.2300,216.4100,218.1800,185.8486
2016-08-08,218.4000,218.5200,217.7400,218.0500,185.7379
2016-08-09,218.1300,218.7600,217.8000,218.1800,185.8486
2016-08-10,218.3100,218.4000,217.2300,217.6400,185.3886
2016-08-11,218.2600,218.9400,217.9500,218.6500,186.2489
2016-08-12,218.2900,218.7100,217.9900,218.4600,186.0871
2016-08-15,218.8900,219.5000,218.8800,219.0900,186.6237
2016-08-16,218.6000,218.6800,217.9600,217.9600,185.6612
2016-08-17,218.0000,218.5300,217.0200,218.3700,186.0104
2016-08-18,218.3400,218.9000,218.2100,218.8600,186.4278
2016-08-19,218.3100,218.7500,217.7400,218.5400,186.1553
2016-08-22,218.2600,218.8000,217.8300,218.5300,186.1467
2016-08-23,219.2500,219.6000,218.9000,218.9700,186.5216
2016-08-24,218.8000,218.9100,217.3600,217.8500,185.5675
2016-08-25,217.4000,218.1900,217.2200,217.7000,185.4398
2016-08-26,217.9200,219.1200,216.2500,217.2900,185.0905
2016-08-29,217.4400,218.6700,217.4000,218.3600,186.0020
2016-08-30,218.2600,218.5900,217.3500,218.0000,185.6953
2016-08-31,217.6100,217.7500,216.4700,217.3800,185.1672
2016-09-01,217.3700,217.7300,216.0300,217.3900,185.1757
2016-09-02,218.3900,218.8700,217.7000,218.3700,186.0104
2016-09-06,218.7000,219.1200,217.8600,219.0300,186.5727
2016-09-07,218.8400,219.2200,218.3000,219.0100,186.5556
2016-09-08,218.6200,218.9400,218.1500,218.5100,186.1297
2016-09-09,216.9700,217.0300,213.2500,213.2800,181.6747
2016-09-12,212.3900,216.8100,212.3100,216.3400,184.2812
2016-09-13,214.8400,215.1500,212.5000,213.2300,181.6321
2016-09-14,213.2900,214.7000,212.5000,213.1500,181.5640
2016-09-15,212.9600,215.7300,212.7500,215.2800,183.3783
2016-09-16,213.4800,213.6900,212.5700,213.3700,182.6695
2016-09-19,214.1300,214.8800,213.0300,213.4100,182.7038
2016-09-20,214.4100,214.5900,213.3800,213.4200,182.7123
2016-09-21,214.2400,216.0300,213.4400,215.8200,184.7670
2016-09-22,217.0000,217.5300,216.7100,217.1800,185.9313
2016-09-23,216.7200,216.8800,215.8800,215.9900,184.9124
2016-09-26,215.0200,215.2300,214.0100,214.2400,183.4143
2016-09-27,214.0500,215.6800,213.6200,215.5700,184.5529
2016-09-28,215.8300,216.8200,214.7100,216.6400,185.4690
2016-09-29,216.4000,216.8700,214.0400,214.6800,183.7910
2016-09-30,215.6500,217.1200,215.3600,216.3000,185.1779
2016-10-03,215.8200,216.0400,215.0400,215.7800,184.7327
2016-10-04,215.9100,216.1700,213.9900,214.6800,183.7910
2016-10-05,215.4100,216.1300,215.3300,215.6300,184.6043
2016-10-06,215.3700,216.0400,214.7400,215.7800,184.7327
2016-10-07,216.1000,216.3000,214.1900,215.0400,184.0992
2016-10-10,216.1600,216.7000,215.9900,216.1600,185.0580
2016-10-11,215.6600,215.7400,212.5800,213.4300,182.7209
2016-10-12,213.5900,214.3200,213.0100,213.7100,182.9605
2016-10-13,212.1600,213.5900,211.2100,213.0100,182.3613
2016-10-14,214.1500,214.6900,213.0300,213.1200,182.4555
2016-10-17,213.0900,213.3900,212.1700,212.3800,181.8219
2016-10-18,214.2400,214.3100,213.2700,213.7100,182.9605
2016-10-19,214.0200,214.6400,213.6000,214.2800,183.4485
2016-10-20,213.8700,214.5300,213.1100,213.8800,183.1061
2016-10-21,213.8800,214.0800,212.7600,213.9800,183.1917
2016-10-24,215.0000,215.3200,214.4800,214.8900,183.9708
2016-10-25,214.6800,214.9800,213.9800,214.1700,183.3543
2016-10-26,213.2100,214.4200,212.9300,213.7400,182.9862
2016-10-27,214.5800,214.6200,213.0800,213.1700,182.4982
2016-10-28,213.1400,213.9300,211.7100,212.5400,181.9588
2016-10-31,212.9300,213.1900,212.3600,212.5500,181.9675
2016-11-01,212.9300,212.9900,209.6000,211.0100,180.6490
2016-11-02,210.6500,211.1000,209.2300,209.7400,179.5618
2016-11-03,209.9900,210.2400,208.4600,208.7800,178.7399
2016-11-04,208.9100,209.8900,208.3800,208.5500,178.5430
2016-11-07,208.5500,213.1900,208.5500,213.1500,182.4812
2016-11-08,212.6900,214.7700,212.3800,214.1100,183.3030
2016-11-09,212.3700,217.1000,212.3400,216.3800,185.2464
2016-11-10,217.3000,218.3100,215.2200,216.9200,185.7087
2016-11-11,216.0800,216.7000,215.3200,216.4200,185.2806
2016-11-14,217.0300,217.2700,215.7200,216.5900,185.4261
2016-11-15,217.0400,218.2800,216.8000,218.2800,186.8730
2016-11-16,217.5600,218.1400,217.4200,217.8700,186.5220
2016-11-17,218.0500,219.0600,217.9200,218.9900,187.4809
2016-11-18,219.0700,219.2700,218.2900,218.5000,187.0613
2016-11-21,219.1700,220.1800,219.0000,220.1500,188.4739
2016-11-22,220.5100,220.7900,219.7300,220.5800,188.8421
2016-11-23,219.9800,220.7600,219.7500,220.7000,188.9448
2016-11-25,221.1000,221.5600,221.0100,221.5200,189.6468
2016-11-28,221.1600,221.4800,220.3600,220.4800,188.7565
2016-11-29,220.5200,221.4400,220.1700,220.9100,189.1245
2016-11-30,221.6300,221.8200,220.3100,220.3800,188.6709
2016-12-01,220.7300,220.7300,219.1500,219.5700,187.9774
2016-12-02,219.6700,220.2500,219.2600,219.6800,188.0716
2016-12-05,220.6500,221.4000,220.4200,221.0000,189.2016
2016-12-06,221.2200,221.7400,220.6600,221.7000,189.8009
2016-12-07,221.5200,224.6700,221.3800,224.6000,192.2836
2016-12-08,224.5700,225.7000,224.2600,225.1500,192.7545
2016-12-09,225.4100,226.5300,225.3700,226.5100,193.9189
2016-12-12,226.4000,226.9600,225.7600,226.2500,193.6962
2016-12-13,227.0200,228.3400,227.0000,227.7600,194.9890
2016-12-14,227.4100,228.2300,225.3700,225.8800,193.3795
2016-12-15,226.1600,227.8100,225.8900,226.8100,194.1757
2016-12-16,226.0100,226.0800,224.6700,225.0400,193.7959
2016-12-19,225.2500,226.0200,225.0800,225.5300,194.2179
2016-12-20,226.1500,226.5700,225.8800,226.4000,194.9671
2016-12-21,226.2500,226.4500,225.7700,225.7700,194.4246
2016-12-22,225.6000,225.7400,224.9200,225.3800,194.0887
2016-12-23,225.4300,225.7200,225.2100,225.7100,194.3729
2016-12-27,226.0200,226.7300,226.0000,226.2700,194.8551
2016-12-28,226.5700,226.5900,224.2700,224.4000,193.2448
2016-12-29,224.4800,224.8900,223.8400,224.3500,193.2018
2016-12-30,224.7300,224.8300,222.7300,223.5300,192.4955
2017-01-03,225.0400,225.8300,223.8800,225.2400,193.9682
2017-01-04,225.6200,226.7500,225.6100,226.5800,195.1221
2017-01-05,226.2700,226.5800,225.4800,226.4000,194.9671
2017-01-06,226.5300,227.7500,225.9000,227.2100,195.6647
2017-01-09,226.9100,227.0700,226.4200,226.4600,195.0188
2017-01-10,226.4800,227.4500,226.0100,226.4600,195.0188
2017-01-11,226.3600,227.1000,225.5900,227.1000,195.5699
2017-01-12,226.5000,226.7500,224.9600,226.5300,195.0791
2017-01-13,226.7300,227.4000,226.6900,227.0500,195.5269
2017-01-17,226.3100,226.7800,225.8000,226.2500,194.8379
2017-01-18,226.5400,226.8000,225.9000,226.7500,195.2685
2017-01-19,226.8400,227.0000,225.4100,225.9100,194.5451
2017-01-20,226.7000,227.3100,225.9700,226.7400,195.2599
2017-01-23,226.7400,226.8100,225.2700,226.1500,194.7518
2017-01-24,226.4000,228.0800,226.2700,227.6000,196.0005
2017-01-25,228.7000,229.5700,228.5100,229.5700,197.6970
2017-01-26,229.4000,229.7100,229.0100,229.3300,197.4903
2017-01-27,229.4200,229.5900,228.7600,228.9700,197.1803
2017-01-30,228.1700,228.2000,226.4100,227.5500,195.9575
2017-01-31,226.9800,227.6000,226.3200,227.5300,195.9402
2017-02-01,227.5300,228.5900,226.9400,227.6200,196.0177
2017-02-02,227.6200,228.1000,226.8200,227.7700,196.1469
2017-02-03,228.8200,229.5500,228.4600,229.3400,197.4989
2017-02-06,228.8700,229.3300,228.5400,228.9300,197.1458
2017-02-07,229.3800,229.6600,228.7200,228.9400,197.1544
2017-02-08,228.9400,229.3900,228.3100,229.2400,197.4128
2017-02-09,229.2400,230.9500,229.2400,230.6000,198.5840
2017-02-10,231.0000,231.7700,230.6200,231.5100,199.3676
2017-02-13,232.0800,233.0700,232.0500,232.7700,200.4527
2017-02-14,232.5600,233.7100,232.1600,233.7000,201.2536
2017-02-15,233.4500,235.1400,233.3900,234.9200,202.3042
2017-02-16,234.9500,235.1600,233.8500,234.7200,202.1320
2017-02-17,233.9500,235.0900,233.9300,235.0900,202.4506
2017-02-21,235.5200,236.6900,235.5100,236.4900,203.6562
2017-02-22,236.0200,236.5400,235.8300,236.2800,203.4754
2017-02-23,236.8800,236.9000,235.5600,236.4400,203.6132
2017-02-24,235.4600,236.7900,235.4100,236.7400,203.8715
2017-02-27,236.6400,237.3100,236.3500,237.1100,204.1901
2017-02-28,236.6700,236.9500,236.0200,236.4700,203.6390
2017-03-01,238.3900,240.3200,238.3700,239.7800,206.4895
2017-03-02,239.5600,239.5700,238.2100,238.2700,205.1891
2017-03-03,238.1700,238.6100,237.7300,238.4200,205.3183
2017-03-06,237.5000,238.1200,237.0100,237.7100,204.7068
2017-03-07,237.3600,237.7700,236.7600,237.0000,204.0954
2017-03-08,237.3400,237.6400,236.4000,236.5600,203.7165
2017-03-09,236.7000,237.2400,235.7400,236.8600,203.9749
2017-03-10,237.9700,238.0200,236.5900,237.6900,204.6897
2017-03-13,237.6200,237.8600,237.2400,237.8100,204.7930
2017-03-14,237.1800,237.2400,236.1900,236.9000,204.0092
2017-03-15,237.5600,239.4400,237.2900,238.9500,205.7747
2017-03-16,239.1100,239.2000,238.1000,238.4800,205.3699
2017-03-17,237.7500,237.9700,237.0300,237.0300,205.0092
2017-03-20,237.0300,237.3600,236.3200,236.7700,204.7844
2017-03-21,237.4700,237.6100,233.5800,233.7300,202.1550
2017-03-22,233.7700,234.6100,233.0500,234.2800,202.6308
2017-03-23,234.2800,235.3400,233.6000,234.0300,202.4146
2017-03-24,234.3800,235.0400,232.9600,233.8600,202.2675
2017-03-27,231.9300,233.9200,231.6100,233.6200,202.0599
2017-03-28,233.2700,235.8100,233.1400,235.3200,203.5303
2017-03-29,234.9900,235.8100,234.7300,235.5400,203.7206
2017-03-30,235.4700,236.5200,235.2700,236.2900,204.3692
2017-03-31,235.9000,236.5100,235.6800,235.7400,203.8936
2017-04-03,235.8000,236.0300,233.9100,235.3300,203.5389
2017-04-04,235.0000,235.5800,234.5600,235.4800,203.6687
2017-04-05,236.2600,237.3900,234.5400,234.7800,203.0632
2017-04-06,234.9400,236.0400,234.4300,235.4400,203.6341
2017-04-07,235.1500,236.0000,234.6400,235.2000,203.4265
2017-04-10,235.3600,236.2600,234.7300,235.3400,203.5476
2017-04-11,234.9000,235.1800,233.3400,235.0600,203.3054
2017-04-12,234.7400,234.9600,233.7700,234.0300,202.4146
2017-04-13,233.6400,234.4900,232.5100,232.5100,201.0998
2017-04-17,233.1100,234.5700,232.8800,234.5700,202.8816
2017-04-18,233.7200,234.4900,233.0800,233.8700,202.2762
2017-04-19,234.5200,234.9500,233.1800,233.4400,201.9042
2017-04-20,234.1500,235.8500,233.7800,235.3400,203.5476
2017-04-21,235.2500,235.3100,234.1300,234.5900,202.8989
2017-04-24,237.1800,237.4100,234.5600,237.1700,205.1304
2017-04-25,237.9100,238.9500,237.8100,238.5500,206.3239
2017-04-26,238.5100,239.5300,238.3500,238.4000,206.1942
2017-04-27,238.7700,238.9500,237.9800,238.6000,206.3672
2017-04-28,238.9000,238.9300,237.9300,238.0800,205.9175
2017-05-01,238.6800,239.1700,238.2000,238.6800,206.4364
2017-05-02,238.8400,238.9800,238.3000,238.7700,206.5142
2017-05-03,238.7700,238.8800,237.7000,238.4800,206.2634
2017-05-04,238.8300,238.9200,237.7800,238.7600,206.5056
2017-05-05,239.1900,239.7200,238.6800,239.7000,207.3185
2017-05-08,239.7500,239.9200,239.1700,239.6600,207.2840
2017-05-09,239.9600,240.1900,239.0400,239.4400,207.0937
2017-05-10,239.3900,239.8700,239.1500,239.8700,207.4656
2017-05-11,239.3500,239.5700,238.1300,239.3800,207.0418
2017-05-12,239.0900,239.4300,238.6700,238.9800,206.6958
2017-05-15,239.4700,240.4400,239.4500,240.3000,207.8375
2017-05-16,240.6400,240.6700,239.6300,240.0800,207.6472
2017-05-17,240.0800,240.0800,235.7500,235.8200,203.9628
2017-05-18,235.7300,237.7500,235.4300,236.7700,204.7844
2017-05-19,237.3300,239.0800,237.2700,238.3100,206.1163
2017-05-22,238.9000,239.7100,238.8200,239.5200,207.1628
2017-05-23,239.9500,240.2400,239.5100,240.0500,207.6212
2017-05-24,240.3200,240.7300,239.9300,240.6100,208.1057
2017-05-25,241.2000,242.0800,240.9600,241.7600,209.1003
2017-05-26,241.5400,241.9000,241.4500,241.7100,209.0571
2017-05-30,241.3400,241.7900,241.1600,241.5000,208.8754
2017-05-31,241.8400,241.8800,240.6400,241.4400,208.8235
2017-06-01,241.9700,243.3800,241.6400,243.3600,210.4842
2017-06-02,243.4200,244.3500,243.0800,244.1700,211.1847
2017-06-05,243.9700,244.3000,243.7600,243.9900,211.0290
2017-06-06,243.3400,243.9800,243.1200,243.2100,210.3544
2017-06-07,243.6000,243.9200,242.8300,243.6600,210.7436
2017-06-08,243.7700,244.3300,243.1700,243.7800,210.8474
2017-06-09,244.0900,245.0100,241.9500,243.4100,210.5274
2017-06-12,243.1300,243.4200,242.3800,243.3600,210.4842
2017-06-13,243.9800,244.6100,243.5800,244.5500,211.5134
2017-06-14,244.8600,244.8700,243.2900,244.2400,211.2452
2017-06-15,242.6800,243.9100,242.3600,243.7700,210.8387
2017-06-16,242.7700,242.8300,241.6300,242.6400,210.8848
2017-06-19,243.5900,244.7300,243.4800,244.6600,212.6404
2017-06-20,244.2500,244.2600,242.9900,243.0100,211.2064
2017-06-21,243.4600,243.5900,242.4100,242.9500,211.1542
2017-06-22,242.9600,243.5300,242.6400,242.8400,211.0587
2017-06-23,242.9100,243.5100,242.4700,243.1300,211.3107
2017-06-26,243.9000,244.3800,243.0500,243.2900,211.4497
2017-06-27,243.0400,243.3800,241.3100,241.3300,209.7463
2017-06-28,242.5000,243.7200,242.2300,243.4900,211.6236
2017-06-29,243.6600,243.7200,239.9600,241.3500,209.7637
2017-06-30,242.2800,242.7100,241.5800,241.8000,210.1548
2017-07-03,242.8800,243.3800,242.2100,242.2100,210.5111
2017-07-05,242.6300,243.0100,241.7000,242.7700,210.9978
2017-07-06,241.8900,242.0300,240.3400,240.5500,209.0683
2017-07-07,241.2100,242.2800,240.5600,242.1100,210.4242
2017-07-10,242.1100,242.8000,241.7600,242.3700,210.6501
2017-07-11,242.3700,242.5500,240.8500,242.1900,210.4937
2017-07-12,243.3000,244.2000,243.3000,244.0100,212.0755
2017-07-13,244.0200,244.5500,243.7600,244.4200,212.4319
2017-07-14,244.4200,245.9700,244.3100,245.5600,213.4227
2017-07-17,245.4700,245.9100,245.3300,245.5300,213.3966
2017-07-18,245.0600,245.7200,244.6700,245.6600,213.5096
2017-07-19,246.0200,247.0000,246.0100,246.9900,214.6655
2017-07-20,247.2800,247.4200,246.4700,247.1000,214.7612
2017-07-21,246.4400,246.9100,246.1800,246.8800,214.5699
2017-07-24,246.7900,246.9800,246.2800,246.8200,214.5178
2017-07-25,247.6800,247.8000,247.1600,247.4200,215.0392
2017-07-26,247.7500,247.7900,247.1300,247.4300,215.0479
2017-07-27,247.9600,248.0000,245.6800,247.2000,214.8480
2017-07-28,246.6500,247.0600,246.1300,246.9100,214.5960
2017-07-31,247.3700,247.4800,246.5300,246.7700,214.4743
2017-08-01,247.4600,247.5000,246.7200,247.3200,214.9523
2017-08-02,247.4700,247.6000,246.3700,247.4400,215.0566
2017-08-03,247.3100,247.3400,246.6400,246.9600,214.6394
2017-08-04,247.5200,247.7900,246.9700,247.4100,215.0306
2017-08-07,247.4900,247.8700,247.3700,247.8700,215.4303
2017-08-08,247.5100,248.9100,246.8300,247.2600,214.9001
2017-08-09,246.4700,247.3100,246.0600,247.2500,214.8915
2017-08-10,246.2900,246.4400,243.7000,243.7600,211.8582
2017-08-11,244.0200,244.8000,243.7500,244.1200,212.1711
2017-08-14,245.5900,246.7900,245.5500,246.5400,214.2744
2017-08-15,246.9800,247.0000,246.1600,246.5100,214.2483
2017-08-16,247.1100,247.5700,246.4500,246.9400,214.6221
2017-08-17,246.2400,246.6000,243.0900,243.0900,211.2759
2017-08-18,242.9000,244.1900,242.2000,242.7100,210.9457
2017-08-21,242.6400,243.2000,241.8300,242.9000,211.1108
2017-08-22,243.5700,245.6200,243.5500,245.4400,213.3183
2017-08-23,244.3300,245.0500,244.1600,244.5600,212.5535
2017-08-24,245.0000,245.1800,243.7500,243.9900,212.0581
2017-08-25,244.9000,245.6100,244.3900,244.5600,212.5535
2017-08-28,245.1700,245.2000,244.0900,244.5700,212.5622
2017-08-29,243.0600,245.1500,242.9300,244.8500,212.8056
2017-08-30,244.8300,246.3200,244.6200,246.0100,213.8138
2017-08-31,246.7200,247.7700,246.0500,247.4900,215.1001
2017-09-01,247.9200,248.3300,247.6700,247.8400,215.4043
2017-09-05,247.2600,247.5200,244.9500,246.0600,213.8572
2017-09-06,246.8400,247.2800,246.2300,246.9000,214.5872
2017-09-07,247.2500,247.2700,246.4000,246.8700,214.5612
2017-09-08,246.5400,247.1100,246.3000,246.5800,214.3092
2017-09-11,248.0400,249.3000,248.0200,249.2100,216.5950
2017-09-12,249.6300,250.0900,249.4200,250.0500,217.3251
2017-09-13,249.7200,250.2100,249.5900,250.1700,217.4293
2017-09-14,249.8000,250.3200,249.6000,250.0900,217.3598
2017-09-15,248.6900,249.2900,248.5700,249.1900,217.6524
2017-09-18,249.6100,250.1200,249.2800,249.7200,218.1153
2017-09-19,250.0000,250.0700,249.6000,249.9700,218.3337
2017-09-20,250.0700,250.1900,248.9200,250.0600,218.4123
2017-09-21,249.8800,249.9800,249.1900,249.3900,217.8271
2017-09-22,249.0500,249.6300,249.0200,249.4400,217.8708
2017-09-25,249.1500,249.5500,248.0800,248.9300,217.4253
2017-09-26,249.4200,249.7000,248.8100,249.0800,217.5563
2017-09-27,249.8800,250.4900,248.8700,250.0500,218.4036
2017-09-28,249.7300,250.4400,249.6300,250.3500,218.6656
2017-09-29,250.3400,251.3200,250.1300,251.2300,219.4342
2017-10-02,251.4900,252.3200,251.2900,252.3200,220.3863
2017-10-03,252.3200,252.8900,252.2300,252.8600,220.8580
2017-10-04,252.6900,253.4400,252.5600,253.1600,221.1199
2017-10-05,253.5400,254.6800,253.2000,254.6600,222.4301
2017-10-06,254.1500,254.7000,253.8500,254.3700,222.1768
2017-10-09,254.6300,254.7000,253.6500,253.9500,221.8100
2017-10-10,254.6000,255.0500,253.9800,254.6200,222.3952
2017-10-11,254.5100,255.0200,254.3200,255.0200,222.7446
2017-10-12,254.6600,255.0600,254.3700,254.6400,222.4127
2017-10-13,255.1400,255.2700,254.6400,254.9500,222.6834
2017-10-16,255.2100,255.5100,254.8200,255.2900,222.9804
2017-10-17,255.2300,255.5200,254.9800,255.4700,223.1376
2017-10-18,255.9000,255.9500,255.5000,255.7200,223.3560
2017-10-19,254.8300,255.8300,254.3500,255.7900,223.4171
2017-10-20,256.7000,257.1400,255.7700,257.1100,224.5700
2017-10-23,257.4800,257.5100,256.0200,256.1100,223.6966
2017-10-24,256.6000,256.8300,256.1500,256.5600,224.0897
2017-10-25,256.1800,256.3100,254.0000,255.2900,222.9804
2017-10-26,255.9900,256.3000,255.4800,255.6200,223.2686
2017-10-27,256.4700,257.8900,255.6300,257.7100,225.0941
2017-10-30,256.4700,257.6000,256.4100,256.7500,224.2556
2017-10-31,257.1800,257.4400,256.8100,257.1500,224.6050
2017-11-01,258.0400,258.4300,257.0700,257.4900,224.9019
2017-11-02,257.4100,257.7500,256.1900,257.5900,224.9893
2017-11-03,257.7700,258.5000,257.3000,258.4500,225.7404
2017-11-06,258.3000,259.0000,258.2200,258.8500,226.0898
2017-11-07,258.9700,259.3500,258.0900,258.6700,225.9326
2017-11-08,258.4700,259.2200,258.1500,259.1100,226.3169
2017-11-09,257.7300,258.3900,256.3600,258.1700,225.4959
2017-11-10,257.7300,258.2900,257.3700,258.0900,225.4261
2017-11-13,257.3100,258.5900,257.2700,258.3300,225.6357
2017-11-14,257.4100,257.8500,256.5200,257.7300,225.1116
2017-11-15,256.6200,257.2200,255.6300,256.4400,223.9849
2017-11-16,257.5200,259.0400,257.4700,258.6200,225.8889
2017-11-17,258.2200,258.5900,257.7700,257.8600,225.2251
2017-11-20,258.1400,258.5200,257.8600,258.3000,225.6094
2017-11-21,259.1800,260.2000,258.2600,259.9900,227.0856
2017-11-22,260.0000,260.1500,259.5700,259.7600,226.8847
2017-11-24,260.3200,260.4800,260.1600,260.3600,227.4087
2017-11-27,260.4100,260.7500,260.0000,260.2300,227.2952
2017-11-28,260.7600,262.9000,260.6500,262.8700,229.6011
2017-11-29,263.0200,263.6300,262.2000,262.7100,229.4613
2017-11-30,263.7600,266.0500,263.6700,265.0100,231.4702
2017-12-01,264.7600,265.3100,260.7600,264.4600,230.9898
2017-12-04,266.3100,266.8000,264.0800,264.1400,230.7103
2017-12-05,263.1900,265.1500,263.0400,263.1900,229.8806
2017-12-06,263.3000,263.7300,262.7100,263.2400,229.9242
2017-12-07,264.0700,264.4300,262.9400,264.0700,230.6492
2017-12-08,265.1600,265.5200,264.0300,265.5100,231.9069
2017-12-11,266.3100,266.3800,265.4800,266.3100,232.6057
2017-12-12,267.2100,267.3200,266.3500,266.7800,233.0163
2017-12-13,267.0600,267.5600,266.6500,266.7500,232.9900
2017-12-14,267.0900,267.2200,265.6000,265.6600,232.0380
2017-12-15,265.4500,267.0400,265.3900,266.5100,233.9702
2017-12-18,268.1000,268.6000,267.9800,268.2000,235.4539
2017-12-19,268.4800,268.5300,267.0900,267.1700,234.5497
2017-12-20,268.2700,268.3300,266.6900,267.0300,234.4267
2017-12-21,267.7400,268.3900,267.3000,267.5800,234.9096
2017-12-22,267.6000,267.6400,266.9000,267.5100,234.8482
2017-12-26,267.0500,267.4400,266.8900,267.1900,234.5672
2017-12-27,267.3800,267.7300,267.0100,267.3200,234.6813
2017-12-28,267.8900,267.9200,267.4500,267.8700,235.1642
2017-12-29,268.5300,268.5500,266.6400,266.8600,234.2775
2018-01-02,267.8400,268.8100,267.4000,268.7700,235.9543
2018-01-03,268.9600,270.6400,268.9600,270.4700,237.4467
2018-01-04,271.2000,272.1600,270.5400,271.6100,238.4475
2018-01-05,272.5100,273.5600,271.9500,273.4200,240.0366
2018-01-08,273.3100,274.1000,272.9800,273.9200,240.4756
2018-01-09,274.4000,275.2500,274.0800,274.5400,241.0198
2018-01-10,273.6800,274.4200,272.9200,274.1200,240.6511
2018-01-11,274.7500,276.1200,274.5600,276.1200,242.4069
2018-01-12,276.4200,278.1100,276.0800,277.9200,243.9871
2018-01-16,279.3500,280.0900,276.1800,276.9700,243.1531
2018-01-17,278.0300,280.0500,276.9700,279.6100,245.4708
2018-01-18,279.4800,279.9600,278.5800,279.1400,245.0582
2018-01-19,279.8000,280.4100,279.1400,280.4100,246.1731
2018-01-22,280.1700,282.6900,280.1100,282.6900,248.1747
2018-01-23,282.7400,283.6200,282.3700,283.2900,248.7015
2018-01-24,284.0200,284.7000,281.8400,283.1800,248.6048
2018-01-25,284.1600,284.2700,282.4000,283.3000,248.7102
2018-01-26,284.2500,286.6300,283.9600,286.5800,251.5898
2018-01-29,285.9300,286.4300,284.5000,284.6800,249.9217
2018-01-30,282.6000,284.7400,281.2200,281.7600,247.3582
2018-01-31,282.7300,283.3000,280.6800,281.9000,247.4811
2018-02-01,281.0700,283.0600,280.6800,281.5800,247.2002
2018-02-02,280.0800,280.2300,275.4100,275.4500,241.8187
2018-02-05,273.4500,275.8500,263.3100,263.9300,231.7052
2018-02-06,259.9400,269.7000,258.7000,269.1300,236.2704
2018-02-07,268.5000,272.3600,267.5800,267.6700,234.9886
2018-02-08,268.0100,268.1700,257.5900,257.6300,226.1745
2018-02-09,260.8000,263.6100,252.9200,261.5000,229.5720
2018-02-12,263.8300,267.0100,261.6600,265.3400,232.9431
2018-02-13,263.9700,266.6200,263.3100,266.0000,233.5225
2018-02-14,264.3100,270.0000,264.3000,269.5900,236.6741
2018-02-15,271.5700,273.0400,268.7700,273.0300,239.6942
2018-02-16,272.3200,275.3200,272.2700,273.1100,239.7644
2018-02-20,272.0300,273.6700,270.5000,271.4000,238.2631
2018-02-21,271.9000,274.7200,269.9400,270.0500,237.0780
2018-02-22,271.1000,273.0500,269.6400,270.4000,237.3853
2018-02-23,271.7900,274.7100,271.2500,274.7100,241.1691
2018-02-26,275.9300,278.0100,275.2600,277.9000,243.9695
2018-02-27,278.1100,278.9200,274.3600,274.4300,240.9233
2018-02-28,275.6800,276.1900,271.2900,271.6500,238.4826
2018-03-01,271.4100,273.1700,266.0000,267.7000,235.0150
2018-03-02,265.8000,269.7200,264.8200,269.0800,236.2264
2018-03-05,267.7300,272.8900,267.6100,272.1900,238.9568
2018-03-06,273.3000,273.3900,271.1800,272.8800,239.5624
2018-03-07,270.4200,273.1800,270.2000,272.7800,239.4747
2018-03-08,273.5500,274.2400,272.4200,274.1000,240.6335
2018-03-09,275.7000,278.8700,275.3400,278.8700,244.8211
2018-03-12,279.2000,279.9100,278.0800,278.5200,244.5139
2018-03-13,279.8400,280.4100,276.0300,276.7200,242.9337
2018-03-14,277.8100,278.0200,274.6700,275.3000,241.6869
2018-03-15,275.8800,276.6100,274.4300,275.0000,241.4236
2018-03-16,274.5000,275.3900,274.1400,274.2000,241.6854
2018-03-19,273.3500,274.4000,268.6200,270.4900,238.4153
2018-03-20,270.9400,271.6700,270.1800,270.9500,238.8209
2018-03-21,270.9000,273.2700,270.1900,270.4300,238.3624
2018-03-22,267.9100,268.8700,263.3600,263.6700,232.4041
2018-03-23,264.1700,264.5400,257.8300,258.0500,227.4505
2018-03-26,262.1300,265.4300,259.4100,265.1100,233.6733
2018-03-27,266.1700,266.7700,258.8400,260.6000,229.6981
2018-03-28,260.7500,262.6400,258.5800,259.8300,229.0194
2018-03-29,261.1200,265.2600,259.8400,263.1500,231.9457
2018-04-02,262.5500,263.1300,254.6700,257.4700,226.9393
2018-04-03,258.8700,261.3100,256.8400,260.7700,229.8479
2018-04-04,256.7500,264.3600,256.6000,263.5600,232.3071
2018-04-05,265.5500,266.6400,264.3200,265.6400,234.1405
2018-04-06,263.4200,265.1100,258.0000,259.7200,228.9225
2018-04-09,261.3700,264.8400,259.9400,261.0000,230.0507
2018-04-10,264.2700,266.0400,262.9800,265.1500,233.7085
2018-04-11,263.4700,265.6400,263.3900,263.7600,232.4834
2018-04-12,265.2600,267.0000,265.0600,265.9300,234.3961
2018-04-13,267.4100,267.5400,264.0100,265.1500,233.7085
2018-04-16,267.0000,268.2000,266.0700,267.3300,235.6301
2018-04-17,269.3300,270.8700,268.7500,270.1900,238.1509
2018-04-18,270.6900,271.3000,269.8700,270.3900,238.3272
2018-04-19,269.6500,269.8800,267.7200,268.8900,237.0051
2018-04-20,268.8100,269.0600,265.6100,266.6100,234.9954
2018-04-23,267.2600,267.8900,265.3500,266.5700,234.9602
2018-04-24,267.7300,267.9800,261.2800,262.9800,231.7959
2018-04-25,262.9100,264.1300,260.8500,263.6300,232.3688
2018-04-26,264.7900,267.2500,264.2900,266.3100,234.7310
2018-04-27,267.0000,267.3400,265.5000,266.5600,234.9514
2018-04-30,267.2600,267.8900,264.4300,264.5100,233.1445
2018-05-01,263.8700,265.1000,262.1100,264.9800,233.5588
2018-05-02,264.7600,265.6800,262.7600,263.2000,231.9899
2018-05-03,262.2600,263.3600,259.0500,262.6200,231.4785
2018-05-04,261.5200,266.7900,261.1500,266.0200,234.4754
2018-05-07,266.8900,268.0200,266.1100,266.9200,235.2686
2018-05-08,266.5000,267.3300,265.1500,266.9200,235.2686
2018-05-09,267.6800,269.8700,267.0900,269.5000,237.5428
2018-05-10,270.3400,272.3900,270.2200,272.0200,239.7639
2018-05-11,272.1600,273.1500,271.5800,272.8500,240.4955
2018-05-14,273.3400,274.0800,272.3600,272.9800,240.6101
2018-05-15,271.5900,271.6100,270.0300,271.1000,238.9530
2018-05-16,271.1400,272.7600,271.1100,272.2400,239.9578
2018-05-17,271.9400,273.2300,271.1300,272.0100,239.7552
2018-05-18,271.6200,272.0300,270.9300,271.3300,239.1557
2018-05-21,273.0100,273.9800,272.5700,273.3700,240.9539
2018-05-22,273.9600,274.2500,272.2400,272.6100,240.2840
2018-05-23,271.1700,273.3900,270.9900,273.3600,240.9450
2018-05-24,272.9100,273.2200,270.7800,272.8000,240.4514
2018-05-25,272.1500,272.8600,271.5800,272.1500,239.8785
2018-05-29,270.3100,271.1700,267.7600,269.0200,237.1196
2018-05-30,270.5000,273.1100,270.4200,272.6100,240.2840
2018-05-31,272.1500,272.4900,270.2600,270.9400,238.8120
2018-06-01,272.4100,273.9400,272.3300,273.6000,241.1566
2018-06-04,274.5300,275.1900,274.2600,274.9000,242.3024
2018-06-05,275.0500,275.5300,274.1800,275.1000,242.4787
2018-06-06,275.7900,277.5200,275.0900,277.4000,244.5059
2018-06-07,277.9500,278.2800,276.3400,277.3700,244.4795
2018-06-08,276.8500,278.2500,276.6600,278.1900,245.2023
2018-06-11,278.4400,279.3700,278.3100,278.5600,245.5284
2018-06-12,279.0300,279.3300,278.1900,278.9200,245.8457
2018-06-13,279.1900,279.4800,277.8000,278.0300,245.0612
2018-06-14,279.0100,279.3300,278.0600,278.7300,245.6783
2018-06-15,276.6000,277.5100,275.3500,277.1300,245.3648
2018-06-18,275.4900,276.7000,274.9500,276.5600,244.8602
2018-06-19,274.0000,275.7500,273.5300,275.5000,243.9217
2018-06-20,276.2700,276.7200,275.5900,275.9700,244.3378
2018-06-21,275.9600,275.9800,273.6800,274.2400,242.8061
2018-06-22,275.6600,275.7900,274.4900,274.7400,243.2487
2018-06-25,273.4400,273.6200,269.1000,271.0000,239.9375
2018-06-26,271.6400,272.5600,270.7900,271.6000,240.4687
2018-06-27,272.2600,273.8700,269.1800,269.3500,238.4765
2018-06-28,269.2900,271.7500,268.4900,270.8900,239.8401
2018-06-29,272.1200,273.6600,271.1500,271.2800,240.1855
2018-07-02,269.5100,272.0400,269.2400,271.8600,240.6989
2018-07-03,272.8700,272.9800,270.4200,270.9000,239.8489
2018-07-05,272.1700,273.1800,270.9600,273.1100,241.8056
2018-07-06,273.1400,275.8400,272.7100,275.4200,243.8508
2018-07-09,276.5500,277.9600,276.5000,277.9000,246.0466
2018-07-10,278.4100,279.0100,278.0800,278.9000,246.9319
2018-07-11,277.1500,278.0400,276.5200,276.8600,245.1258
2018-07-12,278.2800,279.4300,277.6000,279.3700,247.3481
2018-07-13,279.1700,279.9300,278.6600,279.5900,247.5429
2018-07-16,279.6400,279.8000,278.8400,279.3400,247.3216
2018-07-17,278.4700,280.9100,278.4100,280.4700,248.3220
2018-07-18,280.5600,281.1800,280.0600,281.0600,248.8444
2018-07-19,280.3100,280.7400,279.4600,280.0000,247.9058
2018-07-20,279.7700,280.4800,279.5000,279.6800,247.6225
2018-07-23,279.4500,280.4300,279.0600,280.2000,248.0829
2018-07-24,281.7900,282.5600,280.6300,281.6100,249.3314
2018-07-25,281.3300,284.3700,281.2800,284.0100,251.4562
2018-07-26,283.2000,284.1100,283.0900,283.3400,250.8629
2018-07-27,283.7100,283.8200,280.3800,281.4200,249.1632
2018-07-30,281.5100,281.6900,279.3600,279.9500,247.8615
2018-07-31,280.8100,282.0200,280.3800,281.3300,249.0834
2018-08-01,281.5600,282.1300,280.1300,280.8600,248.6672
2018-08-02,279.3900,282.5800,279.1600,282.3900,250.0219
2018-08-03,282.5300,283.6600,282.3300,283.6000,251.0932
2018-08-06,283.6400,284.9900,283.2000,284.6400,252.0141
2018-08-07,285.3900,286.0100,285.2400,285.5800,252.8462
2018-08-08,285.3900,285.9100,284.9400,285.4600,252.7400
2018-08-09,285.5300,285.9700,284.9200,285.0700,252.3948
2018-08-10,283.4500,284.0600,282.3600,283.1600,250.7036
2018-08-13,283.4700,284.1600,281.7700,282.1000,249.7652
2018-08-14,282.9200,284.1700,282.4800,283.9000,251.3588
2018-08-15,282.3800,282.5400,280.1600,281.7800,249.4818
2018-08-16,283.4000,285.0400,283.3600,284.0600,251.5006
2018-08-17,283.8300,285.5600,283.3700,285.0600,252.3859
2018-08-20,285.5700,285.9700,285.0600,285.6700,252.9259
2018-08-21,286.2500,287.3100,285.7100,286.3400,253.5192
2018-08-22,285.8800,286.7600,285.5800,286.1700,253.3686
2018-08-23,285.9700,286.9400,285.4300,285.7900,253.0322
2018-08-24,286.4400,287.6700,286.3800,287.5100,254.5551
2018-08-27,288.8600,289.9000,288.6800,289.7800,256.5649
2018-08-28,290.3000,290.4200,289.4000,289.9200,256.6889
2018-08-29,290.1600,291.7400,289.8900,291.4800,258.0702
2018-08-30,290.9400,291.3600,289.6300,290.3000,257.0252
2018-08-31,289.8400,290.8100,289.2900,290.3100,257.0341
2018-09-04,289.8400,290.2100,288.6800,289.8100,256.5914
2018-09-05,289.4100,289.6400,287.8900,289.0300,255.9008
2018-09-06,289.1500,289.4900,287.0000,288.1600,255.1305
2018-09-07,286.9800,288.7000,286.7100,287.6000,254.6347
2018-09-10,288.7400,289.0400,287.8800,288.1000,255.0773
2018-09-11,287.3700,289.5500,286.9800,289.0500,255.9185
2018-09-12,289.0600,289.8000,288.2300,289.1200,255.9805
2018-09-13,290.3200,291.0400,290.0000,290.8300,257.4945
2018-09-14,291.0600,291.2700,290.0000,290.8800,257.5388
2018-09-17,290.8200,290.8600,289.0300,289.3400,256.1753
2018-09-18,289.5800,291.5800,289.5500,290.9100,257.5654
2018-09-19,290.9700,291.6900,290.8300,291.2200,257.8398
2018-09-20,292.6400,293.9400,291.2400,293.5800,259.9293
2018-09-21,293.0900,293.2200,291.8100,291.9900,259.6918
2018-09-24,291.3400,291.5000,290.3700,291.0200,258.8291
2018-09-25,291.5300,291.6500,290.4800,290.7500,258.5889
2018-09-26,290.9100,292.2400,289.4100,289.8800,257.8152
2018-09-27,290.4100,291.9100,290.1000,290.6900,258.5356
2018-09-28,289.9900,291.2800,289.9500,290.7200,258.5622
2018-10-01,292.1100,292.9300,290.9800,291.7300,259.4606
2018-10-02,291.5600,292.3600,291.1400,291.5600,259.3094
2018-10-03,292.7400,293.2100,291.3200,291.7200,259.4517
2018-10-04,291.1800,291.2400,287.6600,289.4400,257.4239
2018-10-05,289.6900,290.2700,286.2200,287.8200,255.9832
2018-10-08,287.0500,288.2200,285.5000,287.8200,255.9832
2018-10-09,287.3900,288.8600,286.7700,287.4000,255.6095
2018-10-10,286.8300,286.9100,277.8800,278.3000,247.5161
2018-10-11,277.0800,278.9000,270.3600,272.1700,242.0642
2018-10-12,276.7700,277.0900,272.3700,275.9500,245.4261
2018-10-15,275.5500,277.0400,274.3000,274.4000,244.0475
2018-10-16,276.6000,280.8200,276.0700,280.4000,249.3838
2018-10-17,280.4400,281.1500,277.5600,280.4500,249.4283
2018-10-18,279.4000,280.0700,274.9700,276.4000,245.8263
2018-10-19,277.1300,279.3000,275.4700,276.2500,245.6929
2018-10-22,277.0000,277.3600,274.4100,275.0100,244.5901
2018-10-23,270.9500,274.8700,268.6100,273.6100,243.3448
2018-10-24,273.3300,273.7600,264.7000,265.3200,235.9719
2018-10-25,267.3800,271.8100,266.2300,270.0800,240.2054
2018-10-26,265.9200,271.0000,262.2900,265.3300,235.9808
2018-10-29,268.8000,270.2500,259.8500,263.8600,234.6734
2018-10-30,263.6700,268.1200,263.1200,267.7700,238.1509
2018-10-31,270.6500,273.2300,270.1200,270.6300,240.6946
2018-11-01,271.6000,273.7300,270.3800,273.5100,243.2560
2018-11-02,274.7500,275.2300,269.5900,271.8900,241.8151
2018-11-05,272.4400,274.0100,271.3500,273.3900,243.1492
2018-11-06,273.3200,275.3000,273.2500,275.1200,244.6879
2018-11-07,277.5600,281.1000,277.0800,281.0100,249.9263
2018-11-08,280.1100,281.2200,279.2200,280.5000,249.4728
2018-11-09,279.0300,279.2400,276.1800,277.7600,247.0358
2018-11-12,277.1900,277.4600,271.9900,272.5700,242.4200
2018-11-13,273.0900,275.3300,271.2500,272.0600,241.9664
2018-11-14,274.1600,274.6100,268.4500,270.2000,240.3121
2018-11-15,268.7800,273.5400,267.0100,273.0200,242.8202
2018-11-16,271.7900,274.7500,271.2100,273.7300,243.4515
2018-11-19,273.0500,273.3800,268.0700,269.1000,239.3338
2018-11-20,265.3600,267.0000,263.1500,264.1200,234.9047
2018-11-21,265.8600,267.1500,265.0100,265.0200,235.7051
2018-11-23,263.1800,264.8200,263.0700,263.2500,234.1309
2018-11-26,265.7800,267.7500,265.3400,267.5000,237.9108
2018-11-27,266.3400,268.4000,265.6600,268.4000,238.7112
2018-11-28,269.6000,274.5800,268.3300,274.5800,244.2076
2018-11-29,273.7100,275.5500,272.4300,273.9800,243.6739
2018-11-30,273.8100,276.2800,273.4500,275.6500,245.1593
2018-12-03,280.2800,280.4000,277.5100,279.3000,248.4055
2018-12-04,278.3700,278.8500,269.9000,270.2500,240.3565
2018-12-06,265.9200,269.9700,262.4400,269.8400,239.9918
2018-12-07,269.4600,271.2200,262.6300,263.5700,234.4155
2018-12-10,263.3700,265.1600,258.6200,264.0700,234.8602
2018-12-11,267.6600,267.8700,262.4800,264.1300,234.9136
2018-12-12,267.4700,269.0000,265.3700,265.4600,236.0964
2018-12-13,266.5200,267.4900,264.1200,265.3700,236.0163
2018-12-14,262.9600,264.0300,259.8500,260.4700,231.6584
2018-12-17,259.4000,260.6500,253.5300,255.3600,227.1136
2018-12-18,257.2000,257.9500,253.2800,255.0800,226.8646
2018-12-19,255.1700,259.4000,249.3500,251.2600,223.4671
2018-12-20,249.8600,251.6200,244.6500,247.1700,219.8295
2018-12-21,246.7400,249.7100,239.9800,240.7000,215.3253
2018-12-24,239.0400,240.8400,234.2700,234.3400,209.6358
2018-12-26,235.9700,246.1800,233.7600,246.1800,220.2276
2018-12-27,242.5700,248.2900,238.9600,248.0700,221.9184
2018-12-28,249.5800,251.4000,246.4500,247.7500,221.6322
2018-12-31,249.5600,250.1900,247.4700,249.9200,223.5734
2019-01-02,245.9800,251.2100,245.9500,250.1800,223.8059
2019-01-03,248.2300,248.5700,243.6700,244.2100,218.4653
2019-01-04,247.5900,253.1100,247.1700,252.3900,225.7830
2019-01-07,252.6900,255.9500,251.6900,254.3800,227.5632
2019-01-08,256.8200,257.3100,254.0000,256.7700,229.7012
2019-01-09,257.5600,258.9100,256.1900,257.9700,230.7747
2019-01-10,256.2600,259.1600,255.5000,258.8800,231.5888
2019-01-11,257.6800,259.0100,257.0300,258.9800,231.6783
2019-01-14,256.8600,258.3000,256.4100,257.4000,230.2648
2019-01-15,257.8200,260.7000,257.8100,260.3500,232.9038
2019-01-16,260.8300,261.9700,260.6000,260.9800,233.4674
2019-01-17,260.0100,263.9200,259.9600,262.9600,235.2387
2019-01-18,264.9800,266.9800,263.0000,266.4600,238.3697
2019-01-22,264.8200,265.0600,261.0600,262.8600,235.1492
2019-01-23,264.0100,264.7900,260.6600,263.4100,235.6413
2019-01-24,263.2100,264.2000,262.0800,263.5500,235.7664
2019-01-25,265.6100,266.7000,263.6600,265.7800,237.7614
2019-01-28,263.3900,263.8300,261.7900,263.7600,235.9543
2019-01-29,263.9200,264.5500,262.4800,263.4100,235.6413
2019-01-30,265.1000,268.5200,264.2500,267.5800,239.3716
2019-01-31,267.5100,270.4700,267.2700,269.9300,241.4739
2019-02-01,270.1500,271.2000,269.1800,270.0600,241.5902
2019-02-04,270.1100,272.0300,269.3600,271.9600,243.2899
2019-02-05,272.4400,273.4400,271.8800,273.1000,244.3098
2019-02-06,272.7900,273.3400,271.9200,272.7400,243.9876
2019-02-07,270.9400,271.5500,268.2900,270.1400,241.6618
2019-02-08,268.7500,270.5800,267.8300,270.4700,241.9570
2019-02-11,271.2000,271.4900,270.0300,270.6200,242.0912
2019-02-12,272.4200,274.5200,272.3400,274.1000,245.2043
2019-02-13,275.0300,275.9300,274.5600,274.9900,246.0005
2019-02-14,273.7800,275.6400,272.8700,274.3800,245.4548
2019-02-15,276.3600,277.4100,276.1300,277.3700,248.1296
2019-02-19,276.4800,278.5800,276.4700,277.8500,248.5590
2019-02-20,277.8100,278.9200,277.2500,278.4100,249.0599
2019-02-21,277.7000,278.1000,276.3500,277.4200,248.1743
2019-02-22,278.1100,279.3600,277.4000,279.1400,249.7130
2019-02-25,280.7300,281.3100,279.4300,279.5200,250.0529
2019-02-26,279.1300,280.3000,278.9000,279.3200,249.8740
2019-02-27,278.5200,279.5900,277.4800,279.2000,249.7667
2019-02-28,278.9600,279.4500,278.3200,278.6800,249.3014
2019-03-01,280.4400,280.8800,278.8200,280.4200,250.8580
2019-03-04,281.6000,281.8700,276.8400,279.4000,249.9456
2019-03-05,279.5400,279.7600,278.4100,279.0200,249.6057
2019-03-06,279.1500,279.1600,276.9700,277.3300,248.0938
2019-03-07,276.8300,276.9900,274.0700,275.0100,246.0184
2019-03-08,272.9400,274.6500,272.4200,274.4600,245.5263
2019-03-11,275.2600,278.6200,275.2300,278.4400,249.0868
2019-03-12,279.0600,280.0700,278.8500,279.4900,250.0260
2019-03-13,280.4800,282.3800,280.3000,281.3400,251.6811
2019-03-14,281.3700,281.8400,280.6700,281.1600,251.5201
2019-03-15,280.5400,282.2100,280.3300,281.3100,252.7627
2019-03-18,281.5500,282.6600,281.3000,282.3300,253.6791
2019-03-19,283.5100,284.3600,281.4100,282.4000,253.7420
2019-03-20,282.1600,283.5000,280.3200,281.5500,252.9783
2019-03-21,280.6400,285.1800,280.5900,284.7300,255.8356
2019-03-22,283.2200,283.8000,279.1800,279.2500,250.9118
2019-03-25,278.8700,280.1900,277.6400,279.0400,250.7231
2019-03-26,280.9900,282.1800,279.5600,281.1200,252.5919
2019-03-27,281.1100,281.7600,277.9300,279.6500,251.2711
2019-03-28,280.3500,281.2100,279.0700,280.7100,252.2236
2019-03-29,282.3900,282.8400,281.1400,282.4800,253.8141
2019-04-01,284.7000,286.1600,284.4000,285.8300,256.8240
2019-04-02,286.0400,286.2300,285.0900,285.9700,256.9498
2019-04-03,287.3200,287.7600,285.7500,286.4200,257.3541
2019-04-04,286.7800,287.4600,286.0100,287.1800,258.0370
2019-04-05,287.9200,288.6300,287.6000,288.5700,259.2860
2019-04-08,288.1000,288.9100,287.3700,288.7900,259.4836
2019-04-09,287.7200,288.0800,286.7000,287.3100,258.1538
2019-04-10,287.7700,288.3900,287.3100,288.2900,259.0344
2019-04-11,288.8300,288.8400,287.5800,288.2100,258.9625
2019-04-12,290.0000,290.4700,288.2600,290.1600,260.7146
2019-04-15,290.2400,290.3500,289.0800,289.9700,260.5439
2019-04-16,290.9500,291.0100,289.5000,290.1600,260.7146
2019-04-17,291.4000,291.4300,288.9900,289.4500,260.0767
2019-04-18,290.1000,290.3200,288.6600,290.0200,260.5888
2019-04-22,289.1700,290.4400,289.0700,290.2700,260.8135
2019-04-23,290.6800,293.1400,290.4200,292.8800,263.1586
2019-04-24,292.7900,293.1600,292.0700,292.2300,262.5746
2019-04-25,292.1200,292.7800,290.7300,292.0500,262.4128
2019-04-26,292.1000,293.4900,291.2400,293.4100,263.6348
2019-04-29,293.5100,294.4500,293.4100,293.8700,264.0481
2019-04-30,293.4900,294.3400,291.9200,294.0200,264.1829
2019-05-01,294.7200,294.9500,291.8000,291.8100,262.1972
2019-05-02,291.6800,292.7000,289.5200,291.1800,261.6311
2019-05-03,292.8200,294.3400,291.3000,294.0300,264.1919
2019-05-06,289.2500,293.3100,288.9000,292.8200,263.1047
2019-05-07,290.1500,290.8100,285.8100,287.9300,258.7109
2019-05-08,287.5300,289.4300,286.8700,287.5300,258.3515
2019-05-09,285.2300,287.3300,283.3000,286.6600,257.5698
2019-05-10,285.6200,288.9400,282.3000,288.1000,258.8637
2019-05-13,282.4200,283.4900,279.9300,280.8600,252.3583
2019-05-14,281.9900,285.1000,281.8500,283.4000,254.6407
2019-05-15,281.5900,285.7700,281.3600,285.0600,256.1321
2019-05-16,285.8400,289.2100,285.7600,287.7000,258.5042
2019-05-17,285.1400,288.6000,285.1200,285.8400,256.8329
2019-05-20,284.0600,285.9600,283.1200,283.9500,255.1348
2019-05-21,285.8300,286.9300,285.5500,286.5100,257.4350
2019-05-22,285.4500,286.6900,285.1000,285.6300,256.6443
2019-05-23,283.1600,283.2100,280.5700,282.1400,253.5085
2019-05-24,283.7400,284.2000,282.0900,282.7800,254.0835
2019-05-28,283.0900,284.1500,280.1300,280.1500,251.7204
2019-05-29,278.9100,279.3600,276.7100,278.2700,250.0312
2019-05-30,279.1100,280.0400,277.8100,279.0300,250.7141
2019-05-31,276.2000,277.1200,275.2400,275.2700,247.3356
2019-06-03,275.3100,276.5500,273.0900,274.5700,246.7067
2019-06-04,277.1200,280.6800,276.6200,280.5300,252.0618
2019-06-05,282.3300,282.9900,280.3200,282.9600,254.2453
2019-06-06,283.2900,285.5500,282.5700,284.8000,255.8985
2019-06-07,285.9300,288.8500,285.7400,287.6500,258.4593
2019-06-10,289.3700,290.8200,288.8700,288.9700,259.6454
2019-06-11,290.9900,291.4000,288.1800,288.9000,259.5825
2019-06-12,288.6400,289.2600,287.8200,288.3900,259.1243
2019-06-13,289.4000,289.9800,288.6200,289.5800,260.1935
2019-06-14,289.2600,289.9300,288.4100,289.2600,259.9059
2019-06-17,289.5200,290.2200,289.1800,289.3700,260.0048
2019-06-18,291.3900,293.5700,290.9900,292.4000,262.7273
2019-06-19,292.5500,293.6500,291.4700,293.0600,263.3203
2019-06-20,296.0400,296.3100,293.1300,295.8600,265.8362
2019-06-21,294.1300,295.5200,293.7600,294.0000,265.4497
2019-06-24,294.2300,294.5800,293.4700,293.6400,265.1247
2019-06-25,293.7000,293.7300,290.6400,290.7600,262.5244
2019-06-26,291.7500,292.3100,290.3500,290.4700,262.2625
2019-06-27,291.3100,292.0600,290.8900,291.5000,263.1925
2019-06-28,292.5800,293.5500,292.0100,293.0000,264.5468
2019-07-01,296.6800,296.9200,294.3300,295.6600,266.9485
2019-07-02,295.6100,296.4900,294.6800,296.4300,267.6438
2019-07-03,297.1800,298.8200,297.0200,298.8000,269.7836
2019-07-05,297.4400,298.6400,296.0100,298.4600,269.4765
2019-07-08,297.0100,298.2600,296.2200,296.8200,267.9959
2019-07-09,295.5400,297.5200,295.4800,297.1900,268.3299
2019-07-10,298.3700,299.6600,297.7800,298.6100,269.6120
2019-07-11,299.3200,299.5800,298.2000,299.3100,270.2441
2019-07-12,299.8500,300.7300,299.5100,300.6500,271.4539
2019-07-15,301.1300,301.1300,300.1900,300.7500,271.5443
2019-07-16,300.6500,300.8800,299.4400,299.7800,270.6684
2019-07-17,299.7500,299.9300,297.7400,297.7400,268.8266
2019-07-18,297.1900,299.2500,296.7000,298.8300,269.8107
2019-07-19,300.0400,300.0700,296.9800,297.1700,268.3120
2019-07-22,297.6100,298.5000,297.0400,297.9000,268.9710
2019-07-23,299.1400,300.0300,298.2200,300.0300,270.8941
2019-07-24,299.1900,301.4400,299.0900,301.4400,272.1673
2019-07-25,300.9400,301.0000,299.1100,300.0000,270.8670
2019-07-26,300.7600,302.2300,300.6200,302.0100,272.6819
2019-07-29,301.8800,302.0100,300.8500,301.4600,272.1853
2019-07-30,299.9100,301.1700,299.4900,300.7200,271.5172
2019-07-31,300.9900,301.2000,295.2000,297.4300,268.5467
2019-08-01,297.6000,300.8700,293.9600,294.8400,266.2081
2019-08-02,293.8500,294.1200,290.9000,292.6200,264.2038
2019-08-05,288.0900,288.2100,281.7200,283.8200,256.2583
2019-08-06,285.9100,288.0400,284.2800,287.8000,259.8518
2019-08-07,284.4000,288.8200,282.0400,287.9700,260.0053
2019-08-08,289.6200,293.6200,289.0100,293.6200,265.1067
2019-08-09,292.5800,293.2400,289.6500,291.6200,263.3008
2019-08-12,289.9600,291.6100,287.0200,288.0700,260.0956
2019-08-13,287.7400,294.1500,287.3600,292.5500,264.1405
2019-08-14,288.0700,288.7400,283.7600,283.9000,256.3305
2019-08-15,284.8800,285.6400,282.3900,284.6500,257.0077
2019-08-16,286.4800,289.3300,284.7100,288.8500,260.7998
2019-08-19,292.1900,293.0800,291.4400,292.3300,263.9420
2019-08-20,291.7700,292.3600,289.9500,290.0900,261.9194
2019-08-21,292.4800,292.8600,291.7200,292.4500,264.0503
2019-08-22,293.2300,293.9300,290.4000,292.3600,263.9690
2019-08-23,290.9200,292.7600,283.4700,284.8500,257.1883
2019-08-26,287.2700,288.0000,285.5800,288.0000,260.0324
2019-08-27,289.5400,289.9500,286.0300,286.8700,259.0121
2019-08-28,286.1400,289.0700,285.2500,288.8900,260.8359
2019-08-29,291.7200,293.1600,290.6100,292.5800,264.1676
2019-08-30,294.2200,294.2400,291.4200,292.4500,264.0503
2019-09-03,290.5700,291.5800,289.2700,290.7400,262.5062
2019-09-04,293.1400,294.0600,292.3100,294.0400,265.4859
2019-09-05,296.7900,298.8300,294.0000,297.8200,268.8988
2019-09-06,298.1700,298.7600,297.4200,298.0500,269.1065
2019-09-09,299.1400,299.2400,297.1600,298.2000,269.2419
2019-09-10,297.3600,298.2000,295.9700,298.1300,269.1787
2019-09-11,298.4700,300.3400,297.7500,300.2500,271.0928
2019-09-12,301.2500,302.4600,300.4100,301.2900,272.0318
2019-09-13,301.7800,302.1700,300.6800,301.0900,271.8512
2019-09-16,299.8400,301.1400,299.4500,300.1600,271.0116
2019-09-17,299.9400,301.0200,299.7500,300.9200,271.6978
2019-09-18,300.4900,301.2200,298.2400,301.1000,271.8602
2019-09-19,301.5300,302.6300,300.7100,301.0800,271.8421
2019-09-20,300.3600,300.6700,297.4100,298.2800,270.5579
2019-09-23,297.5500,299.0000,297.2700,298.2100,270.4943
2019-09-24,299.4100,299.8400,294.8100,295.8700,268.3718
2019-09-25,295.9600,298.1100,294.3300,297.6200,269.9592
2019-09-26,297.6300,297.8600,295.4500,297.0000,269.3968
2019-09-27,297.8300,297.9500,293.6900,295.4000,267.9455
2019-09-30,295.9700,297.5500,295.9200,296.7700,269.1881
2019-10-01,297.7400,298.4600,293.0000,293.2400,265.9862
2019-10-02,291.5000,291.5100,286.6400,288.0600,261.2876
2019-10-03,287.8100,290.4500,284.8200,290.4200,263.4283
2019-10-04,291.1400,294.6300,291.0800,294.3500,266.9930
2019-10-07,293.4700,295.2600,292.7700,293.0800,265.8410
2019-10-08,291.0400,291.8500,288.4900,288.5300,261.7140
2019-10-09,290.7500,292.3000,290.0600,291.2700,264.1993
2019-10-10,291.1800,294.2100,291.0000,293.2400,265.9862
2019-10-11,296.2700,298.7400,296.1400,296.2800,268.7437
2019-10-14,295.9300,296.6700,295.5700,295.9500,268.4443
2019-10-15,297.1000,299.7000,296.9700,298.8800,271.1021
2019-10-16,298.3700,299.1600,297.9200,298.4000,270.6666
2019-10-17,299.6800,300.2400,298.5200,299.2800,271.4649
2019-10-18,298.6900,299.4000,297.0300,297.9700,270.2765
2019-10-21,299.4200,300.2100,298.9400,299.9900,272.1088
2019-10-22,300.5800,300.9000,298.9100,299.0100,271.2199
2019-10-23,298.7300,299.9400,298.5000,299.8800,272.0092
2019-10-24,300.9100,301.0700,299.4600,300.3700,272.4536
2019-10-25,299.7400,302.2000,299.6800,301.6000,273.5692
2019-10-28,302.9400,303.8500,302.9100,303.3000,275.1112
2019-10-29,303.0000,304.2300,302.8600,303.2100,275.0296
2019-10-30,303.4300,304.5500,301.9900,304.1400,275.8732
2019-10-31,304.1300,304.1300,301.7300,303.3300,275.1384
2019-11-01,304.9200,306.1900,304.7400,306.1400,277.6873
2019-11-04,307.8500,308.0000,306.9600,307.3700,278.8030
2019-11-05,307.5900,307.9200,306.7100,307.0300,278.4946
2019-11-06,307.0300,307.4000,306.0600,307.1000,278.5581
2019-11-07,308.5700,309.6500,307.6600,308.1800,279.5377
2019-11-08,307.8000,309.0000,307.0300,308.9400,280.2271
2019-11-11,307.4200,308.5400,307.2700,308.3500,279.6919
2019-11-12,308.7500,309.9900,308.1500,309.0000,280.2815
2019-11-13,307.9100,309.5400,307.6600,309.1000,280.3722
2019-11-14,308.7900,309.6400,308.0900,309.5500,280.7804
2019-11-15,311.0200,311.8400,310.2600,311.7900,282.8123
2019-11-18,311.5300,312.2800,311.0300,312.0200,283.0208
2019-11-19,312.6800,312.6900,311.2200,311.9300,282.9391
2019-11-20,311.2800,311.8500,309.0600,310.7700,281.8870
2019-11-21,310.8900,311.0100,309.3900,310.2700,281.4334
2019-11-22,311.0900,311.2400,309.8500,310.9600,282.0593
2019-11-25,311.9800,313.3700,311.9800,313.3700,284.2453
2019-11-26,313.4100,314.2800,313.0600,314.0800,284.8893
2019-11-27,314.6100,315.4800,314.3700,315.4800,286.1592
2019-11-29,314.8600,315.1300,314.0600,314.3100,285.0979
2019-12-02,314.5900,314.6600,311.1700,311.6400,282.6761
2019-12-03,308.6500,309.6400,307.1300,309.5500,280.7804
2019-12-04,310.7000,312.1200,310.3200,311.4600,282.5129
2019-12-05,312.2300,312.2500,310.5800,312.0200,283.0208
2019-12-06,314.1200,315.3100,314.1100,314.8700,285.6059
2019-12-09,314.4400,315.1800,313.8000,313.8800,284.7079
2019-12-10,313.8200,314.5500,312.8100,313.5300,284.3904
2019-12-11,314.0300,314.7000,313.4400,314.4200,285.1977
2019-12-12,314.4300,317.9900,314.1700,317.1300,287.6559
2019-12-13,316.8700,318.6700,316.0200,317.3200,287.8282
2019-12-16,319.2200,320.1500,317.2500,319.5000,289.8056
2019-12-17,319.9200,320.2500,319.4800,319.5700,289.8691
2019-12-18,320.0000,320.2500,319.5300,319.5900,289.8873
2019-12-19,319.8000,320.9800,319.5200,320.9000,291.0755
2019-12-20,320.4600,321.9700,319.3900,320.7300,292.3516
2019-12-23,321.5900,321.6500,321.0600,321.2200,292.7983
2019-12-24,321.4700,321.5200,320.9000,321.2300,292.8074
2019-12-26,321.6500,322.9500,321.6400,322.9400,294.3661
2019-12-27,323.7400,323.8000,322.2800,322.8600,294.2932
2019-12-30,322.9500,323.1000,320.5500,321.0800,292.6706
2019-12-31,320.5300,322.1300,320.1500,321.8600,293.3816
2020-01-02,323.5400,324.8900,322.5300,324.8700,296.1254
2020-01-03,321.1600,323.6400,321.1000,322.4100,293.8830
2020-01-06,320.4900,323.7300,320.3600,323.6400,295.0041
2020-01-07,323.0200,323.5400,322.2400,322.7300,294.1746
2020-01-08,322.9400,325.7800,322.6700,324.4500,295.7425
2020-01-09,326.1600,326.7300,325.5200,326.6500,297.7478
2020-01-10,327.2900,327.4600,325.2000,325.7100,296.8910
2020-01-13,326.3900,327.9600,325.9200,327.9500,298.9327
2020-01-14,327.4700,328.6200,326.8400,327.4500,298.4770
2020-01-15,327.3500,329.0200,327.2600,328.1900,299.1516
2020-01-16,329.7000,330.9200,329.4500,330.9200,301.6400
2020-01-17,331.7000,332.1800,330.8500,331.9500,302.5789
2020-01-21,330.9000,332.1800,330.8200,331.3000,301.9864
2020-01-22,332.2400,332.9500,331.1700,331.3400,302.0229
2020-01-23,330.6300,332.1700,329.4100,331.7200,302.3692
2020-01-24,332.4400,332.5300,327.3600,328.7700,299.6802
2020-01-27,323.0300,325.1200,322.6600,323.5000,294.8766
2020-01-28,325.0600,327.8500,323.6000,326.8900,297.9666
2020-01-29,328.3800,328.6300,326.4000,326.6200,297.7205
2020-01-30,324.3600,327.9100,323.5400,327.6800,298.6866
2020-01-31,327.0000,327.1700,320.7300,321.7300,293.2631
2020-02-03,323.3500,326.1600,323.2200,324.1200,295.4417
2020-02-04,328.0700,330.0100,327.7200,329.0600,299.9446
2020-02-05,332.2700,333.0900,330.6700,332.8600,303.4084
2020-02-06,333.9100,334.1900,332.8000,333.9800,304.4292
2020-02-07,332.8200,333.9900,331.6000,332.2000,302.8068
2020-02-10,331.2300,334.7500,331.1900,334.6800,305.0673
2020-02-11,336.1600,337.0200,334.6800,335.2600,305.5960
2020-02-12,336.8300,337.6500,336.4300,337.4200,307.5649
2020-02-13,335.8600,338.1200,335.5600,337.0600,307.2367
2020-02-14,337.5100,337.7300,336.2000,337.6000,307.7289
2020-02-18,336.5100,337.6700,335.2100,336.7300,306.9359
2020-02-19,337.7900,339.0800,337.4800,338.3400,308.4035
2020-02-20,337.7400,338.6400,333.6800,336.9500,307.1364
2020-02-21,335.4700,335.8100,332.5800,333.4800,303.9735
2020-02-24,323.1400,333.5600,321.2400,322.4200,293.8921
2020-02-25,323.9400,324.6100,311.6900,312.6500,284.9865
2020-02-26,314.1800,318.1100,310.7000,311.5000,283.9383
2020-02-27,305.4600,311.5600,297.5100,297.5100,271.1861
2020-02-28,288.7000,297.8900,285.5400,296.2600,270.0467
2020-03-02,298.2100,309.1600,294.4600,309.0900,281.7415
2020-03-03,309.5000,313.8400,297.5700,300.2400,273.6745
2020-03-04,306.1200,313.1000,303.3300,312.8600,285.1779
2020-03-05,304.9800,308.4700,300.0100,302.4600,275.6982
2020-03-06,293.1500,298.7800,290.2300,297.4600,271.1406
2020-03-09,275.3000,284.1900,273.4500,274.2300,249.9660
2020-03-10,284.6400,288.5200,273.5000,288.4200,262.9004
2020-03-11,280.7000,281.9400,270.8800,274.3600,250.0844
2020-03-12,256.0000,266.6600,247.6800,248.1100,226.1571
2020-03-13,263.0900,271.4800,248.5200,269.3200,245.4904
2020-03-16,241.1800,256.9000,237.3600,239.8500,218.6279
2020-03-17,245.0400,256.1700,237.0700,252.8000,230.4321
2020-03-18,236.2500,248.3700,228.0200,240.0000,218.7647
2020-03-19,239.2500,247.3800,232.2200,240.5100,219.2295
2020-03-20,242.5300,244.4700,228.5000,228.8000,209.7820
2020-03-23,228.1900,229.6800,218.2600,222.9500,204.4182
2020-03-24,234.4200,244.1000,233.8000,243.1500,222.9392
2020-03-25,244.8700,256.3500,239.7500,246.7900,226.2767
2020-03-26,249.5200,262.8000,249.0500,261.2000,239.4889
2020-03-27,253.2700,260.8100,251.0500,253.4200,232.3555
2020-03-30,255.7000,262.4300,253.5300,261.6500,239.9015
2020-03-31,260.5600,263.3300,256.2200,257.7500,236.3257
2020-04-01,247.9800,257.6600,243.9000,246.1500,225.6899
2020-04-02,245.1900,252.6800,244.5900,251.8300,230.8977
2020-04-03,250.7600,253.3200,245.2200,248.1900,227.5603
2020-04-06,257.8400,267.0000,248.1700,264.8600,242.8447
2020-04-07,274.2100,275.0300,264.8900,265.1300,243.0922
2020-04-08,267.9600,276.0000,265.2500,274.0300,251.2525
2020-04-09,277.5800,281.2000,275.4700,278.2000,255.0759
2020-04-13,277.1400,277.5100,271.4100,275.6600,252.7469
2020-04-14,280.9800,284.9000,275.5100,283.7900,260.2013
2020-04-15,277.5700,283.9400,275.4600,277.7600,254.6724
2020-04-16,279.1500,280.0300,275.7600,279.1000,255.9010
2020-04-17,285.3800,287.3000,282.4000,286.6400,262.8143
2020-04-20,282.6100,286.7900,281.3500,281.5900,258.1841
2020-04-21,276.7300,278.0400,272.0200,273.0400,250.3448
2020-04-22,278.3500,281.0000,276.9100,279.1000,255.9010
2020-04-23,280.4900,283.9400,278.7500,279.0800,255.8827
2020-04-24,280.7300,283.7000,278.5000,282.9700,259.4493
2020-04-27,285.1200,288.2700,284.6200,287.0500,263.1902
2020-04-28,291.0200,291.4000,285.4000,285.7300,261.9799
2020-04-29,291.5300,294.8800,290.4100,293.2100,268.8382
2020-04-30,291.7100,293.3200,288.5900,290.4800,266.3351
2020-05-01,285.3100,290.6600,281.5200,282.7900,259.2843
2020-05-04,280.7400,283.9000,279.1300,283.5700,259.9995
2020-05-05,286.6400,289.2500,283.7100,286.1900,262.4017
2020-05-06,288.0400,288.4600,283.7800,284.2500,260.6230
2020-05-07,287.7500,289.7800,287.1300,287.6800,263.7679
2020-05-08,291.0900,292.9500,289.8600,292.4400,268.1321
2020-05-11,290.3400,294.0000,289.8800,292.5000,268.1872
2020-05-12,293.7900,294.2400,286.5200,286.6700,262.8418
2020-05-13,286.0600,287.1900,278.9600,281.6000,258.1933
2020-05-14,278.9500,285.1100,272.9900,284.9700,261.2831
2020-05-15,282.3700,286.3300,281.3400,286.2800,262.4842
2020-05-18,293.0500,296.7500,292.7000,295.0000,270.4795
2020-05-19,294.3500,296.2100,291.9500,291.9700,267.7013
2020-05-20,295.8200,297.8700,295.5700,296.9300,272.2490
2020-05-21,296.7900,297.6700,293.6900,294.8800,270.3694
2020-05-22,294.5700,295.6300,293.2200,295.4400,270.8828
2020-05-26,301.9300,302.1900,295.4600,299.0800,274.2203
2020-05-27,302.1200,303.5700,296.8700,303.5300,278.3004
2020-05-28,304.6500,306.8400,302.2400,302.9700,277.7869
2020-05-29,302.4600,304.9600,299.4700,304.3200,279.0248
2020-06-01,303.6200,306.2100,303.0600,305.5500,280.1524
2020-06-02,306.5500,308.1300,305.1000,308.0800,282.4722
2020-06-03,310.2400,313.2200,309.9400,312.1800,286.2313
2020-06-04,311.1100,313.0000,309.0800,311.3600,285.4796
2020-06-05,317.2300,321.2700,317.1600,319.3400,292.7962
2020-06-08,320.2200,323.4100,319.6300,323.2000,296.3354
2020-06-09,320.3000,323.2800,319.3600,320.7900,294.1257
2020-06-10,321.4200,322.3900,318.2200,319.0000,292.4846
2020-06-11,311.4600,312.1500,300.0100,300.6100,275.6230
2020-06-12,308.2400,309.0800,298.6000,304.2100,278.9239
2020-06-15,298.0200,308.2800,296.7400,307.0500,281.5279
2020-06-16,315.4800,315.6400,307.6700,312.9600,286.9466
2020-06-17,314.0700,314.3900,310.8600,311.6600,285.7547
2020-06-18,310.0100,312.3000,309.5100,311.7800,285.8647
2020-06-19,314.1700,314.3800,306.5300,308.6400,284.2310
2020-06-22,307.9900,311.0500,306.7500,310.6200,286.0543
2020-06-23,313.4900,314.5000,311.6100,312.0500,287.3713
2020-06-24,309.8400,310.5100,302.1000,304.0900,280.0408
2020-06-25,303.4700,307.6400,301.2800,307.3500,283.0430
2020-06-26,306.1600,306.3900,299.4200,300.0500,276.3203
2020-06-29,301.4100,304.6100,298.9300,304.4600,280.3814
2020-06-30,303.9900,310.2000,303.8200,308.3600,283.9730
2020-07-01,309.5700,311.8900,309.0700,310.5200,285.9622
2020-07-02,314.2400,315.7000,311.5100,312.2300,287.5370
2020-07-06,316.3700,317.6800,315.5600,317.0500,291.9758
2020-07-07,315.3800,317.5200,313.3700,313.7800,288.9645
2020-07-08,314.6100,316.3000,312.7000,316.1800,291.1746
2020-07-09,316.8400,317.1000,310.6800,314.3800,289.5169
2020-07-10,314.3100,317.8800,312.7600,317.5900,292.4731
2020-07-13,320.1300,322.7100,314.1300,314.8400,289.9406
2020-07-14,313.3000,319.7600,312.0000,318.9200,293.6980
2020-07-15,322.4100,323.0400,319.2700,321.8500,296.3963
2020-07-16,319.7900,321.2800,319.0900,320.7900,295.4200
2020-07-17,321.8800,322.5700,319.7400,321.7200,296.2765
2020-07-20,321.4300,325.1300,320.6200,324.3200,298.6709
2020-07-21,326.4500,326.9300,323.9400,325.0100,299.3062
2020-07-22,324.6200,327.2000,324.5000,326.8600,301.0099
2020-07-23,326.4700,327.2300,321.4800,322.9600,297.4185
2020-07-24,320.9500,321.9900,319.2500,320.8800,295.5030
2020-07-27,321.6300,323.4100,320.7700,323.2200,297.6578
2020-07-28,322.4300,323.6400,320.8500,321.1700,295.7700
2020-07-29,322.1200,325.7300,322.0800,325.1200,299.4076
2020-07-30,321.9000,324.4100,319.6400,323.9600,298.3394
2020-07-31,325.9000,326.6300,321.3300,326.5200,300.6969
2020-08-03,328.3200,329.6200,327.7300,328.7900,302.7874
2020-08-04,327.8600,330.0600,327.8600,330.0600,303.9569
2020-08-05,331.4700,332.3900,331.1800,332.1100,305.8447
2020-08-06,331.4800,334.4600,331.1300,334.3300,307.8892
2020-08-07,333.2800,334.8800,332.3000,334.5700,308.1102
2020-08-10,335.0600,335.7700,332.9600,335.5700,309.0312
2020-08-11,336.8500,337.5400,332.0100,332.8000,306.4802
2020-08-12,335.4400,338.2800,335.4100,337.4400,310.7533
2020-08-13,336.6100,338.2500,335.8300,336.8300,310.1915
2020-08-14,336.4100,337.4200,335.6200,336.8400,310.2007
2020-08-17,337.9400,338.3400,336.8500,337.9100,311.1862
2020-08-18,338.3400,339.1000,336.6100,338.6400,311.8585
2020-08-19,339.0500,339.6100,336.6200,337.2300,310.5599
2020-08-20,335.3600,338.8000,335.2200,338.2800,311.5269
2020-08-21,337.9200,339.7200,337.5500,339.4800,312.6319
2020-08-24,342.1200,343.0000,339.4500,342.9200,315.8000
2020-08-25,343.5300,344.2100,342.2700,344.1200,316.9049
2020-08-26,344.7600,347.8600,344.1700,347.5700,320.0823
2020-08-27,348.5100,349.9000,346.5300,348.3300,320.7821
2020-08-28,349.4400,350.7200,348.1500,350.5800,322.8541
2020-08-31,350.3500,351.3000,349.0600,349.3100,321.6845
2020-09-01,350.2100,352.7100,349.2400,352.6000,324.7143
2020-09-02,354.6700,358.7500,353.4300,357.7000,329.4111
2020-09-03,355.8700,356.3800,342.5900,345.3900,318.0746
2020-09-04,346.1300,347.8300,334.8700,342.5700,315.4775
2020-09-08,336.7100,342.6400,332.8800,333.2100,306.8578
2020-09-09,337.5500,342.4600,336.6100,339.7900,312.9174
2020-09-10,341.8200,342.5300,332.8500,333.8900,307.4841
2020-09-11,335.8200,336.9700,331.0000,334.0600,307.6406
2020-09-14,337.4900,340.3800,334.2200,338.4600,311.6926
2020-09-15,341.1200,342.0200,338.4700,340.1700,313.2674
2020-09-16,341.5100,343.0600,338.5200,338.8200,312.0241
2020-09-17,333.5600,337.7000,332.9900,335.8400,309.2798
2020-09-18,335.3700,335.4900,327.9700,330.6500,305.7191
2020-09-21,325.7000,327.1300,321.7300,326.9700,302.3166
2020-09-22,328.5700,330.9000,325.8600,330.3000,305.3956
2020-09-23,330.9000,331.2000,322.1000,322.6400,298.3131
2020-09-24,321.2200,326.8000,319.8000,323.5000,299.1084
2020-09-25,322.5800,329.5800,321.6400,328.7300,303.9440
2020-09-28,333.2200,334.9600,332.1500,334.1900,308.9923
2020-09-29,333.9700,334.7700,331.6200,332.3700,307.3094
2020-09-30,333.0900,338.2900,332.8800,334.8900,309.6395
2020-10-01,337.6900,338.7400,335.0100,337.0400,311.6273
2020-10-02,331.7000,337.0100,331.1900,333.8400,308.6686
2020-10-05,336.0600,339.9600,336.0100,339.7600,314.1422
2020-10-06,339.9100,342.1700,334.3800,334.9300,309.6765
2020-10-07,338.1200,341.6300,338.0900,340.7600,315.0669
2020-10-08,342.8500,343.8500,341.8600,343.7800,317.8591
2020-10-09,345.5600,347.3500,344.8900,346.8500,320.6977
2020-10-12,349.5900,354.0200,349.0600,352.4300,325.8569
2020-10-13,352.2800,352.4700,349.0900,350.1300,323.7304
2020-10-14,350.7500,351.9300,347.1400,347.9300,321.6963
2020-10-15,343.7100,348.0200,343.1300,347.5000,321.2987
2020-10-16,348.9600,350.7500,347.1000,347.2900,321.1046
2020-10-19,348.6500,349.3300,341.0400,342.0100,316.2227
2020-10-20,343.4600,346.8800,342.6400,343.3800,317.4894
2020-10-21,343.3300,345.6700,342.4000,342.7300,316.8884
2020-10-22,342.9600,345.2400,340.6500,344.6100,318.6266
2020-10-23,345.9300,345.9900,343.1300,345.7800,319.7084
2020-10-26,342.1300,342.9800,335.6200,339.3900,313.8002
2020-10-27,339.7600,340.1200,337.9900,338.2200,312.7184
2020-10-28,332.1000,338.2500,326.1300,326.6600,302.0300
2020-10-29,326.9100,333.4000,325.0900,329.9800,305.0997
2020-10-30,328.2800,329.6900,322.6000,326.5400,301.9191
2020-11-02,330.2000,332.3600,327.2400,330.2000,305.3031
2020-11-03,333.6900,338.2500,330.2900,336.0300,310.6935
2020-11-04,340.8600,347.9400,339.5900,343.5400,317.6373
2020-11-05,349.2400,352.1900,348.8600,350.2400,323.8321
2020-11-06,349.9300,351.5100,347.6500,350.1600,323.7581
2020-11-09,363.9700,364.3800,354.0600,354.5600,327.8264
2020-11-10,353.4900,355.1800,350.5100,354.0400,327.3456
2020-11-11,356.4000,357.5600,355.0600,356.6700,329.7773
2020-11-12,355.5800,356.7200,351.2600,353.2100,326.5781
2020-11-13,355.2700,358.9000,354.7100,358.1000,331.0995
2020-11-16,360.9800,362.7800,359.5900,362.5700,335.2324
2020-11-17,359.9700,361.9200,358.3400,360.6200,333.4294
2020-11-18,360.9100,361.5000,356.2400,356.2800,329.4166
2020-11-19,355.6000,358.1800,354.1500,357.7800,330.8036
2020-11-20,357.5000,357.7200,355.2500,355.3300,328.5383
2020-11-23,357.2800,358.8200,354.8700,357.4600,330.5077
2020-11-24,360.2100,363.8100,359.2900,363.2200,335.8334
2020-11-25,363.1300,363.1600,361.4800,362.6600,335.3156
2020-11-27,363.8400,364.1800,362.5800,363.6700,336.2495
2020-11-30,362.8300,363.1200,359.1700,362.0600,334.7609
2020-12-01,365.5700,367.6800,364.9300,366.0200,338.4223
2020-12-02,364.8200,366.9600,364.2000,366.7900,339.1342
2020-12-03,366.6800,368.1900,365.5000,366.6900,339.0418
2020-12-04,367.3200,369.8500,367.2200,369.8500,341.9636
2020-12-07,369.0200,369.6200,367.7200,369.0900,341.2608
2020-12-08,367.7200,370.7800,367.6700,370.1700,342.2595
2020-12-09,370.8800,371.0500,365.9500,366.8500,339.1897
2020-12-10,365.3700,367.8600,364.4300,366.7300,339.0788
2020-12-11,364.9000,366.7400,363.2600,366.3000,338.6812
2020-12-14,368.6400,369.8000,364.4700,364.6600,337.1648
2020-12-15,367.4000,369.5900,365.9200,369.5900,341.7231
2020-12-16,369.8200,371.1600,368.8700,370.1700,342.2595
2020-12-17,371.9400,372.4600,371.0500,372.2400,344.1733
2020-12-18,370.9700,371.1500,367.0200,369.1800,342.7991
2020-12-21,364.9700,378.4600,362.0300,367.8600,341.5734
2020-12-22,368.2100,368.3300,366.0300,367.2400,340.9977
2020-12-23,368.2800,369.6200,367.2200,367.5700,341.3041
2020-12-24,368.0800,369.0300,367.4500,369.0000,342.6319
2020-12-28,371.7400,372.5900,371.0700,372.1700,345.5754
2020-12-29,373.8100,374.0000,370.8300,371.4600,344.9161
2020-12-30,372.3400,373.1000,371.5700,371.9900,345.4082
2020-12-31,371.7800,374.6600,371.2300,373.8800,347.1632
2021-01-04,375.3100,375.4500,364.8200,368.7900,342.4370
2021-01-05,368.1000,372.5000,368.0500,371.3300,344.7954
2021-01-06,369.7100,376.9800,369.1200,373.5500,346.8568
2021-01-07,376.1000,379.9000,375.9100,379.1000,352.0102
2021-01-08,380.5900,381.4900,377.1000,381.2600,354.0158
2021-01-11,377.8500,380.5800,377.7200,378.6900,351.6295
2021-01-12,378.8900,379.8600,376.3600,378.7700,351.7038
2021-01-13,378.6900,380.8600,377.8500,379.7900,352.6509
2021-01-14,380.5900,381.1300,378.1000,378.4600,351.4160
2021-01-15,376.7200,377.5800,373.7000,375.7000,348.8531
2021-01-19,378.3400,379.2300,376.7500,378.6500,351.5924
2021-01-20,381.1100,384.7900,380.6900,383.8900,356.4579
2021-01-21,384.4900,384.9500,383.2500,384.2400,356.7829
2021-01-22,382.2500,384.1300,381.8400,382.8800,355.5201
2021-01-25,383.6700,384.7700,378.4600,384.3900,356.9221
2021-01-26,385.4100,385.8500,383.5400,383.7900,356.3650
2021-01-27,380.2200,380.3200,372.0100,374.4100,347.6553
2021-01-28,376.3600,381.9300,375.8900,377.6300,350.6452
2021-01-29,375.6300,376.6700,368.2700,370.0700,343.6254
2021-02-01,373.7200,377.3400,370.3800,376.2300,349.3454
2021-02-02,379.6500,383.2200,376.3200,381.5500,354.2851
2021-02-03,382.4400,383.7000,380.4800,381.8500,354.5636
2021-02-04,382.9600,386.2400,381.9700,386.1900,358.5936
2021-02-05,388.2000,388.4700,386.1400,387.7100,360.0049
2021-02-08,389.2700,390.5600,388.3500,390.5100,362.6049
2021-02-09,389.6100,390.8900,389.1700,390.2500,362.3634
2021-02-10,392.1200,392.2800,387.5000,390.0800,362.2055
2021-02-11,391.2400,391.6900,388.1000,390.7100,362.7906
2021-02-12,389.8500,392.9000,389.7700,392.6400,364.5827
2021-02-16,393.9600,394.1700,391.5300,392.3000,364.2669
2021-02-17,390.4200,392.6600,389.3300,392.3900,364.3506
2021-02-18,389.5900,391.5200,387.7400,390.7200,362.7998
2021-02-19,392.0700,392.3800,389.5500,390.0300,362.1591
2021-02-22,387.0600,389.6200,386.7400,387.0300,359.3735
2021-02-23,384.6600,388.9500,380.2000,387.5000,359.8099
2021-02-24,386.3300,392.2300,385.2700,391.7700,363.7749
2021-02-25,390.4100,391.8800,380.7800,382.3300,355.0094
2021-02-26,384.3500,385.5800,378.2300,380.3600,353.1802
2021-03-01,385.5900,390.9200,380.5700,389.5800,361.7413
2021-03-02,389.8200,390.0700,386.0000,386.5400,358.9186
2021-03-03,385.7900,386.8300,381.3100,381.4200,354.1644
2021-03-04,381.2200,384.0000,371.8800,376.7000,349.7817
2021-03-05,380.4600,384.7600,372.6400,383.6300,356.2165
2021-03-08,384.6600,387.6800,381.4200,381.7200,354.4430
2021-03-09,385.8500,389.9100,385.3100,387.1700,359.5035
2021-03-10,389.6900,391.4000,388.1700,389.5800,361.7413
2021-03-11,392.2300,395.6500,391.7400,393.5300,365.4090
2021-03-12,392.0700,394.2100,391.2000,394.0600,365.9012
2021-03-15,394.3300,396.6900,392.0300,396.4100,368.0833
2021-03-16,397.0700,397.8300,395.0800,395.9100,367.6190
2021-03-17,394.5300,398.1200,393.3000,397.2600,368.8726
2021-03-18,394.4800,396.7200,390.7500,391.4800,363.5056
2021-03-19,389.8800,391.5700,387.1500,389.4800,362.8330
2021-03-22,390.0300,394.0700,389.9700,392.5900,365.7302
2021-03-23,391.9100,393.4600,388.6600,389.5000,362.8516
2021-03-24,391.0000,392.7500,387.4700,387.5200,361.0070
2021-03-25,385.9800,390.5500,383.9000,389.7000,363.0379
2021-03-26,390.9300,396.4100,390.2900,395.9800,368.8883
2021-03-29,394.4000,396.7500,392.8100,395.7800,368.7019
2021-03-30,394.4200,395.4500,393.0200,394.7300,367.7238
2021-03-31,395.3400,398.0000,395.3100,396.3300,369.2142
2021-04-01,398.4000,400.6700,398.1800,400.6100,373.2014
2021-04-05,403.4600,406.9400,403.3800,406.3600,378.5580
2021-04-06,405.7600,407.2400,405.4000,406.1200,378.3345
2021-04-07,405.9400,406.9600,405.4500,406.5900,378.7723
2021-04-08,407.9300,408.5800,406.9300,408.5200,380.5703
2021-04-09,408.3900,411.6700,408.2600,411.4900,383.3371
2021-04-12,410.8500,411.9300,410.2000,411.6400,383.4768
2021-04-13,411.5300,413.5300,411.1200,412.8600,384.6134
2021-04-14,412.8300,413.9600,410.8700,411.4500,383.2998
2021-04-15,413.7400,416.1600,413.6900,415.8700,387.4174
2021-04-16,417.2500,417.9100,415.7300,417.2600,388.7123
2021-04-19,416.2600,416.7400,413.7900,415.2100,386.8026
2021-04-20,413.9100,415.0900,410.5900,412.1700,383.9706
2021-04-21,411.5100,416.2900,411.3600,416.0700,387.6037
2021-04-22,415.8900,416.7800,411.1300,412.2700,384.0637
2021-04-23,412.8700,418.2500,412.7900,416.7400,388.2279
2021-04-26,417.4400,418.2200,416.8100,417.6100,389.0384
2021-04-27,417.9300,418.1400,416.3000,417.5200,388.9545
2021-04-28,417.8100,419.0100,416.9000,417.4000,388.8427
2021-04-29,420.3200,420.7200,416.4400,420.0600,391.3208
2021-04-30,417.6300,418.5400,416.3400,417.3000,388.7496
2021-05-03,419.4300,419.8400,417.6700,418.2000,389.5881
2021-05-04,416.0700,416.6000,411.6700,415.6200,387.1845
2021-05-05,417.3800,417.6300,415.1500,415.7500,387.3056
2021-05-06,415.8300,419.2100,413.6800,419.0700,390.3985
2021-05-07,419.8900,422.8200,419.1600,422.1200,393.2398
2021-05-10,422.5000,422.7400,417.8100,417.9400,389.3458
2021-05-11,413.1000,415.2700,410.0600,414.2100,385.8710
2021-05-12,411.2300,412.5900,404.0000,405.4100,377.6731
2021-05-13,407.0700,412.3500,407.0200,410.2800,382.2099
2021-05-14,413.2100,417.4900,413.1800,416.5800,388.0788
2021-05-17,415.3900,416.3900,413.3600,415.5200,387.0913
2021-05-18,415.8000,416.0600,411.7700,411.9400,383.7563
2021-05-19,406.9200,411.0500,405.3300,410.8600,382.7502
2021-05-20,411.8000,416.6300,411.6700,415.2800,386.8678
2021-05-21,416.8700,418.2000,414.4500,414.9400,386.5511
2021-05-24,417.3400,420.3200,417.0800,419.1700,390.4917
2021-05-25,420.3300,420.7100,417.6200,418.2400,389.6253
2021-05-26,418.8700,419.6100,417.7600,419.0700,390.3985
2021-05-27,420.1700,420.7200,418.9900,419.2900,390.6034
2021-05-28,420.9700,421.2500,419.7900,420.0400,391.3022
2021-06-01,422.5700,422.7200,419.2000,419.6700,390.9574
2021-06-02,420.3700,421.2300,419.2900,420.3300,391.5723
2021-06-03,417.8500,419.9900,416.2800,418.7700,390.1190
2021-06-04,420.7500,422.9200,418.8400,422.6000,393.6870
2021-06-07,422.5900,422.7800,421.1900,422.1900,393.3051
2021-06-08,423.1100,423.2100,420.3200,422.2800,393.3889
2021-06-09,423.1800,423.2600,421.4100,421.6500,392.8020
2021-06-10,422.9600,424.6300,421.5500,423.6100,394.6279
2021-06-11,424.2000,424.4300,422.8200,424.3100,395.2800
2021-06-14,424.4300,425.3700,423.1000,425.2600,396.1650
2021-06-15,425.4200,425.4600,423.5400,424.4800,395.4384
2021-06-16,424.6300,424.8700,419.9200,422.1100,393.2304
2021-06-17,421.6700,423.0200,419.3200,421.9700,393.1001
2021-06-18,417.0900,417.8300,414.7000,414.9200,387.7970
2021-06-21,416.8000,421.0600,415.9300,420.8600,393.3487
2021-06-22,420.8500,424.0000,420.0800,423.1100,395.4516
2021-06-23,423.1900,424.0500,422.5100,422.6000,394.9750
2021-06-24,424.8900,425.5500,424.6200,425.1000,397.3116
2021-06-25,425.9000,427.0900,425.5500,426.6100,398.7228
2021-06-28,427.1700,427.6500,425.8900,427.4700,399.5266
2021-06-29,427.8800,428.5600,427.1300,427.7000,399.7415
2021-06-30,427.2100,428.7800,427.1800,428.0600,400.0781
2021-07-01,428.8700,430.6000,428.8000,430.4300,402.2931
2021-07-02,431.6700,434.1000,430.5200,433.7200,405.3680
2021-07-06,433.7800,434.0100,430.0100,432.9300,404.6297
2021-07-07,433.6600,434.7600,431.5100,434.4600,406.0597
2021-07-08,428.7800,431.7300,427.5200,430.9200,402.7512
2021-07-09,432.5300,435.8400,430.7100,435.5200,407.0504
2021-07-12,435.4300,437.3500,434.9700,437.0800,408.5084
2021-07-13,436.2400,437.8400,435.3100,435.5900,407.1158
2021-07-14,437.4000,437.9200,434.9100,436.2400,407.7234
2021-07-15,434.8100,435.5300,432.7200,434.7500,406.3307
2021-07-16,436.0100,436.0600,430.9200,431.3400,403.1436
2021-07-19,426.1900,431.4100,421.9700,424.9700,397.1900
2021-07-20,425.6800,432.4200,424.8300,431.0600,402.8819
2021-07-21,432.3400,434.7000,431.0100,434.5500,406.1438
2021-07-22,434.7400,435.7200,433.6900,435.4600,406.9943
2021-07-23,437.5200,440.3000,436.7900,439.9400,411.1814
2021-07-26,439.3100,441.0300,439.2600,441.0200,412.1908
2021-07-27,439.9100,439.9400,435.9900,439.0100,410.3123
2021-07-28,439.6800,440.3000,437.3100,438.8300,410.1440
2021-07-29,439.8200,441.8000,439.8100,440.6500,411.8452
2021-07-30,437.9100,440.0600,437.7700,438.5100,409.8449
2021-08-02,440.3400,440.9300,437.2100,437.5900,408.9851
2021-08-03,438.4400,441.2800,436.1000,441.1500,412.3123
2021-08-04,439.7800,441.1200,438.7300,438.9800,410.2842
2021-08-05,440.2200,441.8500,439.8800,441.7600,412.8825
2021-08-06,442.1000,442.9400,441.8000,442.4900,413.5648
2021-08-09,442.4600,442.8000,441.3100,442.1300,413.2283
2021-08-10,442.6100,443.4400,441.8800,442.6800,413.7423
2021-08-11,443.8200,443.8800,442.6200,443.7800,414.7704
2021-08-12,443.6200,445.2600,442.6600,445.1100,416.0135
2021-08-13,445.5900,445.9400,445.0700,445.9200,416.7706
2021-08-16,444.5300,447.1100,442.8700,446.9700,417.7519
2021-08-17,444.2400,444.9600,440.8500,444.0400,415.0134
2021-08-18,442.9600,444.6300,438.9200,439.1800,410.4712
2021-08-19,436.2700,441.1400,436.1200,439.8600,411.1066
2021-08-20,440.2300,443.7100,439.7100,443.3600,414.3779
2021-08-23,445.1600,448.2300,443.4400,447.2600,418.0229
2021-08-24,447.9700,448.5400,447.4200,447.9700,418.6866
2021-08-25,448.1700,449.4600,447.7700,448.9100,419.5651
2021-08-26,448.6100,448.8600,446.1600,446.2600,417.0883
2021-08-27,447.1200,450.6500,447.0600,450.2500,420.8176
2021-08-30,450.9700,453.0700,450.7100,452.2300,422.6680
2021-08-31,452.1300,452.4900,450.9200,451.5600,422.0418
2021-09-01,452.5600,453.1100,451.5500,451.8000,422.2662
2021-09-02,453.3200,454.0500,451.9100,453.1900,423.5653
2021-09-03,451.9800,453.6300,451.5500,453.0800,423.4624
2021-09-07,452.7100,452.8100,450.7400,451.4600,421.9484
2021-09-08,450.8900,451.6700,448.8600,450.9100,421.4344
2021-09-09,450.7000,452.5700,448.7200,448.9800,419.6305
2021-09-10,451.0400,451.4900,445.3100,445.4400,416.3219
2021-09-13,448.6400,448.9200,444.1100,446.5800,417.3874
2021-09-14,448.1200,448.3400,443.2200,444.1700,415.1350
2021-09-15,444.6200,448.4100,443.4400,447.8800,418.6024
2021-09-16,447.3200,448.3600,444.0200,447.1700,417.9389
2021-09-17,444.9200,445.3700,441.0200,441.4000,413.8677
2021-09-20,434.8800,436.5600,428.8600,434.0400,406.9668
2021-09-21,436.5300,437.9100,433.0700,433.6300,406.5823
2021-09-22,436.0500,440.0300,433.7500,437.8600,410.5485
2021-09-23,439.8500,444.8900,439.6000,443.1800,415.5367
2021-09-24,441.4400,444.6700,441.2100,443.9100,416.2211
2021-09-27,442.8100,444.0500,441.9000,442.6400,415.0304
2021-09-28,439.6900,440.0400,432.9400,433.7200,406.6667
2021-09-29,435.1900,437.0400,433.8500,434.4500,407.3512
2021-09-30,436.0200,436.7700,428.7800,429.1400,402.3723
2021-10-01,430.9800,436.0300,427.2300,434.2400,407.1543
2021-10-04,433.0000,433.9600,426.3600,428.6400,401.9036
2021-10-05,430.2400,435.4900,429.3900,433.1000,406.0854
2021-10-06,429.2700,435.1200,427.5400,434.9000,407.7731
2021-10-07,438.3900,441.6800,438.2000,438.6600,411.2986
2021-10-08,439.4800,439.8900,437.1900,437.8600,410.5485
2021-10-11,437.1600,440.2600,434.6200,434.6900,407.5762
2021-10-12,435.6700,436.1000,432.7800,433.6200,406.5729
2021-10-13,434.7100,436.0500,431.5400,435.1800,408.0357
2021-10-14,439.0800,442.6600,438.5800,442.5000,414.8990
2021-10-15,444.7500,446.2600,444.0900,445.8700,418.0588
2021-10-18,443.9700,447.5500,443.2700,447.1900,419.2965
2021-10-19,448.9200,450.7100,448.2700,450.6400,422.5313
2021-10-20,451.1300,452.7300,451.0100,452.4100,424.1909
2021-10-21,451.7700,453.8300,451.3100,453.5900,425.2973
2021-10-22,453.1300,454.6700,451.0500,453.1200,424.8566
2021-10-25,454.2800,455.9000,452.3900,455.5500,427.1350
2021-10-26,457.2000,458.4900,455.5600,455.9600,427.5194
2021-10-27,456.4500,457.1600,453.8600,453.9400,425.6255
2021-10-28,455.4600,458.4000,455.4500,458.3200,429.7322
2021-10-29,455.8700,459.5600,455.5600,459.2500,430.6044
2021-11-01,460.3000,460.7000,458.2000,460.0400,431.3451
2021-11-02,460.2200,462.2300,460.0800,461.9000,433.0889
2021-11-03,461.3000,465.1500,460.8300,464.7200,435.7331
2021-11-04,465.3600,467.0000,464.9900,466.9100,437.7865
2021-11-05,469.2800,470.6500,466.9200,468.5300,439.3055
2021-11-08,469.7000,470.2300,468.2000,468.9300,439.6805
2021-11-09,469.3200,469.5700,465.8800,467.3800,438.2272
2021-11-10,465.5800,467.3800,462.0400,463.6200,434.7016
2021-11-11,465.2100,465.2900,463.7500,463.7700,434.8424
2021-11-12,465.1200,467.8600,464.1100,467.2700,438.1241
2021-11-15,468.6400,468.8100,466.2300,467.4300,438.2740
2021-11-16,467.1500,470.4900,467.0700,469.2800,440.0086
2021-11-17,469.0000,469.1900,467.4800,468.1400,438.9398
2021-11-18,469.2400,470.0100,466.3400,469.7300,440.4305
2021-11-19,469.6100,470.9400,468.5000,468.8900,439.6430
2021-11-22,470.8900,473.5400,467.3500,467.5700,438.4053
2021-11-23,467.2200,469.1000,464.4500,468.1900,438.9866
2021-11-24,466.0600,469.5700,465.1900,469.4400,440.1587
2021-11-26,462.3400,463.9000,457.7700,458.9700,430.3417
2021-11-29,464.0700,466.5600,461.7300,464.6000,435.6206
2021-11-30,462.0000,464.0300,455.3000,455.5600,427.1445
2021-12-01,461.6400,464.6700,450.2900,450.5000,422.4000
2021-12-02,450.7300,459.0700,450.3100,457.4000,428.8697
2021-12-03,459.1700,460.3000,448.9200,453.4200,425.1379
2021-12-06,456.1300,460.7900,453.5600,458.7900,430.1730
2021-12-07,464.4100,468.8800,458.6500,468.2800,439.0711
2021-12-08,468.7000,470.0000,466.8300,469.5200,440.2336
2021-12-09,468.1500,469.6300,466.1400,466.3500,437.2614
2021-12-10,469.2300,470.9000,466.5100,470.7400,441.3776
2021-12-13,470.1900,470.5600,466.2700,466.5700,437.4677
2021-12-14,463.0900,465.7400,460.2500,463.3600,434.4579
2021-12-15,463.4200,470.8600,460.7400,470.6000,441.2463
2021-12-16,472.5700,472.8700,464.8000,466.4500,437.3552
2021-12-17,461.5500,464.7400,458.0600,459.8700,432.7004
2021-12-20,454.4800,455.4000,451.1400,454.9800,428.0994
2021-12-21,458.6100,463.2100,456.3100,463.0600,435.7020
2021-12-22,462.7900,467.8100,462.5800,467.6900,440.0585
2021-12-23,468.7500,472.1900,468.6400,470.6000,442.7965
2021-12-27,472.0600,477.3100,472.0100,477.2600,449.0631
2021-12-28,477.7200,478.8100,476.0600,476.8700,448.6961
2021-12-29,476.9800,478.5600,475.9200,477.4800,449.2701
2021-12-30,477.9300,479.0000,475.6700,476.1600,448.0281
2021-12-31,475.6400,476.8600,474.6700,474.9600,446.8989
2022-01-03,476.3000,477.8500,473.8500,477.7100,449.4865
2022-01-04,479.2200,479.9800,475.5800,477.5500,449.3359
2022-01-05,477.1600,477.9800,468.2800,468.3800,440.7077
2022-01-06,467.8900,470.8200,465.4300,467.9400,440.2937
2022-01-07,467.9500,469.2000,464.6500,466.0900,438.5530
2022-01-10,462.7000,465.7400,456.6000,465.5100,438.0073
2022-01-11,465.2300,469.8500,462.0500,469.7500,441.9967
2022-01-12,471.5900,473.2000,468.9400,471.0200,443.1917
2022-01-13,472.1900,472.8800,463.4400,464.5300,437.0851
2022-01-14,461.1900,465.0900,459.9000,464.7200,437.2639
2022-01-18,459.7400,459.9600,455.3100,456.4900,429.5201
2022-01-19,458.1300,459.6100,451.4600,451.7500,425.0602
2022-01-20,453.7500,458.7400,444.5000,446.7500,420.3556
2022-01-21,445.5600,448.0600,437.9500,437.9800,412.1038
2022-01-24,432.0300,440.3800,420.7600,439.8400,413.8538
2022-01-25,433.0600,439.7200,427.1500,434.4700,408.8011
2022-01-26,440.7200,444.0400,428.8600,433.3800,407.7755
2022-01-27,438.2600,441.5900,429.4500,431.2400,405.7619
2022-01-28,432.6800,442.0000,427.8200,441.9500,415.8392
2022-01-31,441.2400,450.2800,439.8100,449.9100,423.3289
2022-02-01,450.6800,453.6300,446.9400,452.9500,426.1893
2022-02-02,455.5000,458.1200,453.0500,457.3500,430.3294
2022-02-03,450.9500,452.9700,445.7100,446.6000,420.2145
2022-02-04,446.3500,452.7800,443.8300,448.7000,422.1904
2022-02-07,449.5100,450.9900,445.8500,447.2600,420.8355
2022-02-08,446.7300,451.9200,445.2200,450.9400,424.2981
2022-02-09,455.2200,457.8800,455.0100,457.5400,430.5081
2022-02-10,451.3400,457.7100,447.2000,449.3200,422.7737
2022-02-11,449.4100,451.6100,438.9400,440.4600,414.4372
2022-02-14,439.9200,441.6000,435.3400,439.0200,413.0823
2022-02-15,443.7300,446.2800,443.1800,446.1000,419.7440
2022-02-16,443.9300,448.0600,441.9400,446.6000,420.2145
2022-02-17,443.2200,446.5700,436.4200,437.0600,411.2381
2022-02-18,437.3300,438.6600,431.8200,434.2300,408.5753
2022-02-22,431.8900,435.5000,425.8600,429.5700,404.1906
2022-02-23,432.6600,433.2600,421.3500,421.9500,397.0208
2022-02-24,411.0200,428.7600,410.6400,428.3000,402.9956
2022-02-25,429.6100,437.8400,427.8600,437.7500,411.8873
2022-02-28,432.0300,438.2000,430.7000,436.6300,410.8335
2022-03-01,435.0400,437.1700,427.1100,429.9800,404.5764
2022-03-02,432.3700,439.7200,431.5700,437.8900,412.0191
2022-03-03,440.4700,441.1100,433.8000,435.7100,409.9679
2022-03-04,431.7500,433.3700,427.8800,432.1700,406.6370
2022-03-07,431.5500,432.3000,419.3600,419.4300,394.6497
2022-03-08,419.6200,427.2100,415.1200,416.2500,391.6576
2022-03-09,425.1400,429.5100,422.8200,427.4100,402.1583
2022-03-10,422.5200,426.4300,420.4400,425.4800,400.3422
2022-03-11,428.1200,428.7700,419.5300,420.0700,395.2520
2022-03-14,420.8900,424.5500,415.7900,417.0000,392.3633
2022-03-15,419.7700,426.8400,418.4200,426.1700,400.9915
2022-03-16,429.8900,435.6800,424.8000,435.6200,409.8831
2022-03-17,433.5900,441.0700,433.1900,441.0700,415.0112
2022-03-18,438.0000,444.8600,437.2200,444.5200,419.5567
2022-03-21,444.3400,446.4600,440.6800,444.3900,419.4340
2022-03-22,445.8600,450.5800,445.8600,449.5900,424.3420
2022-03-23,446.9100,448.4900,443.7100,443.8000,418.8771
2022-03-24,445.9400,450.5000,444.7600,450.4900,425.1915
2022-03-25,451.1600,452.9800,448.4300,452.6900,427.2678
2022-03-28,452.0600,455.9100,450.0600,455.9100,430.3071
2022-03-29,460.0200,462.0700,457.1800,461.5500,435.6303
2022-03-30,460.3400,461.2000,456.4700,458.7000,432.9404
2022-03-31,457.8900,458.7600,451.1600,451.6400,426.2769
2022-04-01,453.3100,453.4600,449.1400,452.9200,427.4850
2022-04-04,453.1300,456.9100,452.2600,456.8000,431.1472
2022-04-05,455.2200,457.8300,449.8200,451.0300,425.7011
2022-04-06,446.8900,448.9300,443.4700,446.5200,421.4444
2022-04-07,445.5900,450.6900,443.5300,448.7700,423.5680
2022-04-08,447.9700,450.6300,445.9400,447.5700,422.4355
2022-04-11,444.1100,445.0000,439.3900,439.9200,415.2151
2022-04-12,443.0800,445.7500,436.6500,438.2900,413.6766
2022-04-13,438.0300,444.1100,437.8400,443.3100,418.4147
2022-04-14,443.5500,444.7300,437.6800,437.7900,413.2046
2022-04-18,436.8100,439.7500,435.6100,437.9700,413.3746
2022-04-19,437.8600,445.8000,437.6800,445.0400,420.0475
2022-04-20,446.9200,447.5700,443.4800,444.7100,419.7360
2022-04-21,448.5400,450.0100,437.1000,438.0600,413.4595
2022-04-22,436.9100,438.0800,425.4400,426.0400,402.1146
2022-04-25,423.6700,428.6900,418.8400,428.5100,404.4459
2022-04-26,425.8300,426.0400,416.0700,416.1000,392.7327
2022-04-27,417.2400,422.9200,415.0100,417.2700,393.8370
2022-04-28,422.2900,429.6400,417.6000,427.8100,403.7851
2022-04-29,423.5900,425.8700,411.2100,412.0000,388.8630
2022-05-02,412.0700,415.9200,405.0200,414.4800,391.2037
2022-05-03,415.0100,418.9300,413.3600,416.3800,392.9970
2022-05-04,417.0800,429.6600,413.7100,429.0600,404.9649
2022-05-05,424.5500,425.0000,409.4400,413.8100,390.5714
2022-05-06,411.1000,414.8000,405.7300,411.3400,388.2401
2022-05-09,405.1000,406.4100,396.5000,398.1700,375.8096
2022-05-10,404.4900,406.0800,394.8200,399.0900,376.6779
2022-05-11,398.0700,404.0400,391.9600,392.7500,370.6940
2022-05-12,389.3700,395.8000,385.1500,392.3400,370.3071
2022-05-13,396.7100,403.1800,395.6100,401.7200,379.1602
2022-05-16,399.9800,403.9700,397.6000,400.0900,377.6218
2022-05-17,406.5300,408.5700,402.5800,408.3200,385.3896
2022-05-18,403.5000,403.8000,390.5500,391.8600,369.8539
2022-05-19,388.6200,394.1400,387.1100,389.4600,367.5888
2022-05-20,393.2500,397.0300,380.5400,389.6300,367.7492
2022-05-23,392.8300,397.7300,390.3800,396.9200,374.6299
2022-05-24,392.5600,395.1500,386.9600,393.8900,371.7700
2022-05-25,392.3100,399.4500,391.8900,397.3700,375.0546
2022-05-26,398.6700,407.0400,398.4500,405.3100,382.5486
2022-05-27,407.9100,415.3800,407.7000,415.2600,391.9399
2022-05-31,413.5500,416.4600,410.0300,412.9300,389.7408
2022-06-01,415.1700,416.2400,406.9300,409.5900,386.5883
2022-06-02,409.4200,417.4400,407.0400,417.3900,393.9504
2022-06-03,412.4000,414.0400,409.5100,410.5400,387.4850
2022-06-06,414.7800,416.6100,410.5500,411.7900,388.6647
2022-06-07,408.1000,416.2200,407.6100,415.7400,392.3929
2022-06-08,413.9300,415.8200,410.3800,411.2200,388.1267
2022-06-09,409.3400,411.7400,401.4400,401.4400,378.8960
2022-06-10,394.8800,395.7800,389.7500,389.8000,367.9097
2022-06-13,379.8500,381.8100,373.3000,375.0000,353.9408
2022-06-14,376.8500,377.9400,370.5900,373.8700,352.8743
2022-06-15,377.3600,383.9000,372.1200,379.2000,357.9050
2022-06-16,370.5100,370.9400,364.0800,366.6500,346.0597
2022-06-17,365.5100,369.3800,362.1700,365.8600,346.8057
2022-06-21,371.8900,376.5300,371.8100,375.0700,355.5361
2022-06-22,370.6200,378.7200,370.1800,374.3900,354.8915
2022-06-23,376.6400,378.8300,372.8900,378.0600,358.3704
2022-06-24,381.4000,390.0900,381.3700,390.0800,369.7643
2022-06-27,391.0500,391.3600,387.4400,388.5900,368.3519
2022-06-28,390.2300,393.1600,380.5300,380.6500,360.8255
2022-06-29,381.2300,382.2700,378.4200,380.3400,360.5316
2022-06-30,376.2400,380.6600,372.5600,377.2500,357.6025
2022-07-01,376.5600,381.7000,373.8000,381.2400,361.3848
2022-07-05,375.8800,381.9800,372.9000,381.9600,362.0672
2022-07-06,382.1100,385.8700,379.6000,383.2500,363.2900
2022-07-07,385.1200,389.8300,383.2700,388.9900,368.7311
2022-07-08,387.2700,390.6400,385.6600,388.6700,368.4278
2022-07-11,385.8500,386.8700,383.5000,384.2300,364.2190
2022-07-12,383.6500,386.1600,378.9900,380.8300,360.9960
2022-07-13,375.1000,381.9200,374.6600,378.8300,359.1002
2022-07-14,373.6100,379.0500,371.0400,377.9100,358.2281
2022-07-15,382.5500,385.2500,380.5400,385.1300,365.0721
2022-07-18,388.3800,389.0900,380.6600,381.9500,362.0577
2022-07-19,386.0800,392.8700,385.3900,392.2700,371.8403
2022-07-20,392.4700,396.2600,391.0300,394.7700,374.2101
2022-07-21,394.1600,398.8400,391.6300,398.7900,378.0208
2022-07-22,398.9200,400.1800,392.7500,395.0900,374.5134
2022-07-25,395.7500,396.4700,393.2100,395.5700,374.9685
2022-07-26,393.8400,394.0600,389.9500,390.8900,370.5322
2022-07-27,394.3600,402.8800,394.0500,401.0400,380.1536
2022-07-28,401.8900,406.8000,398.1500,406.0700,384.9216
2022-07-29,407.5800,413.0300,406.7700,411.9900,390.5333
2022-08-01,409.1500,413.4100,408.4000,410.7700,389.3768
2022-08-02,409.1200,413.0000,406.8200,408.0600,386.8079
2022-08-03,410.3000,415.6800,410.0000,414.4500,392.8652
2022-08-04,414.3700,415.0900,412.4400,414.1700,392.5997
2022-08-05,409.6600,414.1500,409.6000,413.4700,391.9362
2022-08-08,415.2500,417.6200,411.8300,412.9900,391.4811
2022-08-09,412.2200,412.7500,410.2200,411.3500,389.9266
2022-08-10,418.7800,420.1400,416.7200,419.9900,398.1166
2022-08-11,422.9900,424.9500,419.2100,419.9900,398.1166
2022-08-12,422.0300,427.2100,421.0300,427.1000,404.8563
2022-08-15,424.7700,429.4100,424.7100,428.8600,406.5247
2022-08-16,427.7300,431.7300,426.8800,429.7000,407.3209
2022-08-17,425.9100,429.5000,424.5400,426.6500,404.4297
2022-08-18,426.8600,428.6100,425.5000,427.8900,405.6053
2022-08-19,424.9800,425.2600,421.2200,422.1400,400.1546
2022-08-22,417.0500,417.2300,412.4000,413.3500,391.8224
2022-08-23,412.9000,415.4200,411.7700,412.3500,390.8745
2022-08-24,412.1100,415.1100,411.3900,413.6700,392.1258
2022-08-25,415.2400,419.5600,414.0900,419.5100,397.6617
2022-08-26,419.3900,419.9600,405.2500,405.3100,384.2011
2022-08-29,402.2000,405.8400,401.2000,402.6300,381.6607
2022-08-30,403.8500,404.1000,396.0000,398.2100,377.4709
2022-08-31,399.9300,401.2400,395.0400,395.1800,374.5988
2022-09-01,392.8900,396.7800,390.0400,396.4200,375.7742
2022-09-02,400.2800,401.5600,390.3300,392.2400,371.8119
2022-09-06,393.1300,394.1200,388.4200,390.7600,370.4089
2022-09-07,390.4300,398.5900,390.2000,397.7800,377.0634
2022-09-08,395.3900,400.8600,394.1200,400.3800,379.5279
2022-09-09,402.7400,407.5100,402.4600,406.6000,385.4240
2022-09-12,408.7800,411.7300,408.4600,410.9700,389.5664
2022-09-13,401.8300,403.1000,391.9200,393.1000,372.6271
2022-09-14,394.4700,396.2000,391.1200,394.6000,374.0490
2022-09-15,392.9600,395.9600,388.7800,390.1200,369.8023
2022-09-16,384.1400,386.2500,382.1100,385.5600,366.9810
2022-09-19,382.2600,388.5500,382.1800,388.5500,369.8270
2022-09-20,385.0600,386.1200,381.2000,384.0900,365.5819
2022-09-21,386.1100,389.3100,377.3800,377.3900,359.2048
2022-09-22,376.5800,378.3000,373.4400,374.2200,356.1875
2022-09-23,370.5800,370.6200,363.2900,367.9500,350.2196
2022-09-26,366.4100,370.2100,363.0300,364.3100,346.7550
2022-09-27,368.0200,370.4000,360.8700,363.3800,345.8699
2022-09-28,364.3800,372.3000,362.6000,370.5300,352.6753
2022-09-29,366.8100,367.1100,359.7000,362.7900,345.3083
2022-09-30,361.8000,365.9100,357.0400,357.1800,339.9687
2022-10-03,361.0800,368.5500,359.2100,366.6100,348.9442
2022-10-04,372.4000,378.0000,366.5700,377.9700,359.7568
2022-10-05,373.3900,379.4600,370.9500,377.0900,358.9193
2022-10-06,375.6200,378.7200,372.6800,373.2000,355.2167
2022-10-07,368.9700,373.2900,360.9400,362.7900,345.3083
2022-10-10,363.9600,364.2100,357.6700,360.0200,342.6718
2022-10-11,358.2400,363.0300,355.7100,357.7400,340.5017
2022-10-12,358.1700,359.8200,356.3000,356.5600,339.3786
2022-10-13,349.2100,367.5100,348.1100,365.9700,348.3350
2022-10-14,368.5500,370.2600,356.9600,357.6300,340.3969
2022-10-17,364.0100,367.9800,357.2800,366.8200,349.1441
2022-10-18,375.1300,375.4500,367.5200,371.1300,353.2465
2022-10-19,368.9900,371.8500,365.5500,368.5000,350.7432
2022-10-20,368.0300,372.6700,364.6100,365.4100,347.8021
2022-10-21,365.1200,374.8000,363.5400,374.2900,356.2542
2022-10-24,375.8900,380.0600,373.1100,378.8700,360.6135
2022-10-25,378.7900,385.2500,378.6700,384.9200,366.3719
2022-10-26,381.6200,387.5800,381.3500,382.0200,363.6117
2022-10-27,383.0700,385.0000,379.3300,379.9800,361.6700
2022-10-28,379.8700,389.5200,379.6800,389.0200,370.2744
2022-10-31,386.4400,388.4000,385.2600,386.2100,367.5997
2022-11-01,390.1400,390.3900,383.2900,384.5200,365.9912
2022-11-02,383.9000,388.6300,374.7600,374.8700,356.8062
2022-11-03,371.4700,374.2000,368.7900,371.0100,353.1323
2022-11-04,377.0000,378.8700,370.0000,376.3500,358.2148
2022-11-07,377.7100,380.5700,375.5300,379.9500,361.6414
2022-11-08,381.1100,385.1200,377.7200,382.0000,363.5927
2022-11-09,379.9300,381.1400,373.6100,374.1300,356.1019
2022-11-10,388.0500,395.0400,385.6400,394.6900,375.6711
2022-11-11,395.5900,399.3500,393.6100,398.5100,379.3071
2022-11-14,396.6600,400.1800,394.8300,395.1200,376.0804
2022-11-15,401.1500,402.3100,394.4900,398.4900,379.2880
2022-11-16,396.7800,397.7800,394.7900,395.4500,376.3945
2022-11-17,390.4600,394.9500,390.1400,394.2400,375.2428
2022-11-18,397.7400,397.8100,393.0400,396.0300,376.9466
2022-11-21,394.6400,395.8200,392.6600,394.5900,375.5760
2022-11-22,396.6300,400.0700,395.1500,399.9000,380.6301
2022-11-23,399.5500,402.9300,399.3100,402.4200,383.0286
2022-11-25,401.8300,402.9100,401.5400,402.3300,382.9430
2022-11-28,399.0900,400.8100,395.1100,395.9100,376.8323
2022-11-29,396.0500,397.3000,393.3000,395.2300,376.1852
2022-11-30,395.4900,407.6800,393.4800,407.6800,388.0352
2022-12-01,408.7700,410.0000,404.7500,407.3800,387.7496
2022-12-02,402.2500,407.8600,402.1400,406.9100,387.3023
2022-12-05,403.9500,404.9300,398.1700,399.5900,380.3350
2022-12-06,399.4200,399.9900,391.6400,393.8300,374.8526
2022-12-07,392.9400,395.6400,391.9700,393.1600,374.2149
2022-12-08,395.1400,397.3600,393.2700,396.2400,377.1465
2022-12-09,394.9400,397.6200,393.1500,393.2800,374.3291
2022-12-12,394.1100,398.9500,393.4100,398.9500,379.7259
2022-12-13,410.2200,410.4900,399.0700,401.9700,382.6003
2022-12-14,401.6100,405.5000,396.3100,399.4000,380.1542
2022-12-15,394.3000,395.2500,387.8900,389.6300,370.8549
2022-12-16,385.1800,386.5800,381.0400,383.2700,366.4766
2022-12-19,383.4700,383.8200,378.2800,380.0200,363.3690
2022-12-20,379.2300,382.2300,377.8500,380.5400,363.8662
2022-12-21,383.2500,387.4100,382.6900,386.2300,369.3069
2022-12-22,383.0500,386.2100,374.7700,380.7200,364.0384
2022-12-23,379.6500,383.0600,378.0300,382.9100,366.1324
2022-12-27,382.7900,383.1500,379.6500,381.4000,364.6886
2022-12-28,381.3300,383.3900,376.4200,376.6600,360.1562
2022-12-29,379.6300,384.3500,379.0800,383.4400,366.6392
2022-12-30,380.6400,382.5800,378.4300,382.4300,365.6734
2023-01-03,384.3700,386.4300,377.8300,380.8200,364.1339
2023-01-04,383.1800,385.8800,380.0000,383.7600,366.9451
2023-01-05,381.7200,381.8400,378.7600,379.3800,362.7570
2023-01-06,382.6100,389.2500,379.4100,388.0800,371.0759
2023-01-09,390.3700,393.7000,387.6700,387.8600,370.8655
2023-01-10,387.2500,390.6500,386.2700,390.5800,373.4663
2023-01-11,392.2300,395.6000,391.3800,395.5200,378.1898
2023-01-12,396.6700,398.4900,392.4200,396.9600,379.5667
2023-01-13,393.6200,399.1000,393.3400,398.5000,381.0393
2023-01-17,398.4800,400.2300,397.0600,397.7700,380.3413
2023-01-18,399.0100,400.1200,391.2800,391.4900,374.3365
2023-01-19,389.3600,391.0800,387.2600,388.6400,371.6113
2023-01-20,390.1000,396.0400,388.3800,395.8800,378.5341
2023-01-23,396.7200,402.6500,395.7200,400.6300,383.0760
2023-01-24,398.8800,401.1500,397.6400,400.2000,382.6648
2023-01-25,395.9500,400.7000,393.5600,400.3500,382.8083
2023-01-26,403.1300,404.9200,400.0300,404.7500,387.0154
2023-01-27,403.6600,408.1600,403.4400,405.6800,387.9047
2023-01-30,402.8000,405.1300,400.2800,400.5900,383.0377
2023-01-31,401.1300,406.5300,400.7700,406.4800,388.6697
2023-02-01,405.2100,413.6700,402.3500,410.8000,392.8004
2023-02-02,414.8600,418.3100,412.8800,416.7800,398.5184
2023-02-03,411.5900,416.9700,411.0900,412.3500,394.2824
2023-02-06,409.7900,411.2900,408.1000,409.8300,391.8728
2023-02-07,408.8700,416.4900,407.5700,415.1900,396.9980
2023-02-08,413.1300,414.5300,409.9300,410.6500,392.6570
2023-02-09,414.4100,414.5700,405.8100,407.0900,389.2529
2023-02-10,405.8600,408.4400,405.0100,408.0400,390.1612
2023-02-13,408.7200,412.9700,408.2400,412.8300,394.7414
2023-02-14,411.2400,415.0500,408.5100,412.6400,394.5598
2023-02-15,410.3500,414.0600,409.4700,413.9800,395.8410
2023-02-16,408.7900,412.9100,408.1400,408.2800,390.3907
2023-02-17,406.0600,407.5100,404.0500,407.2600,389.4155
2023-02-21,403.0600,404.1600,398.8200,399.0900,381.6034
2023-02-22,399.5200,401.1300,397.0200,398.5400,381.0776
2023-02-23,401.5600,402.2000,396.2500,400.6600,383.1047
2023-02-24,395.4200,397.2500,393.6400,396.3800,379.0122
2023-02-27,399.8700,401.2900,396.7500,397.7300,380.3030
2023-02-28,397.2300,399.2800,396.1500,396.2600,378.8975
2023-03-01,395.4100,396.6900,393.3800,394.7400,377.4441
2023-03-02,392.6800,398.6900,392.3300,397.8100,380.3795
2023-03-03,399.7100,404.4500,399.0300,404.1900,386.4800
2023-03-06,405.0500,407.4500,404.0100,404.4700,386.7477
2023-03-07,404.4200,404.6700,397.6300,398.2700,380.8193
2023-03-08,398.3900,399.7100,396.5900,398.9200,381.4409
2023-03-09,399.7400,401.4800,390.5300,391.5600,374.4034
2023-03-10,390.9900,393.1600,384.3200,385.9100,369.0010
2023-03-13,381.8100,390.3900,380.6500,385.3600,368.4750
2023-03-14,390.5000,393.4500,387.0500,391.7300,374.5659
2023-03-15,385.8900,389.4900,383.7100,389.2800,372.2233
2023-03-16,386.8200,396.4700,386.2900,396.1100,378.7540
2023-03-17,393.2200,394.4000,388.5500,389.9900,374.3254
2023-03-20,390.8000,394.1700,390.0700,393.7400,377.9247
2023-03-21,397.2400,399.4100,395.5800,398.9100,382.8871
2023-03-22,398.7300,402.4900,392.0700,392.1100,376.3602
2023-03-23,395.0900,399.2900,390.3500,393.1700,377.3776
2023-03-24,391.8400,395.8400,389.4000,395.7500,379.8540
2023-03-27,398.1200,398.9200,395.5600,396.4900,380.5642
2023-03-28,395.7700,396.4900,393.6900,395.6000,379.7101
2023-03-29,399.9300,401.6000,398.6800,401.3500,385.2290
2023-03-30,404.0900,404.3500,401.7600,403.7000,387.4847
2023-03-31,404.6600,409.7000,404.5500,409.3900,392.9462
2023-04-03,408.8500,411.3700,408.4400,410.9500,394.4435
2023-04-04,411.6200,411.9200,407.2400,408.6700,392.2551
2023-04-05,407.9100,408.7000,405.8800,407.6000,391.2281
2023-04-06,406.7700,409.4800,405.6800,409.1900,392.7542
2023-04-10,406.6100,409.6900,405.9700,409.6100,393.1573
2023-04-11,410.2600,411.1800,408.9200,409.7200,393.2629
2023-04-12,411.8700,412.1700,407.4400,408.0500,391.6599
2023-04-13,409.1800,413.8400,407.9900,413.4700,396.8622
2023-04-14,412.8100,415.0900,410.0600,412.4600,395.8928
2023-04-17,412.3700,413.9600,411.0900,413.9400,397.3134
2023-04-18,415.5800,415.7200,412.7800,414.2100,397.5725
2023-04-19,412.2200,415.0800,412.1600,414.1400,397.5053
2023-04-20,411.2100,413.7000,410.2700,411.8800,395.3361
2023-04-21,412.1900,412.6800,410.1700,412.2000,395.6433
2023-04-24,411.9900,413.0700,410.6000,412.6300,396.0560
2023-04-25,410.5800,411.1600,406.0200,406.0800,389.7690
2023-04-26,406.7200,407.8400,403.7800,404.3600,388.1182
2023-04-27,407.0000,412.6900,406.7400,412.4100,395.8448
2023-04-28,411.4900,415.9400,411.4300,415.9300,399.2235
2023-05-01,415.4700,417.6200,415.2700,415.5100,398.8203
2023-05-02,414.7700,414.8200,407.8200,410.8400,394.3379
2023-05-03,411.3600,413.8700,407.7700,408.0200,391.6311
2023-05-04,406.9300,407.2700,403.7400,405.1300,388.8572
2023-05-05,408.9100,413.7200,408.6400,412.6300,396.0560
2023-05-08,412.9700,413.2400,411.2800,412.7400,396.1615
2023-05-09,411.1300,412.0900,410.6900,410.9300,394.4242
2023-05-10,413.8800,414.5400,408.8700,412.8500,396.2672
2023-05-11,411.9500,412.4300,409.9700,412.1300,395.5761
2023-05-12,413.4200,413.6400,409.0700,411.5900,395.0577
2023-05-15,412.2200,413.4300,410.2300,413.0100,396.4207
2023-05-16,411.8600,412.8200,410.2400,410.2500,393.7715
2023-05-17,412.3500,415.8600,410.6400,415.2300,398.5516
2023-05-18,414.9000,419.6700,414.6700,419.2300,402.3909
2023-05-19,420.1700,420.7200,417.3500,418.6200,401.8053
2023-05-22,418.6400,420.3900,417.3500,418.7900,401.9685
2023-05-23,417.0800,418.7200,413.6800,414.0900,397.4573
2023-05-24,412.4200,412.8200,409.8800,411.0900,394.5779
2023-05-25,414.7400,416.1600,412.4100,414.6500,397.9948
2023-05-26,415.3300,420.7700,415.2500,420.0200,403.1491
2023-05-30,422.0300,422.5800,418.7400,420.1800,403.3027
2023-05-31,418.2800,419.2200,416.2200,417.8500,401.0663
2023-06-01,418.0900,422.9200,416.7900,421.8200,404.8768
2023-06-02,424.5000,428.7400,423.9500,427.9200,410.7318
2023-06-05,428.2800,429.6200,426.3700,427.1000,409.9448
2023-06-06,426.6700,428.5800,425.9900,428.0300,410.8374
2023-06-07,428.4400,429.6200,426.1100,426.5500,409.4168
2023-06-08,426.6200,429.6000,425.8200,429.1300,411.8932
2023-06-09,429.9600,431.9900,428.8700,429.9000,412.6323
2023-06-12,430.9200,433.8800,430.1700,433.8000,416.3757
2023-06-13,435.3200,437.3300,434.6300,436.6600,419.1208
2023-06-14,437.0100,439.0600,433.5900,437.1800,419.6198
2023-06-15,436.3300,443.9000,436.2300,442.6000,424.8222
2023-06-16,443.0200,443.6100,438.9700,439.4600,423.3751
2023-06-20,437.4500,438.3700,435.0300,437.1800,421.1786
2023-06-21,436.1600,436.9900,434.3300,434.9400,419.0206
2023-06-22,433.9500,436.6200,433.6000,436.5100,420.5331
2023-06-23,432.9300,435.0600,432.4700,433.2100,417.3539
2023-06-26,432.6200,434.6100,431.1900,431.4400,415.6487
2023-06-27,432.3500,436.8100,431.8800,436.1700,420.2056
2023-06-28,435.0500,437.4400,434.4100,436.3900,420.4175
2023-06-29,435.9600,438.2800,435.5400,438.1100,422.0745
2023-06-30,441.4400,444.3000,441.1100,443.2800,427.0554
2023-07-03,442.9200,444.0800,442.6300,443.7900,427.5466
2023-07-05,441.9100,443.8900,441.9000,443.1300,426.9108
2023-07-06,439.4200,440.1000,437.0600,439.6600,423.5678
2023-07-07,438.6300,442.6400,438.3000,438.5500,422.4985
2023-07-10,438.1800,439.8400,437.5900,439.6600,423.5678
2023-07-11,440.4500,442.9700,439.4400,442.4600,426.2654
2023-07-12,446.3900,447.4800,444.9100,446.0200,429.6951
2023-07-13,447.9000,450.3800,447.4500,449.5600,433.1055
2023-07-14,450.4800,451.3600,448.4900,449.2800,432.8357
2023-07-17,449.1300,451.9300,449.0800,450.8400,434.3386
2023-07-18,450.5000,454.8600,450.0500,454.1900,437.5660
2023-07-19,455.0100,456.4300,454.1100,455.2000,438.5391
2023-07-20,454.1700,455.1000,451.4400,452.1800,435.6296
2023-07-21,453.9600,454.1700,452.1700,452.1800,435.6296
2023-07-24,453.3700,455.0400,452.3000,454.2000,437.5757
2023-07-25,453.9200,456.7400,453.8700,455.4400,438.7703
2023-07-26,454.4700,456.9900,453.3800,455.5100,438.8377
2023-07-27,459.0200,459.4400,451.5500,452.4900,435.9282
2023-07-28,455.8800,457.7800,452.4900,456.9200,440.1961
2023-07-31,457.4100,458.1600,456.0500,457.7900,441.0342
2023-08-01,456.2700,457.2500,455.4900,456.4800,439.7722
2023-08-02,453.2500,453.5200,449.3500,450.1300,433.6546
2023-08-03,448.0400,450.7900,447.3700,448.8400,432.4119
2023-08-04,450.7200,452.9000,446.2700,446.8100,430.4561
2023-08-07,448.7100,450.8700,447.9900,450.7100,434.2134
2023-08-08,448.0800,450.7000,445.2700,448.7500,432.3252
2023-08-09,449.0300,449.2000,444.9600,445.7500,429.4349
2023-08-10,448.1900,451.7000,444.7000,445.9100,429.5891
2023-08-11,443.9700,446.7000,443.3500,445.6500,429.3385
2023-08-14,444.7000,448.1100,444.3800,448.1100,431.7086
2023-08-15,446.2700,446.6400,442.3000,442.8900,426.6797
2023-08-16,442.4600,444.1800,439.5300,439.6400,423.5486
2023-08-17,441.1600,441.4300,435.7500,436.2900,420.3211
2023-08-18,433.3700,437.5700,433.0100,436.5000,420.5234
2023-08-21,437.5500,440.1100,435.3200,439.3400,423.2595
2023-08-22,441.1800,441.1800,437.5700,438.1500,422.1131
2023-08-23,439.2500,443.6700,439.1000,443.0300,426.8145
2023-08-24,444.6900,445.2200,436.8600,436.8900,420.8992
2023-08-25,438.6800,441.3000,435.0000,439.9700,423.8665
2023-08-28,442.2400,443.4000,439.9700,442.7600,426.5544
2023-08-29,442.6500,449.4500,442.4600,449.1600,432.7202
2023-08-30,449.5100,451.6700,448.7800,451.0100,434.5024
2023-08-31,451.6500,452.8300,450.1600,450.3500,433.8666
2023-09-01,453.1700,453.6700,449.6800,451.1900,434.6758
2023-09-05,450.7300,451.0600,449.1700,449.2400,432.7972
2023-09-06,448.4000,448.5100,443.8100,446.2200,429.8877
2023-09-07,443.1100,445.5500,442.7500,444.8500,428.5678
2023-09-08,444.9000,447.1100,444.5300,445.5200,429.2133
2023-09-11,448.2400,448.7700,446.4700,448.4500,432.0361
2023-09-12,446.9500,448.5300,445.3900,445.9900,429.6661
2023-09-13,446.2200,447.7100,445.0800,446.5100,430.1671
2023-09-14,449.0700,451.0800,447.7200,450.3600,433.8763
2023-09-15,447.1400,447.4800,442.9200,443.3700,428.6487
2023-09-18,443.0500,444.9700,442.5600,443.6300,428.9001
2023-09-19,442.6800,443.2900,439.9400,442.7100,428.0106
2023-09-20,444.0100,444.4400,438.4300,438.6400,424.0758
2023-09-21,435.7000,435.9700,431.2300,431.3900,417.0665
2023-09-22,432.4500,434.1000,429.9900,430.4200,416.1287
2023-09-25,429.1700,432.2700,428.7200,432.2300,417.8787
2023-09-26,429.0900,429.8200,425.0200,425.8800,411.7395
2023-09-27,427.0900,427.6700,422.2900,426.0500,411.9038
2023-09-28,425.4800,430.2500,424.8700,428.5200,414.2918
2023-09-29,431.6700,431.8500,425.9100,427.4800,413.2863
2023-10-02,426.6200,428.6000,424.4600,427.3100,413.1219
2023-10-03,425.0600,427.3700,420.1800,421.5900,407.5919
2023-10-04,422.0700,425.4300,420.5600,424.6600,410.5599
2023-10-05,424.3600,425.3700,421.1700,424.5000,410.4053
2023-10-06,421.9700,431.1300,420.6000,429.5400,415.2779
2023-10-09,427.5800,432.8800,427.0100,432.2900,417.9366
2023-10-10,432.9400,437.2200,432.5300,434.5400,420.1119
2023-10-11,435.6400,436.5800,433.1800,436.3200,421.8328
2023-10-12,436.9500,437.3400,431.2300,433.6600,419.2610
2023-10-13,435.2100,436.4500,429.8800,431.5000,417.1729
2023-10-16,433.8200,437.1400,433.5700,436.0400,421.5621
2023-10-17,432.8100,438.1400,432.4500,436.0200,421.5427
2023-10-18,434.1900,435.1800,429.0900,430.2100,415.9257
2023-10-19,430.9500,432.8200,425.7300,426.4300,412.2712
2023-10-20,425.9800,426.5400,421.0800,421.1900,407.2051
2023-10-23,419.6100,424.4500,417.8000,420.4600,406.4994
2023-10-24,422.6500,424.8200,420.7400,423.6300,409.5642
2023-10-25,421.8900,421.9200,417.0200,417.5500,403.6860
2023-10-26,416.4500,417.3300,411.6000,412.5500,398.8520
2023-10-27,414.1900,414.6000,409.2100,410.6800,397.0441
2023-10-30,413.5600,416.6800,412.2200,415.5900,401.7911
2023-10-31,416.1800,418.5300,414.2100,418.2000,404.3145
2023-11-01,419.2000,423.5000,418.6500,422.6600,408.6264
2023-11-02,426.5800,430.9200,426.5600,430.7600,416.4574
2023-11-03,433.1400,436.2900,433.0100,434.6900,420.2570
2023-11-06,435.4700,436.1500,433.6800,435.6900,421.2237
2023-11-07,435.6900,437.5900,434.5100,436.9300,422.4225
2023-11-08,437.5500,438.0900,434.8700,437.2500,422.7319
2023-11-09,438.4300,438.4700,433.4000,433.8400,419.4352
2023-11-10,435.9800,440.9300,433.8300,440.6100,425.9803
2023-11-13,439.2300,441.3300,438.4200,440.1900,425.5743
2023-11-14,446.3200,450.0600,446.0900,448.7300,433.8307
2023-11-15,450.1100,451.3800,448.8000,449.6800,434.7492
2023-11-16,449.2200,450.5600,448.1200,450.2300,435.2810
2023-11-17,450.2400,451.4200,449.2900,450.7900,435.8224
2023-11-20,450.5300,455.1300,450.5200,454.2600,439.1772
2023-11-21,453.1800,454.1300,451.9600,453.2700,438.2200
2023-11-22,454.9800,456.3800,453.8900,455.0200,439.9119
2023-11-24,455.0700,455.5000,454.7300,455.3000,440.1826
2023-11-27,454.6500,455.4900,454.0800,454.4800,439.3899
2023-11-28,454.0800,456.2700,453.5000,454.9300,439.8249
2023-11-29,457.1500,458.3200,454.2000,454.6100,439.5155
2023-11-30,455.4800,456.7600,453.3400,456.4000,441.2461
2023-12-01,455.7700,459.6500,455.1600,459.1000,443.8564
2023-12-04,455.6000,459.1200,454.3400,456.6900,441.5264
2023-12-05,455.2600,457.5900,454.8700,456.6000,441.4395
2023-12-06,458.8100,458.8400,454.3100,454.7600,439.6606
2023-12-07,456.9100,458.9000,456.2900,458.2300,443.0153
2023-12-08,457.4600,460.7500,457.2100,460.2000,444.9199
2023-12-11,459.6900,462.1700,459.4700,461.9900,446.6505
2023-12-12,461.6300,464.2000,460.6000,464.1000,448.6904
2023-12-13,464.4900,470.7600,464.1200,470.5000,454.8779
2023-12-14,472.5000,473.7300,469.2500,472.0100,456.3378
2023-12-15,469.4900,470.7000,467.4300,469.3300,455.5864
2023-12-18,470.9800,472.9800,469.8900,471.9700,458.1491
2023-12-19,472.5300,474.9200,472.4500,474.8400,460.9350
2023-12-20,473.9600,475.9000,467.8200,468.2600,454.5478
2023-12-21,471.3300,472.9800,468.8400,472.7000,458.8578
2023-12-22,473.8600,475.3800,471.7000,473.6500,459.7799
2023-12-26,474.0700,476.5800,473.9900,475.6500,461.7214
2023-12-27,475.4400,476.6600,474.8900,476.5100,462.5562
2023-12-28,476.8800,477.5500,476.2600,476.6900,462.7309
2023-12-29,476.4900,477.0300,473.3000,475.3100,461.3913
2024-01-02,472.1600,473.6700,470.4900,472.6500,458.8092
2024-01-03,470.4300,471.1900,468.1700,468.7900,455.0622
2024-01-04,468.3000,470.9600,467.0500,467.2800,453.5965
2024-01-05,467.4900,470.4400,466.4300,467.9200,454.2177
2024-01-08,468.4300,474.7500,468.3000,474.6000,460.7021
2024-01-09,471.8700,474.9300,471.3500,473.8800,460.0032
2024-01-10,474.1600,477.4500,473.8700,476.5600,462.6047
2024-01-11,477.5900,478.1200,472.2600,476.3500,462.4009
2024-01-12,477.8400,478.6000,475.2300,476.6800,462.7212
2024-01-16,475.2600,476.6100,473.0600,474.9300,461.0224
2024-01-17,471.8200,472.7900,469.8700,472.2900,458.4598
2024-01-18,474.0100,477.0600,472.4200,476.4900,462.5368
2024-01-19,477.6500,482.7200,476.5400,482.4300,468.3029
2024-01-22,484.0100,485.2200,482.7800,483.4500,469.2930
2024-01-23,484.0100,485.1100,482.8900,484.8600,470.6616
2024-01-24,487.8100,488.7700,484.8800,485.3900,471.1762
2024-01-25,487.5800,488.3100,485.3900,488.0300,473.7388
2024-01-26,487.5900,489.1200,486.5400,487.4100,473.1370
2024-01-29,487.7300,491.4200,487.1700,491.2700,476.8839
2024-01-30,490.5600,491.6200,490.1100,490.8900,476.5150
2024-01-31,488.6200,489.0800,482.8600,482.8800,468.7397
2024-02-01,484.6300,489.2300,483.8000,489.2000,474.8746
2024-02-02,489.6500,496.0500,489.3000,494.3500,479.8738
2024-02-05,493.7000,494.3800,490.2300,492.5500,478.1264
2024-02-06,493.5200,494.3200,492.0500,493.9800,479.5146
2024-02-07,496.2900,498.5300,495.3600,498.1000,483.5139
2024-02-08,498.1000,498.7100,497.2600,498.3200,483.7275
2024-02-09,498.8400,501.6500,498.4900,501.2000,486.5232
2024-02-12,501.1700,503.5000,500.2400,500.9800,486.3097
2024-02-13,494.5300,497.0900,490.7200,494.0800,479.6117
2024-02-14,496.7900,499.0700,494.4000,498.5700,483.9702
2024-02-15,499.2900,502.2000,498.8000,502.0100,487.3094
2024-02-16,501.7000,502.8700,498.7500,499.5100,484.8827
2024-02-20,497.7200,498.4100,494.4500,496.7600,482.2132
2024-02-21,495.4200,497.3700,493.5600,497.2100,482.6501
2024-02-22,504.0100,508.4900,503.0200,507.5000,492.6388
2024-02-23,509.2700,510.1300,507.1000,507.8500,492.9784
2024-02-26,508.3000,508.7500,505.8600,505.9900,491.1729
2024-02-27,506.7000,507.1600,504.7500,506.9300,492.0854
2024-02-28,505.3300,506.8600,504.9600,506.2600,491.4350
2024-02-29,508.0700,509.7400,505.3500,508.0800,493.2017
2024-03-01,508.9800,513.2900,508.5600,512.8500,497.8320
2024-03-04,512.0300,514.2000,512.0000,512.3000,497.2981
2024-03-05,510.2400,510.7000,504.9100,507.1800,492.3280
2024-03-06,510.5500,512.0700,508.4200,509.7500,494.8228
2024-03-07,513.1400,515.8900,509.8100,514.8100,499.7346
2024-03-08,515.4600,518.2200,511.1300,511.7200,496.7351
2024-03-11,510.4800,511.8800,508.5000,511.2800,496.3080
2024-03-12,513.4500,517.3800,510.8600,516.7800,501.6470
2024-03-13,517.1100,517.2900,514.4900,515.9700,500.8606
2024-03-14,516.9700,517.1300,511.8200,514.9500,499.8705
2024-03-15,510.2100,511.7000,508.1200,509.8300,496.4381
2024-03-18,514.0000,515.4800,512.4400,512.8600,499.3885
2024-03-19,512.1500,516.0000,511.1200,515.7100,502.1637
2024-03-20,515.7700,520.6200,515.0800,520.4800,506.8083
2024-03-21,523.3900,524.1100,521.9100,522.2000,508.4833
2024-03-22,522.1100,522.6100,520.9700,521.2100,507.5193
2024-03-25,519.8000,520.9500,519.6100,519.7700,506.1171
2024-03-26,521.2300,521.5800,518.4000,518.8100,505.1822
2024-03-27,521.7100,523.2100,519.4900,523.1700,509.4277
2024-03-28,523.2100,524.6100,522.7800,523.0700,509.3304
2024-04-01,523.8300,524.3800,520.9700,522.1600,508.4442
2024-04-02,518.2400,518.9800,516.4800,518.8400,505.2115
2024-04-03,517.7200,520.9500,517.6700,519.4100,505.7664
2024-04-04,523.5200,523.8700,512.7600,513.0700,499.5930
2024-04-05,514.4600,520.4400,514.0100,518.4300,504.8122
2024-04-08,519.1500,520.1800,517.8900,518.7200,505.0947
2024-04-09,520.5000,520.7500,514.3500,519.3200,505.6789
2024-04-10,513.4800,516.1600,512.0900,514.1200,500.6154
2024-04-11,515.6800,519.4800,512.0800,518.0000,504.3935
2024-04-12,514.3700,515.8200,509.0800,510.8500,497.4314
2024-04-15,515.1300,515.3000,503.5800,504.4500,491.1994
2024-04-16,504.9400,506.5000,502.2100,503.5300,490.3036
2024-04-17,506.0500,506.2200,499.1200,500.5500,487.4019
2024-04-18,501.9800,504.1300,498.5600,499.5200,486.3990
2024-04-19,499.4400,500.4600,493.8600,495.1600,482.1535
2024-04-22,497.8300,502.3800,495.4300,499.7200,486.5937
2024-04-23,501.7800,506.0900,499.5300,505.6500,492.3680
2024-04-24,506.5600,507.3700,503.1300,505.4100,492.1342
2024-04-25,499.1800,504.2700,497.4900,503.4900,490.2646
2024-04-26,506.3500,509.8800,505.7000,508.2600,494.9094
2024-04-29,510.0900,510.7500,507.2500,510.0600,496.6621
2024-04-30,508.5600,509.5600,501.9800,501.9800,488.7943
2024-05-01,501.3800,508.1900,499.8700,500.3500,487.2072
2024-05-02,504.1500,505.8900,499.5500,505.0300,491.7642
2024-05-03,511.1600,512.5500,508.5600,511.2900,497.8598
2024-05-06,513.7500,516.6100,513.3000,516.5700,503.0010
2024-05-07,517.5600,518.5700,516.4500,517.1400,503.5561
2024-05-08,515.2600,517.7400,515.1400,517.1900,503.6048
2024-05-09,517.3800,520.2100,516.7100,520.1700,506.5066
2024-05-10,521.8100,522.6400,519.5900,520.8400,507.1590
2024-05-13,522.5600,522.6700,519.7400,520.9100,507.2271
2024-05-14,521.1100,523.8300,520.5600,523.3000,509.5542
2024-05-15,525.8300,530.0800,525.1800,529.7800,515.8641
2024-05-16,529.8800,531.5200,528.5400,528.6900,514.8027
2024-05-17,528.8100,529.5200,527.3200,529.4500,515.5428
2024-05-20,529.5700,531.5600,529.1700,530.0600,516.1368
2024-05-21,529.2800,531.5200,529.0700,531.3600,517.4025
2024-05-22,530.6500,531.3800,527.6000,529.8300,515.9128
2024-05-23,532.9600,533.0700,524.7200,525.9600,512.1445
2024-05-24,527.8500,530.2700,526.8800,529.4400,515.5330
2024-05-28,530.2700,530.5100,527.1100,529.8100,515.8934
2024-05-29,525.6800,527.3100,525.3700,526.1000,512.2808
2024-05-30,524.5200,525.2000,521.3300,522.6100,508.8824
2024-05-31,523.5900,527.5000,518.3600,527.3700,513.5174
2024-06-03,529.0200,529.3100,522.6000,527.8000,513.9361
2024-06-04,526.4600,529.1500,524.9600,528.3900,514.5107
2024-06-05,530.7700,534.6900,528.7300,534.6700,520.6257
2024-06-06,534.9800,535.4200,532.6800,534.6600,520.6159
2024-06-07,533.6600,536.8900,532.5400,534.0100,519.9831
2024-06-10,533.1800,535.9900,532.5700,535.6600,521.5895
2024-06-11,534.0700,537.0100,532.0500,536.9500,522.8457
2024-06-12,541.6300,544.1200,540.3000,541.3600,527.1400
2024-06-13,543.1500,543.3300,539.5900,542.4500,528.2014
2024-06-14,540.8800,542.8100,539.8500,542.7800,528.5226
2024-06-17,542.0800,548.5300,541.6100,547.1000,532.7291
2024-06-18,547.1600,548.6200,546.7300,548.4900,534.0827
2024-06-20,549.4400,550.1200,545.1800,547.0000,532.6318
2024-06-21,544.4000,545.6500,543.0200,544.5100,531.9177
2024-06-24,544.3300,546.9500,542.6200,542.7400,530.1887
2024-06-25,543.9900,545.2000,542.4400,544.8300,532.2303
2024-06-26,543.6900,546.2400,543.0300,545.5100,532.8946
2024-06-27,545.3700,546.9600,544.6100,546.3700,533.7347
2024-06-28,547.1600,550.2800,542.9500,544.2200,531.6344
2024-07-01,545.6300,545.8800,542.5200,545.3400,532.7285
2024-07-02,543.7000,549.0100,543.6500,549.0100,536.3137
2024-07-03,548.6900,551.8300,548.6500,551.4600,538.7070
2024-07-05,551.7700,555.0500,551.1200,554.6400,541.8135
2024-07-08,555.4400,556.2500,554.1900,555.2800,542.4387
2024-07-09,556.2600,557.1800,555.5200,555.8200,542.9662
2024-07-10,557.0700,561.6700,556.7700,561.3200,548.3390
2024-07-11,561.4400,562.3300,555.8300,556.4800,543.6108
2024-07-12,557.6300,563.6700,557.1500,559.9900,547.0397
2024-07-15,562.0300,564.8400,559.6300,561.5300,548.5439
2024-07-16,562.8700,565.1600,562.1000,564.8600,551.7971
2024-07-17,558.8000,560.5100,556.6100,556.9400,544.0602
2024-07-18,558.5100,559.5200,550.4300,552.6600,539.8792
2024-07-19,552.4200,554.0800,547.9100,548.9900,536.2941
2024-07-22,553.0000,555.2700,551.0200,554.6500,541.8232
2024-07-23,554.5400,556.7400,553.2800,553.7800,540.9733
2024-07-24,548.8600,549.1700,540.2900,541.2300,528.7134
2024-07-25,541.3500,547.4600,537.4500,538.4100,525.9587
2024-07-26,542.2800,547.1900,541.4900,544.4400,531.8493
2024-07-29,546.0200,547.0500,542.7200,544.7600,532.1619
2024-07-30,546.2600,547.3400,538.5200,542.0000,529.4658
2024-07-31,548.9800,553.5000,547.5800,550.8100,538.0720
2024-08-01,552.5700,554.8700,539.4300,543.0100,530.4524
2024-08-02,535.7500,536.9900,528.6000,532.9000,520.5762
2024-08-05,511.6400,523.5800,510.2700,517.3800,505.4151
2024-08-06,519.2200,529.7500,517.8700,522.1500,510.0748
2024-08-07,528.4700,531.5900,518.0500,518.6600,506.6654
2024-08-08,523.9100,531.2900,521.8400,530.6500,518.3782
2024-08-09,529.8100,534.5100,528.5600,532.9900,520.6641
2024-08-12,534.2100,535.7300,530.9500,533.2700,520.9377
2024-08-13,536.5300,542.2800,536.2800,542.0400,529.5048
2024-08-14,542.8500,544.9600,540.1200,543.7500,531.1752
2024-08-15,549.5000,553.3600,548.8800,553.0700,540.2797
2024-08-16,551.4200,555.0200,551.2600,554.3100,541.4911
2024-08-19,554.7300,559.6100,553.8600,559.6100,546.6685
2024-08-20,559.1500,560.8400,557.3300,558.7000,545.7795
2024-08-21,559.7700,562.1100,554.7300,560.6200,547.6551
2024-08-22,562.5600,563.1800,554.9800,556.2200,543.3569
2024-08-23,559.5300,563.0900,557.2900,562.1300,549.1301
2024-08-26,563.1800,563.9100,559.0500,560.7900,547.8212
2024-08-27,559.4900,562.0600,558.3200,561.5600,548.5734
2024-08-28,561.2100,561.6500,555.0400,558.3000,545.3887
2024-08-29,560.3100,563.6800,557.1800,558.3500,545.4376
2024-08-30,560.7700,564.2000,557.1400,563.6800,550.6444
2024-09-03,560.4700,560.8100,549.5100,552.0800,539.3126
2024-09-04,550.2000,554.4300,549.4600,550.9500,538.2088
2024-09-05,550.8900,553.8000,547.1000,549.6100,536.8998
2024-09-06,549.9400,551.6000,539.4400,540.3600,527.8637
2024-09-09,544.6500,547.7100,542.6800,546.4100,533.7737
2024-09-10,548.3600,549.1500,543.3800,548.7900,536.0986
2024-09-11,548.7000,555.3600,539.9600,554.4200,541.5985
2024-09-12,555.0100,559.4000,552.7400,559.0900,546.1605
2024-09-13,559.7100,563.0300,559.4500,562.0100,549.0130
2024-09-16,561.7400,563.1100,559.9000,562.8400,549.8238
2024-09-17,565.1000,566.5800,560.7900,563.0700,550.0485
2024-09-18,563.7400,568.6900,560.8300,561.4000,548.4171
2024-09-19,571.0100,572.8800,568.0800,570.9800,557.7755
2024-09-20,567.8400,569.3100,565.1700,568.2500,556.8114
2024-09-23,569.3400,570.3300,568.1000,569.6700,558.2028
2024-09-24,570.4800,571.3600,567.6000,571.3000,559.7999
2024-09-25,571.1400,571.8900,568.9100,570.0400,558.5652
2024-09-26,574.3800,574.7100,569.9000,572.3000,560.7799
2024-09-27,573.3900,574.2200,570.4200,571.4700,559.9664
2024-09-30,570.4200,574.3800,568.0800,573.7600,562.2104
2024-10-01,573.4000,574.0600,566.0000,568.6200,557.1739
2024-10-02,567.7100,569.9000,565.2700,568.8600,557.4090
2024-10-03,567.3600,569.8000,565.4900,567.8200,556.3900
2024-10-04,572.3500,573.3600,568.1000,572.9800,561.4462
2024-10-07,571.3000,571.9600,566.6300,567.8000,556.3704
2024-10-08,570.4200,573.7800,569.5300,573.1700,561.6323
2024-10-09,573.1600,577.7100,572.5500,577.1400,565.5225
2024-10-10,575.7700,577.5800,574.4900,576.1300,564.5327
2024-10-11,576.0500,580.3300,575.9100,579.5800,567.9132
2024-10-14,581.2200,585.2700,580.7300,584.3200,572.5579
2024-10-15,584.5900,584.9000,578.5400,579.7800,568.1093
2024-10-16,579.7800,582.8300,578.9600,582.3000,570.5785
2024-10-17,585.9100,586.1200,582.1600,582.3500,570.6275
2024-10-18,584.0700,585.3900,582.5800,584.5900,572.8224
2024-10-21,583.8500,584.8500,580.6000,583.6300,571.8817
2024-10-22,581.0500,584.5000,580.3800,583.3200,571.5779
2024-10-23,581.2600,581.7100,574.4200,577.9900,566.3553
2024-10-24,579.9800,580.0600,576.5700,579.2400,567.5802
2024-10-25,581.5100,584.4600,578.0800,579.0400,567.3841
2024-10-28,582.5800,582.7100,580.5200,580.8300,569.1381
2024-10-29,579.8500,582.9100,578.4300,581.7700,570.0591
2024-10-30,581.2900,583.3200,579.2900,580.0100,568.3347
2024-10-31,575.5600,575.6300,568.4400,568.6400,557.1935
2024-11-01,571.3200,575.5500,570.6200,571.0400,559.5452
2024-11-04,571.1800,572.5000,567.8900,569.8100,558.3398
2024-11-05,570.7400,576.7400,570.5200,576.7000,565.0914
2024-11-06,589.2000,591.9300,585.3900,591.0400,579.1426
2024-11-07,593.0800,596.6500,593.0000,595.6100,583.6206
2024-11-08,596.1700,599.6400,596.1700,598.1900,586.1487
2024-11-11,599.8100,600.1700,597.0000,598.7600,586.7072
2024-11-12,598.6800,599.2900,594.3700,596.9000,584.8848
2024-11-13,597.3700,599.2300,594.9600,597.1900,585.1689
2024-11-14,597.3200,597.8100,592.6500,593.3500,581.4061
2024-11-15,589.7200,590.2000,583.8600,585.7500,573.9590
2024-11-18,586.2200,589.4900,585.3400,588.1500,576.3107
2024-11-19,584.7100,591.0400,584.0300,590.3000,578.4174
2024-11-20,590.3800,590.7900,584.6300,590.5000,578.6135
2024-11-21,593.4000,595.1200,587.4500,593.6700,581.7196
2024-11-22,593.6600,596.1500,593.1500,595.5100,583.5226
2024-11-25,599.5200,600.8600,595.2000,597.5300,585.5020
2024-11-26,598.8000,601.3300,598.0700,600.6500,588.5591
2024-11-27,600.4600,600.8500,597.2800,598.8300,586.7758
2024-11-29,599.6600,603.3500,599.3800,602.5500,590.4209
2024-12-02,602.9700,604.3200,602.4700,603.6300,591.4792
2024-12-03,603.3900,604.1600,602.3400,603.9100,591.7534
2024-12-04,605.6300,607.9100,604.9500,607.6600,595.4281
2024-12-05,607.6600,608.4800,606.3000,606.6600,594.4481
2024-12-06,607.4400,609.0700,607.0200,607.8100,595.5750
2024-12-09,607.6900,607.8600,604.0800,604.6800,592.5080
2024-12-10,605.3700,605.8000,602.1300,602.8000,590.6659
2024-12-11,605.7800,608.4300,605.5000,607.4600,595.2321
2024-12-12,606.5800,607.1600,604.3300,604.3300,592.1650
2024-12-13,606.4000,607.1300,602.8100,604.2100,592.0475
2024-12-16,606.0000,607.7800,605.2100,606.7900,594.5756
2024-12-17,604.1900,605.1700,602.8900,604.2900,592.1258
2024-12-18,603.9800,606.4100,585.8900,586.2800,574.4785
2024-12-19,591.3600,593.0000,585.8500,586.1000,574.3020
2024-12-20,581.7700,595.7500,580.9100,591.1500,581.2000
2024-12-23,590.8900,595.3000,587.6600,594.6900,584.6804
2024-12-24,596.0600,601.3400,595.4700,601.3000,591.1791
2024-12-26,599.5000,602.4800,598.0800,601.3400,591.2185
2024-12-27,597.5400,597.7800,590.7600,595.0100,584.9949
2024-12-30,587.8900,591.7400,584.4100,588.2200,578.3192
2024-12-31,589.9100,590.6400,584.4200,586.0800,576.2153
2025-01-02,589.3900,591.1300,580.5000,584.6400,574.7995
2025-01-03,587.5300,592.6000,586.4300,591.9500,581.9865
2025-01-06,596.2700,599.7000,593.6000,595.3600,585.3390
2025-01-07,597.4200,597.7500,586.7800,588.6300,578.7223
2025-01-08,588.7000,590.5800,585.2000,589.4900,579.5679
2025-01-10,585.8800,585.9500,578.5500,580.4900,570.7193
2025-01-13,575.7700,581.7500,575.3500,581.3900,571.6042
2025-01-14,584.3600,585.0000,578.3500,582.1900,572.3907
2025-01-15,590.3300,593.9400,589.2000,592.7800,582.8026
2025-01-16,594.1700,594.3500,590.9300,591.6400,581.6817
2025-01-17,596.9600,599.3600,595.6100,597.5800,587.5217
2025-01-21,600.6700,603.0600,598.6700,603.0500,592.8996
2025-01-22,605.9200,607.8200,605.3600,606.4400,596.2325
2025-01-23,605.8000,609.7500,605.5200,609.7500,599.4868
2025-01-24,609.8100,610.7800,606.8000,607.9700,597.7368
2025-01-27,594.8100,599.6900,594.6400,599.3700,589.2816
2025-01-28,600.6200,605.3700,597.2500,604.5200,594.3449
2025-01-29,603.7200,604.1300,599.2200,601.8100,591.6805
2025-01-30,603.9600,606.6000,600.7200,605.0400,594.8561
2025-01-31,607.5000,609.9600,601.0500,601.8200,591.6903
2025-02-03,592.6700,600.2900,590.4900,597.7700,587.7085
2025-02-04,597.8300,602.3000,597.2800,601.7800,591.6510
2025-02-05,600.6400,604.3700,598.5800,604.2200,594.0499
2025-02-06,605.9900,606.4500,602.6300,606.3200,596.1147
2025-02-07,606.8900,608.1300,600.0500,600.7700,590.6581
2025-02-10,604.0300,605.5000,602.7400,604.8500,594.6694
2025-02-11,602.5500,605.8600,602.4300,605.3100,595.1216
2025-02-12,599.2000,604.5500,598.5100,603.3600,593.2044
2025-02-13,604.4800,609.9400,603.2000,609.7300,599.4672
2025-02-14,609.9400,610.9900,609.0700,609.7000,599.4377
2025-02-18,610.8800,611.4900,608.3800,611.4900,601.1976
2025-02-19,610.0800,613.2300,609.5600,612.9300,602.6133
2025-02-20,611.5400,611.6800,607.0200,610.3800,600.1063
2025-02-21,610.1600,610.3000,599.4700,599.9400,589.8420
2025-02-24,602.0200,603.0300,596.4900,597.2100,587.1580
2025-02-25,597.1500,597.8900,589.5600,594.2400,584.2379
2025-02-26,595.9300,599.5800,591.8600,594.5400,584.5328
2025-02-27,596.8500,598.0200,584.6500,585.0500,575.2026
2025-02-28,585.5600,594.7200,582.4400,594.1800,584.1789
2025-03-03,596.1800,597.3400,579.9000,583.7700,573.9441
2025-03-04,579.7100,585.3900,572.2500,576.8600,567.1505
2025-03-05,576.6900,584.8800,573.0800,583.0600,573.2461
2025-03-06,575.4800,580.1700,570.1200,572.7100,563.0703
2025-03-07,570.9000,577.3900,565.6300,575.9200,566.2263
2025-03-10,567.5900,569.5400,555.5900,560.5800,551.1445
2025-03-11,559.4000,564.0200,552.0200,555.9200,546.5629
2025-03-12,562.1700,563.1100,553.6900,558.8700,549.4633
2025-03-13,558.4900,559.1100,549.6800,551.4200,542.1386
2025-03-14,556.1100,563.8300,551.4900,562.8100,553.3370
2025-03-17,562.7900,569.7100,562.3500,567.1500,557.6040
2025-03-18,564.8000,565.0200,559.0600,561.0200,551.5771
2025-03-19,562.8300,570.9500,561.6300,567.1300,557.5842
2025-03-20,563.3300,570.5700,562.6000,565.4900,555.9719
2025-03-21,559.2800,564.8900,558.0300,563.9800,556.1553
2025-03-24,570.8000,575.1500,570.2000,574.0800,566.1152
2025-03-25,575.3000,576.4100,573.6900,575.4600,567.4760
2025-03-26,575.1900,576.3300,567.1900,568.5900,560.7014
2025-03-27,567.1800,570.9000,564.9400,567.0800,559.2123
2025-03-28,565.5300,566.2700,555.0700,555.6600,547.9507
2025-03-31,549.8300,560.7100,546.8700,559.3900,551.6290
2025-04-01,557.4500,562.9400,553.6800,560.9700,553.1871
2025-04-02,555.0500,567.4200,554.8100,564.5200,556.6879
2025-04-03,545.1100,547.9700,536.7000,536.7000,529.2538
2025-04-04,523.6700,525.8700,505.0600,505.2800,498.2697
2025-04-07,489.1900,523.1700,481.8000,504.3800,497.3822
2025-04-08,521.8600,524.9800,489.1600,496.4800,489.5918
2025-04-09,493.4400,548.6200,493.0500,548.6200,541.0084
2025-04-10,532.1700,533.5000,509.3200,524.5800,517.3019
2025-04-11,523.0100,536.4300,520.0700,533.9400,526.5320
2025-04-14,544.0500,544.2800,533.8600,539.1200,531.6402
2025-04-15,539.6700,543.2300,536.8100,537.6100,530.1511
2025-04-16,531.6800,537.8900,520.2900,525.6600,518.3669
2025-04-17,527.6400,531.1700,523.9100,526.4100,519.1065
2025-04-21,521.1600,521.7000,508.4600,513.8800,506.7504
2025-04-22,520.1400,529.3000,519.1900,527.2500,519.9349
2025-04-23,540.4300,545.4300,533.8800,535.4200,527.9915
2025-04-24,536.7200,547.4300,535.4500,546.6900,539.1052
2025-04-25,546.6500,551.0500,543.6900,550.6400,543.0004
2025-04-28,551.3900,553.5500,545.0200,550.8500,543.2075
2025-04-29,548.9100,555.4500,548.5500,554.3200,546.6293
2025-04-30,547.5700,556.5200,541.5200,554.5400,546.8462
2025-05-01,560.3700,564.0700,557.8600,558.4700,550.7217
2025-05-02,564.7300,568.3800,562.3800,566.7600,558.8967
2025-05-05,562.5700,566.6500,561.7000,563.5100,555.6918
2025-05-06,557.9300,563.3500,556.9600,558.8000,551.0472
2025-05-07,560.1500,563.8200,556.0400,561.1500,553.3646
2025-05-08,565.2400,570.3100,561.7000,565.0600,557.2203
2025-05-09,566.4800,567.5000,562.7600,564.3400,556.5103
2025-05-12,581.4700,583.0000,577.0400,582.9900,574.9016
2025-05-13,583.4100,589.0800,582.8400,586.8400,578.6981
2025-05-14,587.8100,588.9800,585.5400,587.5900,579.4377
2025-05-15,585.5600,590.9700,585.1000,590.4600,582.2679
2025-05-16,591.2500,594.5000,589.2800,594.2000,585.9559
2025-05-19,588.1000,595.5400,588.1000,594.8500,586.5969
2025-05-20,593.0900,594.0500,589.6000,592.8500,584.6248
2025-05-21,588.4400,592.5800,581.8200,582.8600,574.7733
2025-05-22,582.6600,586.6200,581.4100,583.0900,575.0002
2025-05-23,575.9800,581.8100,575.6000,579.1100,571.0753
2025-05-27,586.0700,591.3100,578.4300,591.1500,582.9484
2025-05-28,591.5600,592.7700,586.9900,587.7300,579.5758
2025-05-29,593.0600,593.2000,586.0700,590.0500,581.8635
2025-05-30,588.9300,591.1300,583.2400,589.3900,581.2128
2025-06-02,587.7600,592.7900,585.0600,592.7100,584.4867
2025-06-03,592.3400,597.0800,591.8500,596.0900,587.8198
2025-06-04,596.9600,597.9500,595.4900,595.9300,587.6620
2025-06-05,597.6300,599.0000,591.0500,593.0500,584.8220
2025-06-06,598.6600,600.8300,596.8600,599.1400,590.8275
2025-06-09,599.7200,601.2500,598.4900,599.6800,591.3599
2025-06-10,600.2200,603.4700,599.0900,603.0800,594.7128
2025-06-11,604.1900,605.0600,599.2700,601.3600,593.0167
2025-06-12,600.0100,603.7500,599.5200,603.7500,595.3735
2025-06-13,598.5000,601.8500,595.4800,597.0000,588.7171
2025-06-16,600.4000,604.4500,600.2200,602.6800,594.3184
2025-06-17,600.2100,601.7500,596.7600,597.5300,589.2399
2025-06-18,598.4400,601.2200,596.4700,597.4400,589.1511
2025-06-20,598.3800,599.4600,592.8600,594.2800,587.7675
2025-06-23,595.0400,600.5400,591.8900,600.1500,593.5731
2025-06-24,604.3300,607.8500,603.4100,606.7800,600.1304
2025-06-25,607.9100,608.6100,605.5400,607.1200,600.4667
2025-06-26,608.9900,612.3100,608.3700,611.8700,605.1646
2025-06-27,612.8800,616.3900,610.8300,614.9100,608.1713
2025-06-30,617.3800,619.2200,615.0400,617.8500,611.0790
2025-07-01,616.3600,618.8300,615.5200,617.6500,610.8813
2025-07-02,617.2400,620.4900,616.6100,620.4500,613.6506
2025-07-03,622.4500,626.2800,622.4300,625.3400,618.4871
2025-07-07,623.3600,624.0300,617.8700,620.6800,613.8780
2025-07-08,621.3500,622.1100,619.5200,620.3400,613.5418
2025-07-09,622.7700,624.7200,620.9100,624.0600,617.2210
2025-07-10,624.2000,626.8700,623.0100,625.8200,618.9617
2025-07-11,622.7400,624.8600,621.5300,623.6200,616.7859
2025-07-14,623.1600,625.1600,621.8000,624.8100,617.9628
2025-07-15,627.5200,627.8600,622.0600,622.1400,615.3221
2025-07-16,623.7400,624.7300,618.0500,624.2200,617.3792
2025-07-17,624.4000,628.4000,624.1800,628.0400,621.1574
2025-07-18,629.3000,629.4700,626.4600,627.5800,620.7025
2025-07-21,628.7700,631.5400,628.3400,628.7700,621.8794
2025-07-22,629.1000,629.7300,626.1900,628.8600,621.9684
2025-07-23,631.5500,634.2100,629.7300,634.2100,627.2598
2025-07-24,634.6000,636.1500,633.9900,634.4200,627.4675
2025-07-25,635.0900,637.5800,634.8400,637.1000,630.1181
2025-07-28,637.4800,638.0400,635.5400,636.9400,629.9599
2025-07-29,638.3500,638.6700,634.3400,635.2600,628.2983
2025-07-30,635.9200,637.6800,631.5400,634.4600,627.5071
2025-07-31,639.4600,639.8500,630.7700,632.0800,625.1531
2025-08-01,626.3000,626.3400,619.2900,621.7200,614.9066
2025-08-04,625.6700,631.2200,625.5800,631.1700,624.2531
2025-08-05,631.7900,632.6100,627.0400,627.9700,621.0881
2025-08-06,629.0500,633.4400,628.1300,632.7800,625.8455
2025-08-07,636.2400,636.9800,629.1100,632.2500,625.3213
2025-08-08,634.0600,637.6500,633.7400,637.1800,630.1972
2025-08-11,637.4600,638.9500,634.6600,635.9200,628.9510
2025-08-12,638.2900,642.8500,636.7900,642.6900,635.6469
2025-08-13,644.9100,646.1900,642.6800,644.8900,637.8228
2025-08-14,642.7900,645.6200,642.3400,644.9500,637.8821
2025-08-15,645.9900,646.0900,642.5200,643.4400,636.3886
2025-08-18,642.8600,644.0000,642.1800,643.3000,636.2502
2025-08-19,643.1200,644.1100,638.4800,639.8100,632.7984
2025-08-20,639.4000,639.6600,632.9500,638.1100,631.1170
2025-08-21,636.2800,637.9700,633.8100,635.5500,628.5851
2025-08-22,637.7600,646.5000,637.2500,645.3100,638.2382
2025-08-25,644.0400,645.2900,642.3500,642.4700,635.4293
2025-08-26,642.2000,645.5100,641.5700,645.1600,638.0898
2025-08-27,644.5700,647.3700,644.4200,646.6300,639.5436
2025-08-28,647.2400,649.4800,645.3400,648.9200,641.8085
2025-08-29,647.4700,647.8400,643.1400,645.0500,637.9810
2025-09-02,637.5000,640.4900,634.9200,640.2700,633.2534
2025-09-03,642.6700,644.2100,640.4600,643.7400,636.6853
2025-09-04,644.4200,649.1500,643.5100,649.1200,642.0064
2025-09-05,651.4800,652.2100,643.3300,647.2400,640.1470
2025-09-08,648.6200,649.8400,647.2300,648.8300,641.7196
2025-09-09,648.9700,650.8600,647.2200,650.3300,643.2031
2025-09-10,653.6200,654.5500,650.6300,652.2100,645.0625
2025-09-11,654.1800,658.3300,653.5900,657.6300,650.4232
2025-09-12,657.6000,659.1100,656.9000,657.4100,650.2054
2025-09-15,659.6400,661.0400,659.3400,660.9100,653.6671
2025-09-16,661.4700,661.7800,659.2100,660.0000,652.7672
2025-09-17,660.0100,661.7200,654.3000,659.1800,651.9562
2025-09-18,661.8900,664.8900,660.2700,662.2600,655.0023
2025-09-19,662.3300,664.5500,660.3700,663.7000,658.2465
2025-09-22,662.2000,667.2900,662.1700,666.8400,661.3607
2025-09-23,666.7200,667.3400,661.9800,663.2100,657.7606
2025-09-24,664.5100,664.6100,659.6700,661.1000,655.6678
2025-09-25,657.9400,659.4100,654.4100,658.0500,652.6429
2025-09-26,659.5100,662.3700,657.8800,661.8200,656.3820
2025-09-29,664.3600,665.2800,661.8600,663.6800,658.2267
2025-09-30,662.9300,666.6500,661.6100,666.1800,660.7061
2025-10-01,663.1700,669.3700,663.0600,668.4500,662.9575
2025-10-02,670.4500,670.5700,666.7800,669.2200,663.7211
2025-10-03,669.9900,672.6800,668.1600,669.2100,663.7112
2025-10-06,671.6200,672.5100,669.4600,671.6100,666.0915
2025-10-07,672.5400,672.9900,667.6700,669.1200,663.6219
2025-10-08,670.2500,673.2100,669.4200,673.1100,667.5792
2025-10-09,673.5300,673.9400,669.2100,671.1600,665.6452
2025-10-10,672.1300,673.9500,652.8400,653.0200,647.6542
2025-10-13,660.6500,665.1300,659.7700,663.0400,657.5919
2025-10-14,657.1700,665.8300,653.1700,662.2300,656.7886
2025-10-15,666.8200,670.2300,658.9300,665.1700,659.7045
2025-10-16,666.8200,668.7100,657.1100,660.6400,655.2117
2025-10-17,659.5000,665.7600,658.1400,664.3900,658.9308
2025-10-20,667.3200,672.2100,667.2700,671.3000,665.7841
2025-10-21,671.4400,672.9900,669.9800,671.2900,665.7740
2025-10-22,672.0000,672.0000,663.3000,667.8000,662.3128
2025-10-23,668.1200,672.7100,667.8000,671.7600,666.2403
2025-10-24,676.4600,678.4700,675.6500,677.2500,671.6852
2025-10-27,682.7300,685.5400,682.1200,685.2400,679.6095
2025-10-28,687.0500,688.9100,684.8300,687.0600,681.4146
2025-10-29,688.7200,689.7000,682.8700,687.3900,681.7418
2025-10-30,683.9000,685.9400,679.8300,679.8300,674.2440
2025-10-31,685.0400,685.0800,679.2400,682.0600,676.4556
2025-11-03,685.6700,685.8000,679.9400,683.3400,677.7252
2025-11-04,676.1100,679.9600,674.5800,675.2400,669.6917
2025-11-05,674.9800,680.8600,674.1700,677.5800,672.0125
2025-11-06,676.4700,677.3800,668.7200,670.3100,664.8022
2025-11-07,667.9100,671.0800,661.2100,670.9700,665.4567
2025-11-10,677.2400,682.1800,675.0300,681.4400,675.8408
2025-11-11,679.9500,683.5700,678.7300,683.0000,677.3879
2025-11-12,684.7900,684.9600,680.9500,683.3800,677.7648
2025-11-13,680.5000,680.8600,670.5200,672.0400,666.5179
2025-11-14,665.3800,675.6600,663.2700,671.9300,666.4089
2025-11-17,669.7000,673.7100,662.1700,665.6700,660.2003
2025-11-18,662.1000,665.1200,655.8600,660.0800,654.6563
2025-11-19,660.7800,667.3400,658.7500,662.6300,657.1854
2025-11-20,672.9100,675.5600,651.8900,652.5300,647.1683
2025-11-21,655.0500,664.5500,650.8500,659.0300,653.6149
2025-11-24,662.6900,670.0600,661.5900,668.7300,663.2351
2025-11-25,668.6300,676.2100,664.4800,675.0200,669.4734
2025-11-26,677.6300,681.7000,676.7200,679.6800,674.0952
2025-11-28,680.8600,683.6700,680.5000,683.3900,677.7747
2025-12-01,678.8100,682.9900,678.7400,680.2700,674.6804
2025-12-02,681.9200,683.8200,679.3300,681.5300,675.9301
2025-12-03,680.5700,684.9100,679.6900,683.8900,678.2706
2025-12-04,685.3000,685.3700,681.3400,684.3900,678.7665
2025-12-05,685.4700,688.3900,684.5800,685.6900,680.0558
2025-12-08,686.5900,686.6400,681.5700,683.6300,678.0128
2025-12-09,683.1500,685.3900,682.5900,683.0400,677.4275
2025-12-10,682.5600,688.9700,681.3100,687.5700,681.9204
2025-12-11,685.1400,689.2500,682.1700,689.1700,683.5072
2025-12-12,688.1700,688.8800,679.1700,681.7600,676.1581
2025-12-15,685.7400,685.7600,679.2500,680.7300,675.1365
2025-12-16,679.2300,681.0800,674.9800,678.8700,673.2919
2025-12-17,679.8900,680.4400,671.2000,671.4000,665.8832
2025-12-18,677.6000,680.7400,674.9000,676.4700,670.9115
2025-12-19,676.5900,681.0900,676.4700,680.5900,676.9923
2025-12-22,683.9400,685.3600,680.5900,684.8300,681.2099
2025-12-23,683.9200,688.2000,683.8700,687.9600,684.3233
2025-12-24,687.9500,690.8300,687.8000,690.3800,686.7305
2025-12-26,690.6400,691.6600,689.2700,690.3100,686.6609
2025-12-29,687.5400,689.2000,686.0700,687.8500,684.2139
2025-12-30,687.4500,688.5600,686.5800,687.0100,683.3784
2025-12-31,687.1400,687.3600,681.7100,681.9200,678.3152
2026-01-02,685.7100,686.8700,679.8200,683.1700,679.5586
2026-01-05,686.5400,689.4300,686.3800,687.7200,684.0845
2026-01-06,687.9300,692.3200,687.7800,691.8100,688.1530
2026-01-07,692.1900,693.9600,689.3200,689.5800,685.9348
2026-01-08,688.8200,690.6200,687.4900,689.5100,685.8651
2026-01-09,690.6300,695.3100,689.1800,694.0700,690.4010
2026-01-12,690.6800,696.0900,690.6300,695.1600,691.4852
2026-01-13,695.4900,696.0900,691.3500,693.7700,690.1026
2026-01-14,691.0000,691.7200,686.0400,690.3600,686.7106
2026-01-15,694.5700,695.4500,691.2500,692.2400,688.5807
2026-01-16,693.6600,694.2500,690.1000,691.6600,688.0037
2026-01-20,681.4900,684.7700,676.5700,677.5800,673.9982
2026-01-21,679.6500,688.7400,678.1300,685.4000,681.7769
2026-01-22,689.8500,691.1300,686.9200,688.9800,685.3380
2026-01-23,688.1500,690.9600,687.1600,689.2300,685.5865
2026-01-26,690.4900,694.1300,689.9200,692.7300,689.0681
2026-01-27,694.1800,696.5300,693.5700,695.4900,691.8135
2026-01-28,697.0500,697.8400,693.9400,695.4200,691.7438
2026-01-29,696.3900,697.0600,684.8300,694.0400,690.3712
2026-01-30,691.7900,694.2100,687.1200,691.9700,688.3121
2026-02-02,689.5800,696.9300,689.4200,695.4100,691.7339
2026-02-03,696.2100,696.9600,684.0300,689.5300,685.8850
2026-02-04,690.3500,691.4500,681.7600,686.1900,682.5627
2026-02-05,680.9400,683.6900,675.7900,677.6200,674.0380
2026-02-06,681.4600,692.3100,680.8500,690.6200,686.9692
2026-02-09,689.4200,695.8700,688.3400,693.9500,690.2817
2026-02-10,694.9500,696.5400,691.6600,692.1200,688.4613
2026-02-11,696.3900,697.1400,689.1800,691.9600,688.3022
2026-02-12,694.2400,695.3500,680.3700,681.2700,677.6687
2026-02-13,681.6900,686.2800,677.5200,681.7500,678.1461
2026-02-17,680.1400,684.9400,675.7800,682.8500,679.2403
2026-02-18,684.0200,689.1500,682.8300,686.2900,682.6621
2026-02-19,683.8400,686.1800,681.5500,684.4800,680.8616
2026-02-20,682.3200,690.0600,681.7300,689.4300,685.7856
2026-02-23,687.8300,690.0000,680.3700,682.3900,678.7828
2026-02-24,681.9000,688.3500,680.0000,687.3500,683.7165
2026-02-25,690.1800,693.6800,690.1000,693.1500,689.4859
2026-02-26,693.2800,693.3000,684.3500,689.3000,685.6562
2026-02-27,683.0900,686.8600,681.6400,685.9900,682.3637
2026-03-02,678.7000,688.6200,678.0200,686.3800,682.7517
2026-03-03,675.0600,682.6100,669.6600,680.3300,676.7337
2026-03-04,681.6300,687.0900,679.6200,685.1300,681.5082
2026-03-05,682.0800,685.5300,675.6100,681.3100,677.7085
2026-03-06,673.4100,676.1100,669.7600,672.3800,668.8257
2026-03-09,666.3900,679.9200,662.3900,678.2700,674.6846
2026-03-10,677.7200,683.3600,674.7600,677.1800,673.6003
2026-03-11,677.5800,680.0800,673.3400,676.3300,672.7548
2026-03-12,671.1600,671.6500,665.8700,666.0600,662.5391
2026-03-13,669.2700,672.3400,661.3600,662.2900,658.7890
2026-03-16,668.3800,672.0700,667.1200,669.0300,665.4934
2026-03-17,672.3900,674.4400,669.7000,670.7900,667.2440
2026-03-18,668.3600,669.7200,661.1900,661.4300,657.9335
2026-03-19,656.9700,662.9800,655.1700,659.8000,656.3122
2026-03-20,656.5100,656.6900,644.7200,648.5700,646.9034
2026-03-23,658.0700,662.6200,653.9400,655.3800,653.6959
2026-03-24,651.3200,657.0300,649.8800,653.1800,651.5016
2026-03-25,658.6700,660.8900,654.2400,656.8200,655.1322
2026-03-26,652.0600,654.8500,644.8200,645.0900,643.4324
2026-03-27,642.5000,642.6600,633.1100,634.0900,632.4606
2026-03-30,640.1100,640.3700,629.2800,631.9700,630.3461
2026-03-31,638.9400,651.5400,637.9800,650.3400,648.6689
2026-04-01,653.9000,658.5200,653.0000,655.2400,653.5563
2026-04-02,646.4200,658.2000,645.1100,655.8300,654.1448
2026-04-06,655.8600,659.7200,655.5200,658.9300,657.2368
2026-04-07,656.6500,659.6100,651.0600,659.2200,657.5260
2026-04-08,676.3900,677.0800,671.4600,676.0100,674.2729
2026-04-09,674.8400,681.1600,673.7700,679.9100,678.1628
2026-04-10,681.3200,682.0300,678.4500,679.4600,677.7141
2026-04-13,677.4100,686.3000,676.5800,686.1000,684.3370
2026-04-14,687.6900,694.5800,687.6600,694.4600,692.6755
2026-04-15,695.2600,700.2800,694.2000,699.9400,698.1414
2026-04-16,701.0600,702.7800,698.5300,701.6600,699.8570
2026-04-17,706.1400,712.3900,705.7600,710.1400,708.3152
2026-04-20,708.7800,709.9100,706.1400,708.7200,706.8988
2026-04-21,710.2800,711.2800,702.6400,704.0800,702.2708
2026-04-22,709.1500,711.4500,708.2200,711.2100,709.3825
2026-04-23,709.5000,712.3600,702.2800,708.4500,706.6296
2026-04-24,710.7500,714.4700,709.0100,713.9400,712.1055
2026-04-27,713.1700,715.6300,712.3000,715.1700,713.3323
2026-04-28,711.8200,712.8800,709.2500,711.6900,709.8612
2026-04-29,711.0000,712.2000,708.3700,711.5800,709.7515
2026-04-30,714.6300,719.7900,710.4500,718.6600,716.8133
2026-05-01,721.2500,724.8700,720.4700,720.6500,718.7982
2026-05-04,720.0700,722.1200,714.9900,718.0100,716.1650
2026-05-05,721.7700,725.0400,721.4900,723.7700,721.9102
2026-05-06,728.1600,734.5900,727.8200,733.8300,731.9443
2026-05-07,735.0500,736.1300,729.7500,731.5800,729.7001
2026-05-08,734.9300,738.0800,734.5700,737.6200,735.7246
2026-05-11,736.4500,740.7900,736.4500,739.3000,737.4003
2026-05-12,736.8900,738.8400,731.8300,738.1800,736.2831
2026-05-13,738.4700,743.9100,735.4700,742.3100,740.4025
2026-05-14,743.6500,749.5300,743.5600,748.1700,746.2475
2026-05-15,741.7900,743.4600,737.9600,739.1700,737.2706
2026-05-18,739.8300,741.4200,733.3900,738.6500,736.7520
2026-05-19,734.7800,737.6500,731.5300,733.7300,731.8446
2026-05-20,735.7100,741.8700,733.8900,741.2500,739.3453
2026-05-21,738.6400,744.8700,737.0300,742.7200,740.8115
2026-05-22,746.2400,748.9400,744.4800,745.6400,743.7240
2026-05-26,750.0100,752.1300,748.3700,750.5900,748.6613
2026-05-27,750.8800,751.3800,748.2200,750.4600,748.5316
2026-05-28,750.2500,755.1500,749.2300,754.6000,752.6609
2026-05-29,755.9000,758.0800,754.6900,756.4800,754.5361
2026-06-01,755.3600,760.2800,754.6900,758.5400,756.5908
2026-06-02,757.0300,760.4000,756.7500,759.5700,757.6182
2026-06-03,758.1500,758.8000,753.5700,754.2400,752.3019
2026-06-04,752.1000,758.3100,751.4700,757.0900,755.1446
2026-06-05,752.3100,752.8200,735.5300,737.5500,735.6548
2026-06-08,743.3600,745.3400,738.1900,739.2200,737.3204
2026-06-09,743.6300,746.9000,722.5900,737.0500,735.1561
2026-06-10,733.3900,738.3800,725.3300,725.4300,723.5659
2026-06-11,728.7600,740.0000,724.4100,737.7600,735.8643
2026-06-12,740.7100,744.4400,735.0300,741.7500,739.8440
2026-06-15,751.8500,756.6800,751.7600,754.8300,752.8904
2026-06-16,754.5500,755.4400,749.8800,750.3300,748.4020
2026-06-17,751.2900,752.1500,739.2200,740.9600,739.0560
2026-06-18,747.7600,748.2300,743.8600,746.7400,746.7400
2026-06-22,747.7000,750.1800,743.1300,744.3900,744.3900
2026-06-23,733.8100,739.6300,732.3000,733.5800,733.5800
2026-06-24,735.1700,739.9500,730.8400,733.2400,733.2400
2026-06-25,738.9100,739.3700,729.6000,734.3000,734.3000
2026-06-26,728.9500,736.5300,716.5800,728.9900,728.9900
2026-06-29,736.5300,741.5600,732.0900,741.0000,741.0000
2026-06-30,741.2900,748.0200,740.8900,746.7700,746.7700
2026-07-01,745.0000,749.4400,742.3800,745.7600,745.7600
2026-07-02,747.4000,751.3100,740.0300,744.7800,744.7800
2026-07-06,748.7400,752.4100,747.4100,751.2800,751.2800
2026-07-07,750.2200,750.9600,745.2100,747.7100,747.7100
2026-07-08,743.1600,746.1500,739.5100,745.4000,745.4000
2026-07-09,747.3500,751.9700,745.5900,751.7100,751.7100
2026-07-10,752.0500,755.4200,748.1000,754.9500,754.9500
2026-07-13,752.4700,753.9100,748.0000,749.1700,749.1700
2026-07-14,750.9100,753.3400,748.6600,751.8300,751.8300
2026-07-15,754.2400,755.5800,750.2000,754.8100,754.8100
2026-07-16,752.7600,754.5700,747.8800,750.7200,750.7200
2026-07-17,742.0800,747.2900,740.8000,743.2900,743.2900
2026-07-20,747.0600,748.7300,741.5100,742.0900,742.0900
2026-07-21,746.2900,749.0400,744.1800,748.2800,748.2800
2026-07-22,746.6200,750.0200,746.3700,747.4100,747.4100
2026-07-23,739.3700,742.5600,735.2100,738.1800,738.1800
2026-07-24,738.5100,743.7200,737.2900,738.9300,738.9300
2026-07-27,744.9100,745.5300,735.8700,739.0900,739.0900
2026-07-28,739.1900,742.7900,735.9800,740.8600,740.8600
2026-07-29,739.9700,742.6800,729.1000,729.4600,729.4600
2026-07-30,736.0500,742.4500,734.5900,741.6900,741.6900
2026-07-31,744.6800,748.9000,737.6800,747.0300,747.0300
2026-08-03,749.4400,758.5800,748.8000,757.6700,757.6700
2026-08-04,760.6300,773.4100,760.5200,771.3300,771.3300
2026-08-05,775.8500,776.8500,769.5100,769.7900,769.7900
2026-08-06,770.2100,771.8200,767.4600,768.5600,768.5600
2026-08-07,771.0200,773.9200,769.6100,773.2600,773.2600
2026-08-10,772.6000,775.0500,771.6200,773.0300,773.0300
2026-08-11,774.5300,774.6100,769.2000,770.5600,770.5600
2026-08-12,774.7100,774.9000,771.2800,772.4900,772.4900
2026-08-13,774.8700,779.3700,774.1100,777.8800,777.8800
2026-08-14,778.5400,778.8000,775.4300,776.3400,776.3400
2026-08-17,776.1800,776.7800,772.5100,772.6700,772.6700
2026-08-18,768.7000,769.5000,766.9200,767.4500,767.4500
2026-08-19,770.3600,772.4700,768.1000,769.0600,769.0600
2026-08-20,765.9600,768.1500,762.0400,762.6000,762.6000
2026-08-21,766.0500,767.8500,764.1700,765.7200,765.7200
2026-08-24,764.7800,765.2200,762.0800,763.4700,763.4700
2026-08-25,766.1600,766.7800,763.0500,765.9100,765.9100
2026-08-26,764.7300,767.3500,763.9300,766.0800,766.0800
2026-08-27,768.5000,772.3600,767.1600,771.1000,771.1000
2026-08-28,771.7600,775.3000,768.3100,769.3500,769.3500
2026-08-31,767.3300,768.0000,764.7200,767.0500,767.0500
2026-09-01,762.0100,764.6700,759.4800,761.7800,761.7800
2026-09-02,762.4500,766.4300,761.7300,765.1600,765.1600
